-- MySQL dump 10.13  Distrib 5.6.15, for osx10.7 (x86_64)
--
-- Host: dockerhost    Database: mattermost_test
-- ------------------------------------------------------
-- Server version	5.7.13

/*!40101 SET @OLD_CHARACTER_SET_CLIENT=@@CHARACTER_SET_CLIENT */;
/*!40101 SET @OLD_CHARACTER_SET_RESULTS=@@CHARACTER_SET_RESULTS */;
/*!40101 SET @OLD_COLLATION_CONNECTION=@@COLLATION_CONNECTION */;
/*!40101 SET NAMES utf8 */;
/*!40103 SET @OLD_TIME_ZONE=@@TIME_ZONE */;
/*!40103 SET TIME_ZONE='+00:00' */;
/*!40014 SET @OLD_UNIQUE_CHECKS=@@UNIQUE_CHECKS, UNIQUE_CHECKS=0 */;
/*!40014 SET @OLD_FOREIGN_KEY_CHECKS=@@FOREIGN_KEY_CHECKS, FOREIGN_KEY_CHECKS=0 */;
/*!40101 SET @OLD_SQL_MODE=@@SQL_MODE, SQL_MODE='NO_AUTO_VALUE_ON_ZERO' */;
/*!40111 SET @OLD_SQL_NOTES=@@SQL_NOTES, SQL_NOTES=0 */;

--
-- Table structure for table `Audits`
--

DROP TABLE IF EXISTS `Audits`;
/*!40101 SET @saved_cs_client     = @@character_set_client */;
/*!40101 SET character_set_client = utf8 */;
CREATE TABLE `Audits` (
  `Id` varchar(26) NOT NULL,
  `CreateAt` bigint(20) DEFAULT NULL,
  `UserId` varchar(26) DEFAULT NULL,
  `Action` text,
  `ExtraInfo` text,
  `IpAddress` varchar(64) DEFAULT NULL,
  `SessionId` varchar(26) DEFAULT NULL,
  PRIMARY KEY (`Id`),
  KEY `idx_audits_user_id` (`UserId`)
) ENGINE=InnoDB DEFAULT CHARSET=utf8mb4;
/*!40101 SET character_set_client = @saved_cs_client */;

--
-- Dumping data for table `Audits`
--

LOCK TABLES `Audits` WRITE;
/*!40000 ALTER TABLE `Audits` DISABLE KEYS */;
INSERT INTO `Audits` VALUES ('36caje95fpy67geynhiz9yttmo',1513633666732,'wjmu6z8dnjru7fdqs4npg4q6mw','/api/v4/users/login','attempt - login_id=','::1',''),('5f4nea5s4fnepxaa681gzb4m7c',1513633973232,'','/api/v4/users/login','attempt - login_id=test@test.com','127.0.0.1',''),('5n6q7stqqbb97ffxz7zhx8xj5e',1513633935963,'wjmu6z8dnjru7fdqs4npg4q6mw','/api/v4/channels','name=testprivatechannel2','::1','n5i5z91rqfrdzbxpbo6wxirisw'),('7935q5zqa7ns88sxrb7ggfzsrw',1513633731417,'wjmu6z8dnjru7fdqs4npg4q6mw','/api/v4/channels','name=start','::1','n5i5z91rqfrdzbxpbo6wxirisw'),('9e7adkxu638amrmex6ycuco3ta',1513633666818,'wjmu6z8dnjru7fdqs4npg4q6mw','/api/v4/users/login','success','::1',''),('b93bia8uzjyw7gwnqqmua9w3nr',1513633973317,'wjmu6z8dnjru7fdqs4npg4q6mw','/api/v4/users/login','success','127.0.0.1',''),('bh81uk64ciguifdf4tb1wkx5jc',1513633647594,'','/api/v4/users/logout','','127.0.0.1',''),('c6j7dygkqpypmqj9u397uuwqyr',1513633666814,'wjmu6z8dnjru7fdqs4npg4q6mw','/api/v4/users/login','authenticated','::1',''),('ddgqm5wtcbnb5xzog5qfsuyxuo',1513633647618,'','/api/v4/users/logout','','127.0.0.1',''),('irwsj78on3rtpckze7wr6jcire',1513633650939,'','/api/v4/users/logout','','::1',''),('kmyykbp1zfygdyo8c7ztgefkih',1513633647607,'','/api/v4/users/logout','','127.0.0.1',''),('m8oyy48pkf87xb1fy5sw5fs8hy',1513633944963,'wjmu6z8dnjru7fdqs4npg4q6mw','/api/v4/channels','name=testprivatechannel2','::1','n5i5z91rqfrdzbxpbo6wxirisw'),('qi1wcapqctd99m5fjo1p5fynbc',1513633942562,'wjmu6z8dnjru7fdqs4npg4q6mw','/api/v4/channels','name=testprivatechannel1','::1','n5i5z91rqfrdzbxpbo6wxirisw'),('rffxtbdq3pdy88kwwwcmjkt4ih',1513633651120,'','/api/v4/users/logout','','::1',''),('rypn8mhjn3yp7e8jnx8bmkathh',1513633973313,'wjmu6z8dnjru7fdqs4npg4q6mw','/api/v4/users/login','authenticated','127.0.0.1',''),('s73jcspx17nizqu178ace15uoh',1513633741096,'wjmu6z8dnjru7fdqs4npg4q6mw','/api/v4/channels/eehzyiiddirpzboubbmm3s5b6r/patch','','::1','n5i5z91rqfrdzbxpbo6wxirisw'),('taqrcrwqj7bhxeq5915jnkfpcr',1513633646976,'','/api/v4/users/logout','','127.0.0.1',''),('ubwryba1ttr8xe8tt1rbpi9wse',1513633783605,'wjmu6z8dnjru7fdqs4npg4q6mw','/api/v4/channels','name=end','::1','n5i5z91rqfrdzbxpbo6wxirisw'),('ugk7acis1pdrpekswfkw3s9wke',1513633932360,'wjmu6z8dnjru7fdqs4npg4q6mw','/api/v4/channels','name=testprivatechannel1','::1','n5i5z91rqfrdzbxpbo6wxirisw'),('wihnez4b4i8q7yhpbw4ntbjqma',1513633647600,'','/api/v4/users/logout','','127.0.0.1',''),('wzqrnqgtypf6intt3bwu36haiy',1513633647151,'','/api/v4/users/logout','','127.0.0.1',''),('y44xujea4j8kbmgkswzh4q8bre',1513633647613,'','/api/v4/users/logout','','127.0.0.1',''),('ybbhz3r7np8fm81mjx4imns5da',1513633647623,'','/api/v4/users/logout','','127.0.0.1','');
/*!40000 ALTER TABLE `Audits` ENABLE KEYS */;
UNLOCK TABLES;

--
-- Table structure for table `ChannelMemberHistory`
--

DROP TABLE IF EXISTS `ChannelMemberHistory`;
/*!40101 SET @saved_cs_client     = @@character_set_client */;
/*!40101 SET character_set_client = utf8 */;
CREATE TABLE `ChannelMemberHistory` (
  `ChannelId` varchar(26) NOT NULL,
  `UserId` varchar(26) NOT NULL,
  `Email` varchar(255) DEFAULT NULL,
  `JoinTime` bigint(20) NOT NULL,
  `LeaveTime` bigint(20) DEFAULT NULL,
  PRIMARY KEY (`ChannelId`,`UserId`,`JoinTime`)
) ENGINE=InnoDB DEFAULT CHARSET=utf8mb4;
/*!40101 SET character_set_client = @saved_cs_client */;

--
-- Dumping data for table `ChannelMemberHistory`
--

LOCK TABLES `ChannelMemberHistory` WRITE;
/*!40000 ALTER TABLE `ChannelMemberHistory` DISABLE KEYS */;
INSERT INTO `ChannelMemberHistory` VALUES ('5hwo1tg5s38f5fwfoza6rgekey','wjmu6z8dnjru7fdqs4npg4q6mw','',1513633944957,NULL),('b3zym97zupfebktyzm67keu1uo','fjxhag4eq3bzmnb8tjbetkjxbr','',1513633910792,NULL),('b3zym97zupfebktyzm67keu1uo','nh7itdi3wfbdpnkoeewgtrqbjr','',1513633910797,NULL),('b3zym97zupfebktyzm67keu1uo','s6f1jsodxjbm8x13th1i6reqyh','',1513633910786,NULL),('b3zym97zupfebktyzm67keu1uo','wjmu6z8dnjru7fdqs4npg4q6mw','',1513633910806,NULL),('bqx6t95xkpgumbw91ipjy3c44w','dto6rnho378jumfr14w8bqbqeh','',1513633915533,NULL),('bqx6t95xkpgumbw91ipjy3c44w','f4ppnmx5eibj5fweiikcezfcrw','',1513633915527,NULL),('bqx6t95xkpgumbw91ipjy3c44w','nh7itdi3wfbdpnkoeewgtrqbjr','',1513633915521,NULL),('bqx6t95xkpgumbw91ipjy3c44w','szuruerm67nrfqut3tc4kqkqkh','',1513633915515,NULL),('bqx6t95xkpgumbw91ipjy3c44w','wjmu6z8dnjru7fdqs4npg4q6mw','',1513633915547,NULL),('bqx6t95xkpgumbw91ipjy3c44w','xcff6oze33frzfopbhm18874ar','',1513633915538,NULL),('eehzyiiddirpzboubbmm3s5b6r','wjmu6z8dnjru7fdqs4npg4q6mw','',1513633731410,NULL),('ffpa7wtmy3b75nsmq91q8de7nh','wjmu6z8dnjru7fdqs4npg4q6mw','',1513633783596,NULL),('ht89p63tybydbfygqryd5ducfc','18mkgjuurp819jaaa67hhoyikr','',1513633704742,NULL),('ht89p63tybydbfygqryd5ducfc','31rru4f7opfdiji5hioxk59obw','',1513633708901,NULL),('ht89p63tybydbfygqryd5ducfc','3cempqqzcpns8yzz8w9x4iguzc','',1513633706437,NULL),('ht89p63tybydbfygqryd5ducfc','3mdfpg63cigd8ryxjxstt4prrw','',1513633705056,NULL),('ht89p63tybydbfygqryd5ducfc','4regykcf4ifouki1wfbiyb8stw','',1513633709976,NULL),('ht89p63tybydbfygqryd5ducfc','5ketnsjrgfr88ydf1i6gtcgcro','',1513633707849,NULL),('ht89p63tybydbfygqryd5ducfc','5rxm7qkem3y8fmsfruo6ajz48c','',1513633706744,NULL),('ht89p63tybydbfygqryd5ducfc','7j3qg5nzffbz9bnenoji3a83ha','',1513633709698,NULL),('ht89p63tybydbfygqryd5ducfc','7ouxha1pwpb3ieecmwiedhymih','',1513633704446,NULL),('ht89p63tybydbfygqryd5ducfc','867xmq6wcpbuzcpibnjha3n8eo','',1513633705691,NULL),('ht89p63tybydbfygqryd5ducfc','8z7esgm6xpdwdxo1ntk3saah6y','',1513633704891,NULL),('ht89p63tybydbfygqryd5ducfc','9ja9qsyibigkjfuwb7ot5w5cey','',1513633707575,NULL),('ht89p63tybydbfygqryd5ducfc','btqmoens1tbs3xirhmuzmde93h','',1513633705839,NULL),('ht89p63tybydbfygqryd5ducfc','c81kr6q4epdp8y78dphxgtfy8a','',1513633709170,NULL),('ht89p63tybydbfygqryd5ducfc','cejpxaryz3yi8p4b79hop4bsoh','',1513633709301,NULL),('ht89p63tybydbfygqryd5ducfc','d7iwbi9akiyy8pritwwaqg7qyy','',1513633704297,NULL),('ht89p63tybydbfygqryd5ducfc','dto6rnho378jumfr14w8bqbqeh','',1513633708247,NULL),('ht89p63tybydbfygqryd5ducfc','e1un6gcpjbn6txpcfpgtuqgbka','',1513633708373,NULL),('ht89p63tybydbfygqryd5ducfc','f4ppnmx5eibj5fweiikcezfcrw','',1513633707442,NULL),('ht89p63tybydbfygqryd5ducfc','fbyz17531bynfq66somfhuuofr','',1513633708770,NULL),('ht89p63tybydbfygqryd5ducfc','fjxhag4eq3bzmnb8tjbetkjxbr','',1513633709033,NULL),('ht89p63tybydbfygqryd5ducfc','g833cud6k3bc9nce7wgmj7mtpa','',1513633706293,NULL),('ht89p63tybydbfygqryd5ducfc','ge953sbnu7ropjpj9u3khjtm5e','',1513633703973,NULL),('ht89p63tybydbfygqryd5ducfc','h9drm8pze3rhfr8yynaoe5kd4a','',1513633706133,NULL),('ht89p63tybydbfygqryd5ducfc','ijh3wp7pcjbyzmmyuf6bc7xxsa','',1513633705224,NULL),('ht89p63tybydbfygqryd5ducfc','k35cwhf35t8a5cfig6bhdh8zty','',1513633703019,NULL),('ht89p63tybydbfygqryd5ducfc','k9rcst5mhfymdnghuiae6kxtzh','',1513633708508,NULL),('ht89p63tybydbfygqryd5ducfc','khd9m7xss7bctjpfxqko9sujcw','',1513633707980,NULL),('ht89p63tybydbfygqryd5ducfc','kuxdxrapa7redcmgh4d4xj8pew','',1513633703815,NULL),('ht89p63tybydbfygqryd5ducfc','mzgiaikzs3drdykhk3xbzhumja','',1513633708641,NULL),('ht89p63tybydbfygqryd5ducfc','nbns3pdy1pnijmqh3iiiyyq9qr','',1513633703177,NULL),('ht89p63tybydbfygqryd5ducfc','nh7itdi3wfbdpnkoeewgtrqbjr','',1513633705985,NULL),('ht89p63tybydbfygqryd5ducfc','o6jmug1fppb1zgzj48b85zc6se','',1513633705387,NULL),('ht89p63tybydbfygqryd5ducfc','s6f1jsodxjbm8x13th1i6reqyh','',1513633706897,NULL),('ht89p63tybydbfygqryd5ducfc','s6p9yxjk3prtzf5dy6kp8aj55w','',1513633703644,NULL),('ht89p63tybydbfygqryd5ducfc','sqhg4ci1mtbdjyswyikjhtmrph','',1513633708115,NULL),('ht89p63tybydbfygqryd5ducfc','szuruerm67nrfqut3tc4kqkqkh','',1513633707301,NULL),('ht89p63tybydbfygqryd5ducfc','tgh3feoiefgr5qb3u4y4ruxk7o','',1513633709831,NULL),('ht89p63tybydbfygqryd5ducfc','tgiijcm54pbpiek81ac38qhzwh','',1513633706601,NULL),('ht89p63tybydbfygqryd5ducfc','uxk6qatygty5mmxysip6t79i5w','',1513633707032,NULL),('ht89p63tybydbfygqryd5ducfc','uxycdhy41fy4ubaxozoaxergar','',1513633705541,NULL),('ht89p63tybydbfygqryd5ducfc','wagc85qtnj8mmftzbkpdqcpwxo','',1513633704137,NULL),('ht89p63tybydbfygqryd5ducfc','wgf1kcoqk7bbf841jnnmagi15h','',1513633707718,NULL),('ht89p63tybydbfygqryd5ducfc','wjmu6z8dnjru7fdqs4npg4q6mw','',1513633671431,NULL),('ht89p63tybydbfygqryd5ducfc','wsu1cqh96fryzpexkfg586n53h','',1513633707162,NULL),('ht89p63tybydbfygqryd5ducfc','wx5ft3wcbtgiugsypwmwtz691a','',1513633709562,NULL),('ht89p63tybydbfygqryd5ducfc','xcff6oze33frzfopbhm18874ar','',1513633704596,NULL),('ht89p63tybydbfygqryd5ducfc','yk1akm3i57d4uxr7a1gwo7ug1r','',1513633703475,NULL),('ht89p63tybydbfygqryd5ducfc','yu9psb8yrirndbhixeisuj9ydh','',1513633709431,NULL),('ht89p63tybydbfygqryd5ducfc','za7miy1fdjf5ufp9o5bc7dzywe','',1513633703323,NULL),('i4ju9owhobrtdxcspjncogphcc','wjmu6z8dnjru7fdqs4npg4q6mw','',1513633932351,NULL),('porsuwba7bgz8nb1xcmjm9gxjc','wjmu6z8dnjru7fdqs4npg4q6mw','',1513633853053,NULL),('q35p8h6cutfmbqtn4yyxmxd13r','wjmu6z8dnjru7fdqs4npg4q6mw','',1513633942553,NULL),('wjb8nt4mriy3fcp6ycyyaecwew','18mkgjuurp819jaaa67hhoyikr','',1513633704757,NULL),('wjb8nt4mriy3fcp6ycyyaecwew','31rru4f7opfdiji5hioxk59obw','',1513633708915,NULL),('wjb8nt4mriy3fcp6ycyyaecwew','3cempqqzcpns8yzz8w9x4iguzc','',1513633706452,NULL),('wjb8nt4mriy3fcp6ycyyaecwew','3mdfpg63cigd8ryxjxstt4prrw','',1513633705088,NULL),('wjb8nt4mriy3fcp6ycyyaecwew','4regykcf4ifouki1wfbiyb8stw','',1513633709995,NULL),('wjb8nt4mriy3fcp6ycyyaecwew','5ketnsjrgfr88ydf1i6gtcgcro','',1513633707861,NULL),('wjb8nt4mriy3fcp6ycyyaecwew','5rxm7qkem3y8fmsfruo6ajz48c','',1513633706762,NULL),('wjb8nt4mriy3fcp6ycyyaecwew','7j3qg5nzffbz9bnenoji3a83ha','',1513633709711,NULL),('wjb8nt4mriy3fcp6ycyyaecwew','7ouxha1pwpb3ieecmwiedhymih','',1513633704462,NULL),('wjb8nt4mriy3fcp6ycyyaecwew','867xmq6wcpbuzcpibnjha3n8eo','',1513633705706,NULL),('wjb8nt4mriy3fcp6ycyyaecwew','8z7esgm6xpdwdxo1ntk3saah6y','',1513633704917,NULL),('wjb8nt4mriy3fcp6ycyyaecwew','9ja9qsyibigkjfuwb7ot5w5cey','',1513633707588,NULL),('wjb8nt4mriy3fcp6ycyyaecwew','btqmoens1tbs3xirhmuzmde93h','',1513633705853,NULL),('wjb8nt4mriy3fcp6ycyyaecwew','c81kr6q4epdp8y78dphxgtfy8a','',1513633709182,NULL),('wjb8nt4mriy3fcp6ycyyaecwew','cejpxaryz3yi8p4b79hop4bsoh','',1513633709314,NULL),('wjb8nt4mriy3fcp6ycyyaecwew','d7iwbi9akiyy8pritwwaqg7qyy','',1513633704312,NULL),('wjb8nt4mriy3fcp6ycyyaecwew','dto6rnho378jumfr14w8bqbqeh','',1513633708258,NULL),('wjb8nt4mriy3fcp6ycyyaecwew','e1un6gcpjbn6txpcfpgtuqgbka','',1513633708385,NULL),('wjb8nt4mriy3fcp6ycyyaecwew','f4ppnmx5eibj5fweiikcezfcrw','',1513633707455,NULL),('wjb8nt4mriy3fcp6ycyyaecwew','fbyz17531bynfq66somfhuuofr','',1513633708782,NULL),('wjb8nt4mriy3fcp6ycyyaecwew','fjxhag4eq3bzmnb8tjbetkjxbr','',1513633709045,NULL),('wjb8nt4mriy3fcp6ycyyaecwew','g833cud6k3bc9nce7wgmj7mtpa','',1513633706309,NULL),('wjb8nt4mriy3fcp6ycyyaecwew','ge953sbnu7ropjpj9u3khjtm5e','',1513633703991,NULL),('wjb8nt4mriy3fcp6ycyyaecwew','h9drm8pze3rhfr8yynaoe5kd4a','',1513633706149,NULL),('wjb8nt4mriy3fcp6ycyyaecwew','ijh3wp7pcjbyzmmyuf6bc7xxsa','',1513633705243,NULL),('wjb8nt4mriy3fcp6ycyyaecwew','k35cwhf35t8a5cfig6bhdh8zty','',1513633703034,NULL),('wjb8nt4mriy3fcp6ycyyaecwew','k9rcst5mhfymdnghuiae6kxtzh','',1513633708521,NULL),('wjb8nt4mriy3fcp6ycyyaecwew','khd9m7xss7bctjpfxqko9sujcw','',1513633707993,NULL),('wjb8nt4mriy3fcp6ycyyaecwew','kuxdxrapa7redcmgh4d4xj8pew','',1513633703835,NULL),('wjb8nt4mriy3fcp6ycyyaecwew','mzgiaikzs3drdykhk3xbzhumja','',1513633708653,NULL),('wjb8nt4mriy3fcp6ycyyaecwew','nbns3pdy1pnijmqh3iiiyyq9qr','',1513633703197,NULL),('wjb8nt4mriy3fcp6ycyyaecwew','nh7itdi3wfbdpnkoeewgtrqbjr','',1513633706000,NULL),('wjb8nt4mriy3fcp6ycyyaecwew','o6jmug1fppb1zgzj48b85zc6se','',1513633705404,NULL),('wjb8nt4mriy3fcp6ycyyaecwew','s6f1jsodxjbm8x13th1i6reqyh','',1513633706911,NULL),('wjb8nt4mriy3fcp6ycyyaecwew','s6p9yxjk3prtzf5dy6kp8aj55w','',1513633703666,NULL),('wjb8nt4mriy3fcp6ycyyaecwew','sqhg4ci1mtbdjyswyikjhtmrph','',1513633708127,NULL),('wjb8nt4mriy3fcp6ycyyaecwew','szuruerm67nrfqut3tc4kqkqkh','',1513633707316,NULL),('wjb8nt4mriy3fcp6ycyyaecwew','tgh3feoiefgr5qb3u4y4ruxk7o','',1513633709844,NULL),('wjb8nt4mriy3fcp6ycyyaecwew','tgiijcm54pbpiek81ac38qhzwh','',1513633706616,NULL),('wjb8nt4mriy3fcp6ycyyaecwew','uxk6qatygty5mmxysip6t79i5w','',1513633707044,NULL),('wjb8nt4mriy3fcp6ycyyaecwew','uxycdhy41fy4ubaxozoaxergar','',1513633705557,NULL),('wjb8nt4mriy3fcp6ycyyaecwew','wagc85qtnj8mmftzbkpdqcpwxo','',1513633704156,NULL),('wjb8nt4mriy3fcp6ycyyaecwew','wgf1kcoqk7bbf841jnnmagi15h','',1513633707729,NULL),('wjb8nt4mriy3fcp6ycyyaecwew','wjmu6z8dnjru7fdqs4npg4q6mw','',1513633671450,NULL),('wjb8nt4mriy3fcp6ycyyaecwew','wsu1cqh96fryzpexkfg586n53h','',1513633707175,NULL),('wjb8nt4mriy3fcp6ycyyaecwew','wx5ft3wcbtgiugsypwmwtz691a','',1513633709574,NULL),('wjb8nt4mriy3fcp6ycyyaecwew','xcff6oze33frzfopbhm18874ar','',1513633704610,NULL),('wjb8nt4mriy3fcp6ycyyaecwew','yk1akm3i57d4uxr7a1gwo7ug1r','',1513633703493,NULL),('wjb8nt4mriy3fcp6ycyyaecwew','yu9psb8yrirndbhixeisuj9ydh','',1513633709444,NULL),('wjb8nt4mriy3fcp6ycyyaecwew','za7miy1fdjf5ufp9o5bc7dzywe','',1513633703337,NULL),('wuss4sb6abdzfnyrtwj5y4jbhh','wjmu6z8dnjru7fdqs4npg4q6mw','',1513633935956,NULL),('ysqgmpqa7bd8xr5ppdrwqcbj1o','wjmu6z8dnjru7fdqs4npg4q6mw','',1513633853078,NULL);
/*!40000 ALTER TABLE `ChannelMemberHistory` ENABLE KEYS */;
UNLOCK TABLES;

--
-- Table structure for table `ChannelMembers`
--

DROP TABLE IF EXISTS `ChannelMembers`;
/*!40101 SET @saved_cs_client     = @@character_set_client */;
/*!40101 SET character_set_client = utf8 */;
CREATE TABLE `ChannelMembers` (
  `ChannelId` varchar(26) NOT NULL,
  `UserId` varchar(26) NOT NULL,
  `Roles` varchar(64) DEFAULT NULL,
  `LastViewedAt` bigint(20) DEFAULT NULL,
  `MsgCount` bigint(20) DEFAULT NULL,
  `MentionCount` bigint(20) DEFAULT NULL,
  `NotifyProps` text,
  `LastUpdateAt` bigint(20) DEFAULT NULL,
  PRIMARY KEY (`ChannelId`,`UserId`),
  KEY `idx_channelmembers_channel_id` (`ChannelId`),
  KEY `idx_channelmembers_user_id` (`UserId`)
) ENGINE=InnoDB DEFAULT CHARSET=utf8mb4;
/*!40101 SET character_set_client = @saved_cs_client */;

--
-- Dumping data for table `ChannelMembers`
--

LOCK TABLES `ChannelMembers` WRITE;
/*!40000 ALTER TABLE `ChannelMembers` DISABLE KEYS */;
INSERT INTO `ChannelMembers` VALUES ('3fomfsa8sbfi7k4wnoa7ig4rhr','4regykcf4ifouki1wfbiyb8stw','channel_user',0,0,0,'{\"desktop\":\"default\",\"email\":\"default\",\"mark_unread\":\"all\",\"push\":\"default\"}',1513633921196),('3fomfsa8sbfi7k4wnoa7ig4rhr','wjmu6z8dnjru7fdqs4npg4q6mw','channel_user',0,0,0,'{\"desktop\":\"default\",\"email\":\"default\",\"mark_unread\":\"all\",\"push\":\"default\"}',0),('4tqx1ha5qbfj5mqhnqsxqawj7e','s6f1jsodxjbm8x13th1i6reqyh','channel_user',0,0,0,'{\"desktop\":\"default\",\"email\":\"default\",\"mark_unread\":\"all\",\"push\":\"default\"}',1513633908286),('4tqx1ha5qbfj5mqhnqsxqawj7e','wjmu6z8dnjru7fdqs4npg4q6mw','channel_user',0,0,0,'{\"desktop\":\"default\",\"email\":\"default\",\"mark_unread\":\"all\",\"push\":\"default\"}',0),('5hwo1tg5s38f5fwfoza6rgekey','wjmu6z8dnjru7fdqs4npg4q6mw','channel_user channel_admin',1513633944959,0,0,'{\"desktop\":\"default\",\"email\":\"default\",\"mark_unread\":\"all\",\"push\":\"default\"}',1513633944959),('5rnhui1p1pybxnjd5aaffrataw','7j3qg5nzffbz9bnenoji3a83ha','channel_user',0,0,0,'{\"desktop\":\"default\",\"email\":\"default\",\"mark_unread\":\"all\",\"push\":\"default\"}',1513633906225),('5rnhui1p1pybxnjd5aaffrataw','wjmu6z8dnjru7fdqs4npg4q6mw','channel_user',0,0,0,'{\"desktop\":\"default\",\"email\":\"default\",\"mark_unread\":\"all\",\"push\":\"default\"}',0),('9p7m5fwabbd5jchombeh19jsde','18mkgjuurp819jaaa67hhoyikr','channel_user',0,0,0,'{\"desktop\":\"default\",\"email\":\"default\",\"mark_unread\":\"all\",\"push\":\"default\"}',1513633902056),('9p7m5fwabbd5jchombeh19jsde','wjmu6z8dnjru7fdqs4npg4q6mw','channel_user',0,0,0,'{\"desktop\":\"default\",\"email\":\"default\",\"mark_unread\":\"all\",\"push\":\"default\"}',0),('b3zym97zupfebktyzm67keu1uo','fjxhag4eq3bzmnb8tjbetkjxbr','channel_user',0,0,0,'{\"desktop\":\"default\",\"email\":\"default\",\"mark_unread\":\"all\",\"push\":\"default\"}',1513633910788),('b3zym97zupfebktyzm67keu1uo','nh7itdi3wfbdpnkoeewgtrqbjr','channel_user',0,0,0,'{\"desktop\":\"default\",\"email\":\"default\",\"mark_unread\":\"all\",\"push\":\"default\"}',1513633910794),('b3zym97zupfebktyzm67keu1uo','s6f1jsodxjbm8x13th1i6reqyh','channel_user',0,0,0,'{\"desktop\":\"default\",\"email\":\"default\",\"mark_unread\":\"all\",\"push\":\"default\"}',1513633910783),('b3zym97zupfebktyzm67keu1uo','wjmu6z8dnjru7fdqs4npg4q6mw','channel_user',0,0,0,'{\"desktop\":\"default\",\"email\":\"default\",\"mark_unread\":\"all\",\"push\":\"default\"}',0),('bqx6t95xkpgumbw91ipjy3c44w','dto6rnho378jumfr14w8bqbqeh','channel_user',0,0,0,'{\"desktop\":\"default\",\"email\":\"default\",\"mark_unread\":\"all\",\"push\":\"default\"}',1513633915529),('bqx6t95xkpgumbw91ipjy3c44w','f4ppnmx5eibj5fweiikcezfcrw','channel_user',0,0,0,'{\"desktop\":\"default\",\"email\":\"default\",\"mark_unread\":\"all\",\"push\":\"default\"}',1513633915524),('bqx6t95xkpgumbw91ipjy3c44w','nh7itdi3wfbdpnkoeewgtrqbjr','channel_user',0,0,0,'{\"desktop\":\"default\",\"email\":\"default\",\"mark_unread\":\"all\",\"push\":\"default\"}',1513633915518),('bqx6t95xkpgumbw91ipjy3c44w','szuruerm67nrfqut3tc4kqkqkh','channel_user',0,0,0,'{\"desktop\":\"default\",\"email\":\"default\",\"mark_unread\":\"all\",\"push\":\"default\"}',1513633915512),('bqx6t95xkpgumbw91ipjy3c44w','wjmu6z8dnjru7fdqs4npg4q6mw','channel_user',0,0,0,'{\"desktop\":\"default\",\"email\":\"default\",\"mark_unread\":\"all\",\"push\":\"default\"}',0),('bqx6t95xkpgumbw91ipjy3c44w','xcff6oze33frzfopbhm18874ar','channel_user',0,0,0,'{\"desktop\":\"default\",\"email\":\"default\",\"mark_unread\":\"all\",\"push\":\"default\"}',1513633915535),('eehzyiiddirpzboubbmm3s5b6r','wjmu6z8dnjru7fdqs4npg4q6mw','channel_user channel_admin',1513633751181,101,0,'{\"desktop\":\"default\",\"email\":\"default\",\"mark_unread\":\"all\",\"push\":\"default\"}',1513633751181),('ffpa7wtmy3b75nsmq91q8de7nh','wjmu6z8dnjru7fdqs4npg4q6mw','channel_user channel_admin',1513633790110,100,0,'{\"desktop\":\"default\",\"email\":\"default\",\"mark_unread\":\"all\",\"push\":\"default\"}',1513633790110),('g6b8fkp57fy19bz9a8zmxkdktc','9ja9qsyibigkjfuwb7ot5w5cey','channel_user',0,0,0,'{\"desktop\":\"default\",\"email\":\"default\",\"mark_unread\":\"all\",\"push\":\"default\"}',1513633918314),('g6b8fkp57fy19bz9a8zmxkdktc','wjmu6z8dnjru7fdqs4npg4q6mw','channel_user',0,0,0,'{\"desktop\":\"default\",\"email\":\"default\",\"mark_unread\":\"all\",\"push\":\"default\"}',0),('ht89p63tybydbfygqryd5ducfc','18mkgjuurp819jaaa67hhoyikr','channel_user',0,0,0,'{\"desktop\":\"default\",\"email\":\"default\",\"mark_unread\":\"all\",\"push\":\"default\"}',1513633704738),('ht89p63tybydbfygqryd5ducfc','31rru4f7opfdiji5hioxk59obw','channel_user',0,0,0,'{\"desktop\":\"default\",\"email\":\"default\",\"mark_unread\":\"all\",\"push\":\"default\"}',1513633708899),('ht89p63tybydbfygqryd5ducfc','3cempqqzcpns8yzz8w9x4iguzc','channel_user',0,0,0,'{\"desktop\":\"default\",\"email\":\"default\",\"mark_unread\":\"all\",\"push\":\"default\"}',1513633706434),('ht89p63tybydbfygqryd5ducfc','3mdfpg63cigd8ryxjxstt4prrw','channel_user',0,0,0,'{\"desktop\":\"default\",\"email\":\"default\",\"mark_unread\":\"all\",\"push\":\"default\"}',1513633705053),('ht89p63tybydbfygqryd5ducfc','4regykcf4ifouki1wfbiyb8stw','channel_user',0,0,0,'{\"desktop\":\"default\",\"email\":\"default\",\"mark_unread\":\"all\",\"push\":\"default\"}',1513633709973),('ht89p63tybydbfygqryd5ducfc','5ketnsjrgfr88ydf1i6gtcgcro','channel_user',0,0,0,'{\"desktop\":\"default\",\"email\":\"default\",\"mark_unread\":\"all\",\"push\":\"default\"}',1513633707846),('ht89p63tybydbfygqryd5ducfc','5rxm7qkem3y8fmsfruo6ajz48c','channel_user',0,0,0,'{\"desktop\":\"default\",\"email\":\"default\",\"mark_unread\":\"all\",\"push\":\"default\"}',1513633706740),('ht89p63tybydbfygqryd5ducfc','7j3qg5nzffbz9bnenoji3a83ha','channel_user',0,0,0,'{\"desktop\":\"default\",\"email\":\"default\",\"mark_unread\":\"all\",\"push\":\"default\"}',1513633709695),('ht89p63tybydbfygqryd5ducfc','7ouxha1pwpb3ieecmwiedhymih','channel_user',0,0,0,'{\"desktop\":\"default\",\"email\":\"default\",\"mark_unread\":\"all\",\"push\":\"default\"}',1513633704442),('ht89p63tybydbfygqryd5ducfc','867xmq6wcpbuzcpibnjha3n8eo','channel_user',0,0,0,'{\"desktop\":\"default\",\"email\":\"default\",\"mark_unread\":\"all\",\"push\":\"default\"}',1513633705688),('ht89p63tybydbfygqryd5ducfc','8z7esgm6xpdwdxo1ntk3saah6y','channel_user',0,0,0,'{\"desktop\":\"default\",\"email\":\"default\",\"mark_unread\":\"all\",\"push\":\"default\"}',1513633704887),('ht89p63tybydbfygqryd5ducfc','9ja9qsyibigkjfuwb7ot5w5cey','channel_user',0,0,0,'{\"desktop\":\"default\",\"email\":\"default\",\"mark_unread\":\"all\",\"push\":\"default\"}',1513633707572),('ht89p63tybydbfygqryd5ducfc','btqmoens1tbs3xirhmuzmde93h','channel_user',0,0,0,'{\"desktop\":\"default\",\"email\":\"default\",\"mark_unread\":\"all\",\"push\":\"default\"}',1513633705835),('ht89p63tybydbfygqryd5ducfc','c81kr6q4epdp8y78dphxgtfy8a','channel_user',0,0,0,'{\"desktop\":\"default\",\"email\":\"default\",\"mark_unread\":\"all\",\"push\":\"default\"}',1513633709168),('ht89p63tybydbfygqryd5ducfc','cejpxaryz3yi8p4b79hop4bsoh','channel_user',0,0,0,'{\"desktop\":\"default\",\"email\":\"default\",\"mark_unread\":\"all\",\"push\":\"default\"}',1513633709298),('ht89p63tybydbfygqryd5ducfc','d7iwbi9akiyy8pritwwaqg7qyy','channel_user',0,0,0,'{\"desktop\":\"default\",\"email\":\"default\",\"mark_unread\":\"all\",\"push\":\"default\"}',1513633704293),('ht89p63tybydbfygqryd5ducfc','dto6rnho378jumfr14w8bqbqeh','channel_user',0,0,0,'{\"desktop\":\"default\",\"email\":\"default\",\"mark_unread\":\"all\",\"push\":\"default\"}',1513633708244),('ht89p63tybydbfygqryd5ducfc','e1un6gcpjbn6txpcfpgtuqgbka','channel_user',0,0,0,'{\"desktop\":\"default\",\"email\":\"default\",\"mark_unread\":\"all\",\"push\":\"default\"}',1513633708370),('ht89p63tybydbfygqryd5ducfc','f4ppnmx5eibj5fweiikcezfcrw','channel_user',0,0,0,'{\"desktop\":\"default\",\"email\":\"default\",\"mark_unread\":\"all\",\"push\":\"default\"}',1513633707439),('ht89p63tybydbfygqryd5ducfc','fbyz17531bynfq66somfhuuofr','channel_user',0,0,0,'{\"desktop\":\"default\",\"email\":\"default\",\"mark_unread\":\"all\",\"push\":\"default\"}',1513633708768),('ht89p63tybydbfygqryd5ducfc','fjxhag4eq3bzmnb8tjbetkjxbr','channel_user',0,0,0,'{\"desktop\":\"default\",\"email\":\"default\",\"mark_unread\":\"all\",\"push\":\"default\"}',1513633709030),('ht89p63tybydbfygqryd5ducfc','g833cud6k3bc9nce7wgmj7mtpa','channel_user',0,0,0,'{\"desktop\":\"default\",\"email\":\"default\",\"mark_unread\":\"all\",\"push\":\"default\"}',1513633706290),('ht89p63tybydbfygqryd5ducfc','ge953sbnu7ropjpj9u3khjtm5e','channel_user',0,0,0,'{\"desktop\":\"default\",\"email\":\"default\",\"mark_unread\":\"all\",\"push\":\"default\"}',1513633703969),('ht89p63tybydbfygqryd5ducfc','h9drm8pze3rhfr8yynaoe5kd4a','channel_user',0,0,0,'{\"desktop\":\"default\",\"email\":\"default\",\"mark_unread\":\"all\",\"push\":\"default\"}',1513633706129),('ht89p63tybydbfygqryd5ducfc','ijh3wp7pcjbyzmmyuf6bc7xxsa','channel_user',0,0,0,'{\"desktop\":\"default\",\"email\":\"default\",\"mark_unread\":\"all\",\"push\":\"default\"}',1513633705219),('ht89p63tybydbfygqryd5ducfc','k35cwhf35t8a5cfig6bhdh8zty','channel_user',0,0,0,'{\"desktop\":\"default\",\"email\":\"default\",\"mark_unread\":\"all\",\"push\":\"default\"}',1513633703015),('ht89p63tybydbfygqryd5ducfc','k9rcst5mhfymdnghuiae6kxtzh','channel_user',0,0,0,'{\"desktop\":\"default\",\"email\":\"default\",\"mark_unread\":\"all\",\"push\":\"default\"}',1513633708505),('ht89p63tybydbfygqryd5ducfc','khd9m7xss7bctjpfxqko9sujcw','channel_user',0,0,0,'{\"desktop\":\"default\",\"email\":\"default\",\"mark_unread\":\"all\",\"push\":\"default\"}',1513633707977),('ht89p63tybydbfygqryd5ducfc','kuxdxrapa7redcmgh4d4xj8pew','channel_user',0,0,0,'{\"desktop\":\"default\",\"email\":\"default\",\"mark_unread\":\"all\",\"push\":\"default\"}',1513633703810),('ht89p63tybydbfygqryd5ducfc','mzgiaikzs3drdykhk3xbzhumja','channel_user',0,0,0,'{\"desktop\":\"default\",\"email\":\"default\",\"mark_unread\":\"all\",\"push\":\"default\"}',1513633708638),('ht89p63tybydbfygqryd5ducfc','nbns3pdy1pnijmqh3iiiyyq9qr','channel_user',0,0,0,'{\"desktop\":\"default\",\"email\":\"default\",\"mark_unread\":\"all\",\"push\":\"default\"}',1513633703175),('ht89p63tybydbfygqryd5ducfc','nh7itdi3wfbdpnkoeewgtrqbjr','channel_user',0,0,0,'{\"desktop\":\"default\",\"email\":\"default\",\"mark_unread\":\"all\",\"push\":\"default\"}',1513633705982),('ht89p63tybydbfygqryd5ducfc','o6jmug1fppb1zgzj48b85zc6se','channel_user',0,0,0,'{\"desktop\":\"default\",\"email\":\"default\",\"mark_unread\":\"all\",\"push\":\"default\"}',1513633705384),('ht89p63tybydbfygqryd5ducfc','s6f1jsodxjbm8x13th1i6reqyh','channel_user',0,0,0,'{\"desktop\":\"default\",\"email\":\"default\",\"mark_unread\":\"all\",\"push\":\"default\"}',1513633706894),('ht89p63tybydbfygqryd5ducfc','s6p9yxjk3prtzf5dy6kp8aj55w','channel_user',0,0,0,'{\"desktop\":\"default\",\"email\":\"default\",\"mark_unread\":\"all\",\"push\":\"default\"}',1513633703640),('ht89p63tybydbfygqryd5ducfc','sqhg4ci1mtbdjyswyikjhtmrph','channel_user',0,0,0,'{\"desktop\":\"default\",\"email\":\"default\",\"mark_unread\":\"all\",\"push\":\"default\"}',1513633708112),('ht89p63tybydbfygqryd5ducfc','szuruerm67nrfqut3tc4kqkqkh','channel_user',0,0,0,'{\"desktop\":\"default\",\"email\":\"default\",\"mark_unread\":\"all\",\"push\":\"default\"}',1513633707298),('ht89p63tybydbfygqryd5ducfc','tgh3feoiefgr5qb3u4y4ruxk7o','channel_user',0,0,0,'{\"desktop\":\"default\",\"email\":\"default\",\"mark_unread\":\"all\",\"push\":\"default\"}',1513633709828),('ht89p63tybydbfygqryd5ducfc','tgiijcm54pbpiek81ac38qhzwh','channel_user',0,0,0,'{\"desktop\":\"default\",\"email\":\"default\",\"mark_unread\":\"all\",\"push\":\"default\"}',1513633706596),('ht89p63tybydbfygqryd5ducfc','uxk6qatygty5mmxysip6t79i5w','channel_user',0,0,0,'{\"desktop\":\"default\",\"email\":\"default\",\"mark_unread\":\"all\",\"push\":\"default\"}',1513633707028),('ht89p63tybydbfygqryd5ducfc','uxycdhy41fy4ubaxozoaxergar','channel_user',0,0,0,'{\"desktop\":\"default\",\"email\":\"default\",\"mark_unread\":\"all\",\"push\":\"default\"}',1513633705537),('ht89p63tybydbfygqryd5ducfc','wagc85qtnj8mmftzbkpdqcpwxo','channel_user',0,0,0,'{\"desktop\":\"default\",\"email\":\"default\",\"mark_unread\":\"all\",\"push\":\"default\"}',1513633704134),('ht89p63tybydbfygqryd5ducfc','wgf1kcoqk7bbf841jnnmagi15h','channel_user',0,0,0,'{\"desktop\":\"default\",\"email\":\"default\",\"mark_unread\":\"all\",\"push\":\"default\"}',1513633707714),('ht89p63tybydbfygqryd5ducfc','wjmu6z8dnjru7fdqs4npg4q6mw','channel_user channel_admin',1513633709978,50,0,'{\"desktop\":\"default\",\"email\":\"default\",\"mark_unread\":\"all\",\"push\":\"default\"}',1513633709978),('ht89p63tybydbfygqryd5ducfc','wsu1cqh96fryzpexkfg586n53h','channel_user',0,0,0,'{\"desktop\":\"default\",\"email\":\"default\",\"mark_unread\":\"all\",\"push\":\"default\"}',1513633707159),('ht89p63tybydbfygqryd5ducfc','wx5ft3wcbtgiugsypwmwtz691a','channel_user',0,0,0,'{\"desktop\":\"default\",\"email\":\"default\",\"mark_unread\":\"all\",\"push\":\"default\"}',1513633709560),('ht89p63tybydbfygqryd5ducfc','xcff6oze33frzfopbhm18874ar','channel_user',0,0,0,'{\"desktop\":\"default\",\"email\":\"default\",\"mark_unread\":\"all\",\"push\":\"default\"}',1513633704592),('ht89p63tybydbfygqryd5ducfc','yk1akm3i57d4uxr7a1gwo7ug1r','channel_user',0,0,0,'{\"desktop\":\"default\",\"email\":\"default\",\"mark_unread\":\"all\",\"push\":\"default\"}',1513633703470),('ht89p63tybydbfygqryd5ducfc','yu9psb8yrirndbhixeisuj9ydh','channel_user',0,0,0,'{\"desktop\":\"default\",\"email\":\"default\",\"mark_unread\":\"all\",\"push\":\"default\"}',1513633709429),('ht89p63tybydbfygqryd5ducfc','za7miy1fdjf5ufp9o5bc7dzywe','channel_user',0,0,0,'{\"desktop\":\"default\",\"email\":\"default\",\"mark_unread\":\"all\",\"push\":\"default\"}',1513633703318),('i4ju9owhobrtdxcspjncogphcc','wjmu6z8dnjru7fdqs4npg4q6mw','channel_user channel_admin',1513633932354,0,0,'{\"desktop\":\"default\",\"email\":\"default\",\"mark_unread\":\"all\",\"push\":\"default\"}',1513633932354),('porsuwba7bgz8nb1xcmjm9gxjc','wjmu6z8dnjru7fdqs4npg4q6mw','channel_user channel_admin',1513633863428,101,0,'{\"desktop\":\"default\",\"email\":\"default\",\"mark_unread\":\"all\",\"push\":\"default\"}',1513633863428),('q35p8h6cutfmbqtn4yyxmxd13r','wjmu6z8dnjru7fdqs4npg4q6mw','channel_user channel_admin',1513633942557,0,0,'{\"desktop\":\"default\",\"email\":\"default\",\"mark_unread\":\"all\",\"push\":\"default\"}',1513633942557),('wjb8nt4mriy3fcp6ycyyaecwew','18mkgjuurp819jaaa67hhoyikr','channel_user',0,0,0,'{\"desktop\":\"default\",\"email\":\"default\",\"mark_unread\":\"all\",\"push\":\"default\"}',1513633704754),('wjb8nt4mriy3fcp6ycyyaecwew','31rru4f7opfdiji5hioxk59obw','channel_user',0,0,0,'{\"desktop\":\"default\",\"email\":\"default\",\"mark_unread\":\"all\",\"push\":\"default\"}',1513633708912),('wjb8nt4mriy3fcp6ycyyaecwew','3cempqqzcpns8yzz8w9x4iguzc','channel_user',0,0,0,'{\"desktop\":\"default\",\"email\":\"default\",\"mark_unread\":\"all\",\"push\":\"default\"}',1513633706448),('wjb8nt4mriy3fcp6ycyyaecwew','3mdfpg63cigd8ryxjxstt4prrw','channel_user',0,0,0,'{\"desktop\":\"default\",\"email\":\"default\",\"mark_unread\":\"all\",\"push\":\"default\"}',1513633705082),('wjb8nt4mriy3fcp6ycyyaecwew','4regykcf4ifouki1wfbiyb8stw','channel_user',0,0,0,'{\"desktop\":\"default\",\"email\":\"default\",\"mark_unread\":\"all\",\"push\":\"default\"}',1513633709991),('wjb8nt4mriy3fcp6ycyyaecwew','5ketnsjrgfr88ydf1i6gtcgcro','channel_user',0,0,0,'{\"desktop\":\"default\",\"email\":\"default\",\"mark_unread\":\"all\",\"push\":\"default\"}',1513633707858),('wjb8nt4mriy3fcp6ycyyaecwew','5rxm7qkem3y8fmsfruo6ajz48c','channel_user',0,0,0,'{\"desktop\":\"default\",\"email\":\"default\",\"mark_unread\":\"all\",\"push\":\"default\"}',1513633706758),('wjb8nt4mriy3fcp6ycyyaecwew','7j3qg5nzffbz9bnenoji3a83ha','channel_user',0,0,0,'{\"desktop\":\"default\",\"email\":\"default\",\"mark_unread\":\"all\",\"push\":\"default\"}',1513633709708),('wjb8nt4mriy3fcp6ycyyaecwew','7ouxha1pwpb3ieecmwiedhymih','channel_user',0,0,0,'{\"desktop\":\"default\",\"email\":\"default\",\"mark_unread\":\"all\",\"push\":\"default\"}',1513633704458),('wjb8nt4mriy3fcp6ycyyaecwew','867xmq6wcpbuzcpibnjha3n8eo','channel_user',0,0,0,'{\"desktop\":\"default\",\"email\":\"default\",\"mark_unread\":\"all\",\"push\":\"default\"}',1513633705702),('wjb8nt4mriy3fcp6ycyyaecwew','8z7esgm6xpdwdxo1ntk3saah6y','channel_user',0,0,0,'{\"desktop\":\"default\",\"email\":\"default\",\"mark_unread\":\"all\",\"push\":\"default\"}',1513633704912),('wjb8nt4mriy3fcp6ycyyaecwew','9ja9qsyibigkjfuwb7ot5w5cey','channel_user',0,0,0,'{\"desktop\":\"default\",\"email\":\"default\",\"mark_unread\":\"all\",\"push\":\"default\"}',1513633707584),('wjb8nt4mriy3fcp6ycyyaecwew','btqmoens1tbs3xirhmuzmde93h','channel_user',0,0,0,'{\"desktop\":\"default\",\"email\":\"default\",\"mark_unread\":\"all\",\"push\":\"default\"}',1513633705850),('wjb8nt4mriy3fcp6ycyyaecwew','c81kr6q4epdp8y78dphxgtfy8a','channel_user',0,0,0,'{\"desktop\":\"default\",\"email\":\"default\",\"mark_unread\":\"all\",\"push\":\"default\"}',1513633709179),('wjb8nt4mriy3fcp6ycyyaecwew','cejpxaryz3yi8p4b79hop4bsoh','channel_user',0,0,0,'{\"desktop\":\"default\",\"email\":\"default\",\"mark_unread\":\"all\",\"push\":\"default\"}',1513633709311),('wjb8nt4mriy3fcp6ycyyaecwew','d7iwbi9akiyy8pritwwaqg7qyy','channel_user',0,0,0,'{\"desktop\":\"default\",\"email\":\"default\",\"mark_unread\":\"all\",\"push\":\"default\"}',1513633704308),('wjb8nt4mriy3fcp6ycyyaecwew','dto6rnho378jumfr14w8bqbqeh','channel_user',0,0,0,'{\"desktop\":\"default\",\"email\":\"default\",\"mark_unread\":\"all\",\"push\":\"default\"}',1513633708256),('wjb8nt4mriy3fcp6ycyyaecwew','e1un6gcpjbn6txpcfpgtuqgbka','channel_user',0,0,0,'{\"desktop\":\"default\",\"email\":\"default\",\"mark_unread\":\"all\",\"push\":\"default\"}',1513633708383),('wjb8nt4mriy3fcp6ycyyaecwew','f4ppnmx5eibj5fweiikcezfcrw','channel_user',0,0,0,'{\"desktop\":\"default\",\"email\":\"default\",\"mark_unread\":\"all\",\"push\":\"default\"}',1513633707451),('wjb8nt4mriy3fcp6ycyyaecwew','fbyz17531bynfq66somfhuuofr','channel_user',0,0,0,'{\"desktop\":\"default\",\"email\":\"default\",\"mark_unread\":\"all\",\"push\":\"default\"}',1513633708779),('wjb8nt4mriy3fcp6ycyyaecwew','fjxhag4eq3bzmnb8tjbetkjxbr','channel_user',0,0,0,'{\"desktop\":\"default\",\"email\":\"default\",\"mark_unread\":\"all\",\"push\":\"default\"}',1513633709042),('wjb8nt4mriy3fcp6ycyyaecwew','g833cud6k3bc9nce7wgmj7mtpa','channel_user',0,0,0,'{\"desktop\":\"default\",\"email\":\"default\",\"mark_unread\":\"all\",\"push\":\"default\"}',1513633706304),('wjb8nt4mriy3fcp6ycyyaecwew','ge953sbnu7ropjpj9u3khjtm5e','channel_user',0,0,0,'{\"desktop\":\"default\",\"email\":\"default\",\"mark_unread\":\"all\",\"push\":\"default\"}',1513633703986),('wjb8nt4mriy3fcp6ycyyaecwew','h9drm8pze3rhfr8yynaoe5kd4a','channel_user',0,0,0,'{\"desktop\":\"default\",\"email\":\"default\",\"mark_unread\":\"all\",\"push\":\"default\"}',1513633706145),('wjb8nt4mriy3fcp6ycyyaecwew','ijh3wp7pcjbyzmmyuf6bc7xxsa','channel_user',0,0,0,'{\"desktop\":\"default\",\"email\":\"default\",\"mark_unread\":\"all\",\"push\":\"default\"}',1513633705239),('wjb8nt4mriy3fcp6ycyyaecwew','k35cwhf35t8a5cfig6bhdh8zty','channel_user',0,0,0,'{\"desktop\":\"default\",\"email\":\"default\",\"mark_unread\":\"all\",\"push\":\"default\"}',1513633703030),('wjb8nt4mriy3fcp6ycyyaecwew','k9rcst5mhfymdnghuiae6kxtzh','channel_user',0,0,0,'{\"desktop\":\"default\",\"email\":\"default\",\"mark_unread\":\"all\",\"push\":\"default\"}',1513633708518),('wjb8nt4mriy3fcp6ycyyaecwew','khd9m7xss7bctjpfxqko9sujcw','channel_user',0,0,0,'{\"desktop\":\"default\",\"email\":\"default\",\"mark_unread\":\"all\",\"push\":\"default\"}',1513633707990),('wjb8nt4mriy3fcp6ycyyaecwew','kuxdxrapa7redcmgh4d4xj8pew','channel_user',0,0,0,'{\"desktop\":\"default\",\"email\":\"default\",\"mark_unread\":\"all\",\"push\":\"default\"}',1513633703831),('wjb8nt4mriy3fcp6ycyyaecwew','mzgiaikzs3drdykhk3xbzhumja','channel_user',0,0,0,'{\"desktop\":\"default\",\"email\":\"default\",\"mark_unread\":\"all\",\"push\":\"default\"}',1513633708650),('wjb8nt4mriy3fcp6ycyyaecwew','nbns3pdy1pnijmqh3iiiyyq9qr','channel_user',0,0,0,'{\"desktop\":\"default\",\"email\":\"default\",\"mark_unread\":\"all\",\"push\":\"default\"}',1513633703193),('wjb8nt4mriy3fcp6ycyyaecwew','nh7itdi3wfbdpnkoeewgtrqbjr','channel_user',0,0,0,'{\"desktop\":\"default\",\"email\":\"default\",\"mark_unread\":\"all\",\"push\":\"default\"}',1513633705996),('wjb8nt4mriy3fcp6ycyyaecwew','o6jmug1fppb1zgzj48b85zc6se','channel_user',0,0,0,'{\"desktop\":\"default\",\"email\":\"default\",\"mark_unread\":\"all\",\"push\":\"default\"}',1513633705400),('wjb8nt4mriy3fcp6ycyyaecwew','s6f1jsodxjbm8x13th1i6reqyh','channel_user',0,0,0,'{\"desktop\":\"default\",\"email\":\"default\",\"mark_unread\":\"all\",\"push\":\"default\"}',1513633706907),('wjb8nt4mriy3fcp6ycyyaecwew','s6p9yxjk3prtzf5dy6kp8aj55w','channel_user',0,0,0,'{\"desktop\":\"default\",\"email\":\"default\",\"mark_unread\":\"all\",\"push\":\"default\"}',1513633703657),('wjb8nt4mriy3fcp6ycyyaecwew','sqhg4ci1mtbdjyswyikjhtmrph','channel_user',0,0,0,'{\"desktop\":\"default\",\"email\":\"default\",\"mark_unread\":\"all\",\"push\":\"default\"}',1513633708124),('wjb8nt4mriy3fcp6ycyyaecwew','szuruerm67nrfqut3tc4kqkqkh','channel_user',0,0,0,'{\"desktop\":\"default\",\"email\":\"default\",\"mark_unread\":\"all\",\"push\":\"default\"}',1513633707312),('wjb8nt4mriy3fcp6ycyyaecwew','tgh3feoiefgr5qb3u4y4ruxk7o','channel_user',0,0,0,'{\"desktop\":\"default\",\"email\":\"default\",\"mark_unread\":\"all\",\"push\":\"default\"}',1513633709841),('wjb8nt4mriy3fcp6ycyyaecwew','tgiijcm54pbpiek81ac38qhzwh','channel_user',0,0,0,'{\"desktop\":\"default\",\"email\":\"default\",\"mark_unread\":\"all\",\"push\":\"default\"}',1513633706612),('wjb8nt4mriy3fcp6ycyyaecwew','uxk6qatygty5mmxysip6t79i5w','channel_user',0,0,0,'{\"desktop\":\"default\",\"email\":\"default\",\"mark_unread\":\"all\",\"push\":\"default\"}',1513633707041),('wjb8nt4mriy3fcp6ycyyaecwew','uxycdhy41fy4ubaxozoaxergar','channel_user',0,0,0,'{\"desktop\":\"default\",\"email\":\"default\",\"mark_unread\":\"all\",\"push\":\"default\"}',1513633705553),('wjb8nt4mriy3fcp6ycyyaecwew','wagc85qtnj8mmftzbkpdqcpwxo','channel_user',0,0,0,'{\"desktop\":\"default\",\"email\":\"default\",\"mark_unread\":\"all\",\"push\":\"default\"}',1513633704152),('wjb8nt4mriy3fcp6ycyyaecwew','wgf1kcoqk7bbf841jnnmagi15h','channel_user',0,0,0,'{\"desktop\":\"default\",\"email\":\"default\",\"mark_unread\":\"all\",\"push\":\"default\"}',1513633707726),('wjb8nt4mriy3fcp6ycyyaecwew','wjmu6z8dnjru7fdqs4npg4q6mw','channel_user channel_admin',0,0,0,'{\"desktop\":\"default\",\"email\":\"default\",\"mark_unread\":\"all\",\"push\":\"default\"}',1513633671445),('wjb8nt4mriy3fcp6ycyyaecwew','wsu1cqh96fryzpexkfg586n53h','channel_user',0,0,0,'{\"desktop\":\"default\",\"email\":\"default\",\"mark_unread\":\"all\",\"push\":\"default\"}',1513633707172),('wjb8nt4mriy3fcp6ycyyaecwew','wx5ft3wcbtgiugsypwmwtz691a','channel_user',0,0,0,'{\"desktop\":\"default\",\"email\":\"default\",\"mark_unread\":\"all\",\"push\":\"default\"}',1513633709571),('wjb8nt4mriy3fcp6ycyyaecwew','xcff6oze33frzfopbhm18874ar','channel_user',0,0,0,'{\"desktop\":\"default\",\"email\":\"default\",\"mark_unread\":\"all\",\"push\":\"default\"}',1513633704607),('wjb8nt4mriy3fcp6ycyyaecwew','yk1akm3i57d4uxr7a1gwo7ug1r','channel_user',0,0,0,'{\"desktop\":\"default\",\"email\":\"default\",\"mark_unread\":\"all\",\"push\":\"default\"}',1513633703489),('wjb8nt4mriy3fcp6ycyyaecwew','yu9psb8yrirndbhixeisuj9ydh','channel_user',0,0,0,'{\"desktop\":\"default\",\"email\":\"default\",\"mark_unread\":\"all\",\"push\":\"default\"}',1513633709441),('wjb8nt4mriy3fcp6ycyyaecwew','za7miy1fdjf5ufp9o5bc7dzywe','channel_user',0,0,0,'{\"desktop\":\"default\",\"email\":\"default\",\"mark_unread\":\"all\",\"push\":\"default\"}',1513633703334),('wuss4sb6abdzfnyrtwj5y4jbhh','wjmu6z8dnjru7fdqs4npg4q6mw','channel_user channel_admin',1513633935959,0,0,'{\"desktop\":\"default\",\"email\":\"default\",\"mark_unread\":\"all\",\"push\":\"default\"}',1513633935959),('wyah9a5zdtg8fmk8mj8yj84geo','szuruerm67nrfqut3tc4kqkqkh','channel_user',0,0,0,'{\"desktop\":\"default\",\"email\":\"default\",\"mark_unread\":\"all\",\"push\":\"default\"}',1513633923756),('wyah9a5zdtg8fmk8mj8yj84geo','wjmu6z8dnjru7fdqs4npg4q6mw','channel_user',0,0,0,'{\"desktop\":\"default\",\"email\":\"default\",\"mark_unread\":\"all\",\"push\":\"default\"}',0),('ysqgmpqa7bd8xr5ppdrwqcbj1o','wjmu6z8dnjru7fdqs4npg4q6mw','channel_user channel_admin',0,0,0,'{\"desktop\":\"default\",\"email\":\"default\",\"mark_unread\":\"all\",\"push\":\"default\"}',1513633853071);
/*!40000 ALTER TABLE `ChannelMembers` ENABLE KEYS */;
UNLOCK TABLES;

--
-- Table structure for table `Channels`
--

DROP TABLE IF EXISTS `Channels`;
/*!40101 SET @saved_cs_client     = @@character_set_client */;
/*!40101 SET character_set_client = utf8 */;
CREATE TABLE `Channels` (
  `Id` varchar(26) NOT NULL,
  `CreateAt` bigint(20) DEFAULT NULL,
  `UpdateAt` bigint(20) DEFAULT NULL,
  `DeleteAt` bigint(20) DEFAULT NULL,
  `TeamId` varchar(26) DEFAULT NULL,
  `Type` varchar(1) DEFAULT NULL,
  `DisplayName` varchar(64) DEFAULT NULL,
  `Name` varchar(64) DEFAULT NULL,
  `Header` text,
  `Purpose` varchar(250) DEFAULT NULL,
  `LastPostAt` bigint(20) DEFAULT NULL,
  `TotalMsgCount` bigint(20) DEFAULT NULL,
  `ExtraUpdateAt` bigint(20) DEFAULT NULL,
  `CreatorId` varchar(26) DEFAULT NULL,
  PRIMARY KEY (`Id`),
  UNIQUE KEY `Name` (`Name`,`TeamId`),
  UNIQUE KEY `Name_2` (`Name`,`TeamId`),
  KEY `idx_channels_team_id` (`TeamId`),
  KEY `idx_channels_name` (`Name`),
  KEY `idx_channels_update_at` (`UpdateAt`),
  KEY `idx_channels_create_at` (`CreateAt`),
  KEY `idx_channels_delete_at` (`DeleteAt`),
  FULLTEXT KEY `idx_channels_txt` (`Name`,`DisplayName`)
) ENGINE=InnoDB DEFAULT CHARSET=utf8mb4;
/*!40101 SET character_set_client = @saved_cs_client */;

--
-- Dumping data for table `Channels`
--

LOCK TABLES `Channels` WRITE;
/*!40000 ALTER TABLE `Channels` DISABLE KEYS */;
INSERT INTO `Channels` VALUES ('3fomfsa8sbfi7k4wnoa7ig4rhr',1513633921194,1513633921194,0,'','D','','4regykcf4ifouki1wfbiyb8stw__wjmu6z8dnjru7fdqs4npg4q6mw','','',0,0,1513633921194,''),('4tqx1ha5qbfj5mqhnqsxqawj7e',1513633908284,1513633908284,0,'','D','','s6f1jsodxjbm8x13th1i6reqyh__wjmu6z8dnjru7fdqs4npg4q6mw','','',0,0,1513633908284,''),('5hwo1tg5s38f5fwfoza6rgekey',1513633944949,1513633944949,0,'mkwky5madpfu58abiqzx699xqh','P','testprivatechannel2','testprivatechannel2','','',1513633944959,0,1513633944955,'wjmu6z8dnjru7fdqs4npg4q6mw'),('5rnhui1p1pybxnjd5aaffrataw',1513633906223,1513633906223,0,'','D','','7j3qg5nzffbz9bnenoji3a83ha__wjmu6z8dnjru7fdqs4npg4q6mw','','',0,0,1513633906223,''),('9p7m5fwabbd5jchombeh19jsde',1513633902054,1513633902054,0,'','D','','18mkgjuurp819jaaa67hhoyikr__wjmu6z8dnjru7fdqs4npg4q6mw','','',0,0,1513633902054,''),('b3zym97zupfebktyzm67keu1uo',1513633910778,1513633910778,0,'','G','3wtpsphg4tb198dtcqn84xiqmh, 4pxeae1d7tgs9fprnz1e8jcbgr, 4srt4ahr','fbdbe3397673d50bd59b1b407b13632a9966c58b','','',0,0,1513633910804,''),('bqx6t95xkpgumbw91ipjy3c44w',1513633915508,1513633915508,0,'','G','4o5a94nfzp8xicqcch6b97obsr, 4srt4ahrzfbsjg5nafjmjtcboh, 8o5ruyen','47831a11831f6991173254f58d2ef912ff153b30','','',0,0,1513633915545,''),('eehzyiiddirpzboubbmm3s5b6r',1513633731402,1513633741085,0,'xmw8xgmqg7rb7fjiyz1okr93ca','O','start','start','Description for starting channel','',1513633751181,101,1513633731409,'wjmu6z8dnjru7fdqs4npg4q6mw'),('ffpa7wtmy3b75nsmq91q8de7nh',1513633783587,1513633783587,0,'xmw8xgmqg7rb7fjiyz1okr93ca','O','end','end','Description for end channel','',1513633790110,100,1513633783595,'wjmu6z8dnjru7fdqs4npg4q6mw'),('g6b8fkp57fy19bz9a8zmxkdktc',1513633918312,1513633918312,0,'','D','','9ja9qsyibigkjfuwb7ot5w5cey__wjmu6z8dnjru7fdqs4npg4q6mw','','',0,0,1513633918312,''),('ht89p63tybydbfygqryd5ducfc',1513633671413,1513633671413,0,'xmw8xgmqg7rb7fjiyz1okr93ca','O','Town Square','town-square','','',1513633709978,50,1513633709975,''),('i4ju9owhobrtdxcspjncogphcc',1513633932342,1513633932342,0,'xmw8xgmqg7rb7fjiyz1okr93ca','P','testprivatechannel1','testprivatechannel1','','',1513633932354,0,1513633932349,'wjmu6z8dnjru7fdqs4npg4q6mw'),('porsuwba7bgz8nb1xcmjm9gxjc',1513633853036,1513633853036,0,'mkwky5madpfu58abiqzx699xqh','O','Town Square','town-square','','',1513633863428,101,1513633853052,''),('q35p8h6cutfmbqtn4yyxmxd13r',1513633942544,1513633942544,0,'mkwky5madpfu58abiqzx699xqh','P','testprivatechannel1','testprivatechannel1','','',1513633942557,0,1513633942552,'wjmu6z8dnjru7fdqs4npg4q6mw'),('wjb8nt4mriy3fcp6ycyyaecwew',1513633671417,1513633671417,0,'xmw8xgmqg7rb7fjiyz1okr93ca','O','Off-Topic','off-topic','','',1513633709997,0,1513633709993,''),('wuss4sb6abdzfnyrtwj5y4jbhh',1513633935945,1513633935945,0,'xmw8xgmqg7rb7fjiyz1okr93ca','P','testprivatechannel2','testprivatechannel2','','',1513633935959,0,1513633935953,'wjmu6z8dnjru7fdqs4npg4q6mw'),('wyah9a5zdtg8fmk8mj8yj84geo',1513633923754,1513633923754,0,'','D','','szuruerm67nrfqut3tc4kqkqkh__wjmu6z8dnjru7fdqs4npg4q6mw','','',0,0,1513633923754,''),('ysqgmpqa7bd8xr5ppdrwqcbj1o',1513633853039,1513633853039,0,'mkwky5madpfu58abiqzx699xqh','O','Off-Topic','off-topic','','',1513633853081,0,1513633853073,'');
/*!40000 ALTER TABLE `Channels` ENABLE KEYS */;
UNLOCK TABLES;

--
-- Table structure for table `ClusterDiscovery`
--

DROP TABLE IF EXISTS `ClusterDiscovery`;
/*!40101 SET @saved_cs_client     = @@character_set_client */;
/*!40101 SET character_set_client = utf8 */;
CREATE TABLE `ClusterDiscovery` (
  `Id` varchar(26) NOT NULL,
  `Type` varchar(64) DEFAULT NULL,
  `ClusterName` varchar(64) DEFAULT NULL,
  `Hostname` text,
  `GossipPort` int(11) DEFAULT NULL,
  `Port` int(11) DEFAULT NULL,
  `CreateAt` bigint(20) DEFAULT NULL,
  `LastPingAt` bigint(20) DEFAULT NULL,
  PRIMARY KEY (`Id`)
) ENGINE=InnoDB DEFAULT CHARSET=utf8mb4;
/*!40101 SET character_set_client = @saved_cs_client */;

--
-- Dumping data for table `ClusterDiscovery`
--

LOCK TABLES `ClusterDiscovery` WRITE;
/*!40000 ALTER TABLE `ClusterDiscovery` DISABLE KEYS */;
/*!40000 ALTER TABLE `ClusterDiscovery` ENABLE KEYS */;
UNLOCK TABLES;

--
-- Table structure for table `CommandWebhooks`
--

DROP TABLE IF EXISTS `CommandWebhooks`;
/*!40101 SET @saved_cs_client     = @@character_set_client */;
/*!40101 SET character_set_client = utf8 */;
CREATE TABLE `CommandWebhooks` (
  `Id` varchar(26) NOT NULL,
  `CreateAt` bigint(20) DEFAULT NULL,
  `CommandId` varchar(26) DEFAULT NULL,
  `UserId` varchar(26) DEFAULT NULL,
  `ChannelId` varchar(26) DEFAULT NULL,
  `RootId` varchar(26) DEFAULT NULL,
  `ParentId` varchar(26) DEFAULT NULL,
  `UseCount` int(11) DEFAULT NULL,
  PRIMARY KEY (`Id`),
  KEY `idx_command_webhook_create_at` (`CreateAt`)
) ENGINE=InnoDB DEFAULT CHARSET=utf8mb4;
/*!40101 SET character_set_client = @saved_cs_client */;

--
-- Dumping data for table `CommandWebhooks`
--

LOCK TABLES `CommandWebhooks` WRITE;
/*!40000 ALTER TABLE `CommandWebhooks` DISABLE KEYS */;
/*!40000 ALTER TABLE `CommandWebhooks` ENABLE KEYS */;
UNLOCK TABLES;

--
-- Table structure for table `Commands`
--

DROP TABLE IF EXISTS `Commands`;
/*!40101 SET @saved_cs_client     = @@character_set_client */;
/*!40101 SET character_set_client = utf8 */;
CREATE TABLE `Commands` (
  `Id` varchar(26) NOT NULL,
  `Token` varchar(26) DEFAULT NULL,
  `CreateAt` bigint(20) DEFAULT NULL,
  `UpdateAt` bigint(20) DEFAULT NULL,
  `DeleteAt` bigint(20) DEFAULT NULL,
  `CreatorId` varchar(26) DEFAULT NULL,
  `TeamId` varchar(26) DEFAULT NULL,
  `Trigger` varchar(128) DEFAULT NULL,
  `Method` varchar(1) DEFAULT NULL,
  `Username` varchar(64) DEFAULT NULL,
  `IconURL` text,
  `AutoComplete` tinyint(1) DEFAULT NULL,
  `AutoCompleteDesc` text,
  `AutoCompleteHint` text,
  `DisplayName` varchar(64) DEFAULT NULL,
  `Description` varchar(128) DEFAULT NULL,
  `URL` text,
  PRIMARY KEY (`Id`),
  KEY `idx_command_team_id` (`TeamId`),
  KEY `idx_command_update_at` (`UpdateAt`),
  KEY `idx_command_create_at` (`CreateAt`),
  KEY `idx_command_delete_at` (`DeleteAt`)
) ENGINE=InnoDB DEFAULT CHARSET=utf8mb4;
/*!40101 SET character_set_client = @saved_cs_client */;

--
-- Dumping data for table `Commands`
--

LOCK TABLES `Commands` WRITE;
/*!40000 ALTER TABLE `Commands` DISABLE KEYS */;
/*!40000 ALTER TABLE `Commands` ENABLE KEYS */;
UNLOCK TABLES;

--
-- Table structure for table `Compliances`
--

DROP TABLE IF EXISTS `Compliances`;
/*!40101 SET @saved_cs_client     = @@character_set_client */;
/*!40101 SET character_set_client = utf8 */;
CREATE TABLE `Compliances` (
  `Id` varchar(26) NOT NULL,
  `CreateAt` bigint(20) DEFAULT NULL,
  `UserId` varchar(26) DEFAULT NULL,
  `Status` varchar(64) DEFAULT NULL,
  `Count` int(11) DEFAULT NULL,
  `Desc` text,
  `Type` varchar(64) DEFAULT NULL,
  `StartAt` bigint(20) DEFAULT NULL,
  `EndAt` bigint(20) DEFAULT NULL,
  `Keywords` text,
  `Emails` text,
  PRIMARY KEY (`Id`)
) ENGINE=InnoDB DEFAULT CHARSET=utf8mb4;
/*!40101 SET character_set_client = @saved_cs_client */;

--
-- Dumping data for table `Compliances`
--

LOCK TABLES `Compliances` WRITE;
/*!40000 ALTER TABLE `Compliances` DISABLE KEYS */;
/*!40000 ALTER TABLE `Compliances` ENABLE KEYS */;
UNLOCK TABLES;

--
-- Table structure for table `Emoji`
--

DROP TABLE IF EXISTS `Emoji`;
/*!40101 SET @saved_cs_client     = @@character_set_client */;
/*!40101 SET character_set_client = utf8 */;
CREATE TABLE `Emoji` (
  `Id` varchar(26) NOT NULL,
  `CreateAt` bigint(20) DEFAULT NULL,
  `UpdateAt` bigint(20) DEFAULT NULL,
  `DeleteAt` bigint(20) DEFAULT NULL,
  `CreatorId` varchar(26) DEFAULT NULL,
  `Name` varchar(64) DEFAULT NULL,
  PRIMARY KEY (`Id`),
  UNIQUE KEY `Name` (`Name`,`DeleteAt`),
  UNIQUE KEY `Name_2` (`Name`,`DeleteAt`),
  KEY `idx_emoji_update_at` (`UpdateAt`),
  KEY `idx_emoji_create_at` (`CreateAt`),
  KEY `idx_emoji_delete_at` (`DeleteAt`)
) ENGINE=InnoDB DEFAULT CHARSET=utf8mb4;
/*!40101 SET character_set_client = @saved_cs_client */;

--
-- Dumping data for table `Emoji`
--

LOCK TABLES `Emoji` WRITE;
/*!40000 ALTER TABLE `Emoji` DISABLE KEYS */;
/*!40000 ALTER TABLE `Emoji` ENABLE KEYS */;
UNLOCK TABLES;

--
-- Table structure for table `FileInfo`
--

DROP TABLE IF EXISTS `FileInfo`;
/*!40101 SET @saved_cs_client     = @@character_set_client */;
/*!40101 SET character_set_client = utf8 */;
CREATE TABLE `FileInfo` (
  `Id` varchar(26) NOT NULL,
  `CreatorId` varchar(26) DEFAULT NULL,
  `PostId` varchar(26) DEFAULT NULL,
  `CreateAt` bigint(20) DEFAULT NULL,
  `UpdateAt` bigint(20) DEFAULT NULL,
  `DeleteAt` bigint(20) DEFAULT NULL,
  `Path` text,
  `ThumbnailPath` text,
  `PreviewPath` text,
  `Name` text,
  `Extension` varchar(64) DEFAULT NULL,
  `Size` bigint(20) DEFAULT NULL,
  `MimeType` text,
  `Width` int(11) DEFAULT NULL,
  `Height` int(11) DEFAULT NULL,
  `HasPreviewImage` tinyint(1) DEFAULT NULL,
  PRIMARY KEY (`Id`),
  KEY `idx_fileinfo_update_at` (`UpdateAt`),
  KEY `idx_fileinfo_create_at` (`CreateAt`),
  KEY `idx_fileinfo_delete_at` (`DeleteAt`),
  KEY `idx_fileinfo_postid_at` (`PostId`)
) ENGINE=InnoDB DEFAULT CHARSET=utf8mb4;
/*!40101 SET character_set_client = @saved_cs_client */;

--
-- Dumping data for table `FileInfo`
--

LOCK TABLES `FileInfo` WRITE;
/*!40000 ALTER TABLE `FileInfo` DISABLE KEYS */;
/*!40000 ALTER TABLE `FileInfo` ENABLE KEYS */;
UNLOCK TABLES;

--
-- Table structure for table `IncomingWebhooks`
--

DROP TABLE IF EXISTS `IncomingWebhooks`;
/*!40101 SET @saved_cs_client     = @@character_set_client */;
/*!40101 SET character_set_client = utf8 */;
CREATE TABLE `IncomingWebhooks` (
  `Id` varchar(26) NOT NULL,
  `CreateAt` bigint(20) DEFAULT NULL,
  `UpdateAt` bigint(20) DEFAULT NULL,
  `DeleteAt` bigint(20) DEFAULT NULL,
  `UserId` varchar(26) DEFAULT NULL,
  `ChannelId` varchar(26) DEFAULT NULL,
  `TeamId` varchar(26) DEFAULT NULL,
  `DisplayName` varchar(64) DEFAULT NULL,
  `Description` varchar(128) DEFAULT NULL,
  PRIMARY KEY (`Id`),
  KEY `idx_incoming_webhook_user_id` (`UserId`),
  KEY `idx_incoming_webhook_team_id` (`TeamId`),
  KEY `idx_incoming_webhook_update_at` (`UpdateAt`),
  KEY `idx_incoming_webhook_create_at` (`CreateAt`),
  KEY `idx_incoming_webhook_delete_at` (`DeleteAt`)
) ENGINE=InnoDB DEFAULT CHARSET=utf8mb4;
/*!40101 SET character_set_client = @saved_cs_client */;

--
-- Dumping data for table `IncomingWebhooks`
--

LOCK TABLES `IncomingWebhooks` WRITE;
/*!40000 ALTER TABLE `IncomingWebhooks` DISABLE KEYS */;
/*!40000 ALTER TABLE `IncomingWebhooks` ENABLE KEYS */;
UNLOCK TABLES;

--
-- Table structure for table `Jobs`
--

DROP TABLE IF EXISTS `Jobs`;
/*!40101 SET @saved_cs_client     = @@character_set_client */;
/*!40101 SET character_set_client = utf8 */;
CREATE TABLE `Jobs` (
  `Id` varchar(26) NOT NULL,
  `Type` varchar(32) DEFAULT NULL,
  `Priority` bigint(20) DEFAULT NULL,
  `CreateAt` bigint(20) DEFAULT NULL,
  `StartAt` bigint(20) DEFAULT NULL,
  `LastActivityAt` bigint(20) DEFAULT NULL,
  `Status` varchar(32) DEFAULT NULL,
  `Progress` bigint(20) DEFAULT NULL,
  `Data` text,
  PRIMARY KEY (`Id`),
  KEY `idx_jobs_type` (`Type`)
) ENGINE=InnoDB DEFAULT CHARSET=utf8mb4;
/*!40101 SET character_set_client = @saved_cs_client */;

--
-- Dumping data for table `Jobs`
--

LOCK TABLES `Jobs` WRITE;
/*!40000 ALTER TABLE `Jobs` DISABLE KEYS */;
/*!40000 ALTER TABLE `Jobs` ENABLE KEYS */;
UNLOCK TABLES;

--
-- Table structure for table `Licenses`
--

DROP TABLE IF EXISTS `Licenses`;
/*!40101 SET @saved_cs_client     = @@character_set_client */;
/*!40101 SET character_set_client = utf8 */;
CREATE TABLE `Licenses` (
  `Id` varchar(26) NOT NULL,
  `CreateAt` bigint(20) DEFAULT NULL,
  `Bytes` text,
  PRIMARY KEY (`Id`)
) ENGINE=InnoDB DEFAULT CHARSET=utf8mb4;
/*!40101 SET character_set_client = @saved_cs_client */;

--
-- Dumping data for table `Licenses`
--

LOCK TABLES `Licenses` WRITE;
/*!40000 ALTER TABLE `Licenses` DISABLE KEYS */;
/*!40000 ALTER TABLE `Licenses` ENABLE KEYS */;
UNLOCK TABLES;

--
-- Table structure for table `OAuthAccessData`
--

DROP TABLE IF EXISTS `OAuthAccessData`;
/*!40101 SET @saved_cs_client     = @@character_set_client */;
/*!40101 SET character_set_client = utf8 */;
CREATE TABLE `OAuthAccessData` (
  `ClientId` varchar(26) DEFAULT NULL,
  `UserId` varchar(26) DEFAULT NULL,
  `Token` varchar(26) NOT NULL,
  `RefreshToken` varchar(26) DEFAULT NULL,
  `RedirectUri` text,
  `ExpiresAt` bigint(20) DEFAULT NULL,
  `Scope` varchar(128) DEFAULT NULL,
  PRIMARY KEY (`Token`),
  UNIQUE KEY `ClientId` (`ClientId`,`UserId`),
  UNIQUE KEY `ClientId_2` (`ClientId`,`UserId`),
  KEY `idx_oauthaccessdata_client_id` (`ClientId`),
  KEY `idx_oauthaccessdata_user_id` (`UserId`),
  KEY `idx_oauthaccessdata_refresh_token` (`RefreshToken`)
) ENGINE=InnoDB DEFAULT CHARSET=utf8mb4;
/*!40101 SET character_set_client = @saved_cs_client */;

--
-- Dumping data for table `OAuthAccessData`
--

LOCK TABLES `OAuthAccessData` WRITE;
/*!40000 ALTER TABLE `OAuthAccessData` DISABLE KEYS */;
/*!40000 ALTER TABLE `OAuthAccessData` ENABLE KEYS */;
UNLOCK TABLES;

--
-- Table structure for table `OAuthApps`
--

DROP TABLE IF EXISTS `OAuthApps`;
/*!40101 SET @saved_cs_client     = @@character_set_client */;
/*!40101 SET character_set_client = utf8 */;
CREATE TABLE `OAuthApps` (
  `Id` varchar(26) NOT NULL,
  `CreatorId` varchar(26) DEFAULT NULL,
  `CreateAt` bigint(20) DEFAULT NULL,
  `UpdateAt` bigint(20) DEFAULT NULL,
  `ClientSecret` varchar(128) DEFAULT NULL,
  `Name` varchar(64) DEFAULT NULL,
  `Description` text,
  `IconURL` text,
  `CallbackUrls` text,
  `Homepage` text,
  `IsTrusted` tinyint(1) DEFAULT NULL,
  PRIMARY KEY (`Id`),
  KEY `idx_oauthapps_creator_id` (`CreatorId`)
) ENGINE=InnoDB DEFAULT CHARSET=utf8mb4;
/*!40101 SET character_set_client = @saved_cs_client */;

--
-- Dumping data for table `OAuthApps`
--

LOCK TABLES `OAuthApps` WRITE;
/*!40000 ALTER TABLE `OAuthApps` DISABLE KEYS */;
/*!40000 ALTER TABLE `OAuthApps` ENABLE KEYS */;
UNLOCK TABLES;

--
-- Table structure for table `OAuthAuthData`
--

DROP TABLE IF EXISTS `OAuthAuthData`;
/*!40101 SET @saved_cs_client     = @@character_set_client */;
/*!40101 SET character_set_client = utf8 */;
CREATE TABLE `OAuthAuthData` (
  `ClientId` varchar(26) DEFAULT NULL,
  `UserId` varchar(26) DEFAULT NULL,
  `Code` varchar(128) NOT NULL,
  `ExpiresIn` int(11) DEFAULT NULL,
  `CreateAt` bigint(20) DEFAULT NULL,
  `RedirectUri` text,
  `State` varchar(128) DEFAULT NULL,
  `Scope` varchar(128) DEFAULT NULL,
  PRIMARY KEY (`Code`),
  KEY `idx_oauthauthdata_client_id` (`Code`)
) ENGINE=InnoDB DEFAULT CHARSET=utf8mb4;
/*!40101 SET character_set_client = @saved_cs_client */;

--
-- Dumping data for table `OAuthAuthData`
--

LOCK TABLES `OAuthAuthData` WRITE;
/*!40000 ALTER TABLE `OAuthAuthData` DISABLE KEYS */;
/*!40000 ALTER TABLE `OAuthAuthData` ENABLE KEYS */;
UNLOCK TABLES;

--
-- Table structure for table `OutgoingWebhooks`
--

DROP TABLE IF EXISTS `OutgoingWebhooks`;
/*!40101 SET @saved_cs_client     = @@character_set_client */;
/*!40101 SET character_set_client = utf8 */;
CREATE TABLE `OutgoingWebhooks` (
  `Id` varchar(26) NOT NULL,
  `Token` varchar(26) DEFAULT NULL,
  `CreateAt` bigint(20) DEFAULT NULL,
  `UpdateAt` bigint(20) DEFAULT NULL,
  `DeleteAt` bigint(20) DEFAULT NULL,
  `CreatorId` varchar(26) DEFAULT NULL,
  `ChannelId` varchar(26) DEFAULT NULL,
  `TeamId` varchar(26) DEFAULT NULL,
  `TriggerWords` text,
  `TriggerWhen` int(11) DEFAULT NULL,
  `CallbackURLs` text,
  `DisplayName` varchar(64) DEFAULT NULL,
  `Description` varchar(128) DEFAULT NULL,
  `ContentType` varchar(128) DEFAULT NULL,
  PRIMARY KEY (`Id`),
  KEY `idx_outgoing_webhook_team_id` (`TeamId`),
  KEY `idx_outgoing_webhook_update_at` (`UpdateAt`),
  KEY `idx_outgoing_webhook_create_at` (`CreateAt`),
  KEY `idx_outgoing_webhook_delete_at` (`DeleteAt`)
) ENGINE=InnoDB DEFAULT CHARSET=utf8mb4;
/*!40101 SET character_set_client = @saved_cs_client */;

--
-- Dumping data for table `OutgoingWebhooks`
--

LOCK TABLES `OutgoingWebhooks` WRITE;
/*!40000 ALTER TABLE `OutgoingWebhooks` DISABLE KEYS */;
/*!40000 ALTER TABLE `OutgoingWebhooks` ENABLE KEYS */;
UNLOCK TABLES;

--
-- Table structure for table `PluginKeyValueStore`
--

DROP TABLE IF EXISTS `PluginKeyValueStore`;
/*!40101 SET @saved_cs_client     = @@character_set_client */;
/*!40101 SET character_set_client = utf8 */;
CREATE TABLE `PluginKeyValueStore` (
  `PluginId` varchar(190) NOT NULL,
  `PKey` varchar(50) NOT NULL,
  `PValue` mediumblob,
  PRIMARY KEY (`PluginId`,`PKey`)
) ENGINE=InnoDB DEFAULT CHARSET=utf8mb4;
/*!40101 SET character_set_client = @saved_cs_client */;

--
-- Dumping data for table `PluginKeyValueStore`
--

LOCK TABLES `PluginKeyValueStore` WRITE;
/*!40000 ALTER TABLE `PluginKeyValueStore` DISABLE KEYS */;
/*!40000 ALTER TABLE `PluginKeyValueStore` ENABLE KEYS */;
UNLOCK TABLES;

--
-- Table structure for table `Posts`
--

DROP TABLE IF EXISTS `Posts`;
/*!40101 SET @saved_cs_client     = @@character_set_client */;
/*!40101 SET character_set_client = utf8 */;
CREATE TABLE `Posts` (
  `Id` varchar(26) NOT NULL,
  `CreateAt` bigint(20) DEFAULT NULL,
  `UpdateAt` bigint(20) DEFAULT NULL,
  `EditAt` bigint(20) DEFAULT NULL,
  `DeleteAt` bigint(20) DEFAULT NULL,
  `IsPinned` tinyint(1) DEFAULT NULL,
  `UserId` varchar(26) DEFAULT NULL,
  `ChannelId` varchar(26) DEFAULT NULL,
  `RootId` varchar(26) DEFAULT NULL,
  `ParentId` varchar(26) DEFAULT NULL,
  `OriginalId` varchar(26) DEFAULT NULL,
  `Message` text,
  `Type` varchar(26) DEFAULT NULL,
  `Props` text,
  `Hashtags` text,
  `Filenames` text,
  `FileIds` varchar(150) DEFAULT NULL,
  `HasReactions` tinyint(1) DEFAULT NULL,
  PRIMARY KEY (`Id`),
  KEY `idx_posts_update_at` (`UpdateAt`),
  KEY `idx_posts_create_at` (`CreateAt`),
  KEY `idx_posts_delete_at` (`DeleteAt`),
  KEY `idx_posts_channel_id` (`ChannelId`),
  KEY `idx_posts_root_id` (`RootId`),
  KEY `idx_posts_user_id` (`UserId`),
  KEY `idx_posts_is_pinned` (`IsPinned`),
  KEY `idx_posts_channel_id_update_at` (`ChannelId`,`UpdateAt`),
  KEY `idx_posts_channel_id_delete_at_create_at` (`ChannelId`,`DeleteAt`,`CreateAt`),
  FULLTEXT KEY `idx_posts_message_txt` (`Message`),
  FULLTEXT KEY `idx_posts_hashtags_txt` (`Hashtags`)
) ENGINE=InnoDB DEFAULT CHARSET=utf8mb4;
/*!40101 SET character_set_client = @saved_cs_client */;

--
-- Dumping data for table `Posts`
--

LOCK TABLES `Posts` WRITE;
/*!40000 ALTER TABLE `Posts` DISABLE KEYS */;
INSERT INTO `Posts` VALUES ('15cwoguefbb95pkuo7mg5bms5e',1513633863278,1513633863278,0,0,0,'wjmu6z8dnjru7fdqs4npg4q6mw','porsuwba7bgz8nb1xcmjm9gxjc','','','',' # crud cunning rashly and snug far woodchuck outside un and resolute adjusted drank  @test one past loving  @test fabulous  ladybug indecisive  @test less  @test sprang exotic','','{}','','[]','[]',0),('19rhy1837bdytq63pzhj5gycor',1513633750714,1513633750714,0,0,0,'wjmu6z8dnjru7fdqs4npg4q6mw','eehzyiiddirpzboubbmm3s5b6r','','','','lorikeet without smoo infallibly militant hello supp and one  @8wbjwqyijpbuiq1jzzm5ucb35w accurately orca  @test dear reliably while less added strategic set hello  @j5fayu9zi7g5pcrrhzsfrxrrny while yikes beat t','','{}','','[]','[]',0),('1otu5sddzpge7pki7kextp1q5a',1513633706311,1513633706311,0,0,0,'g833cud6k3bc9nce7wgmj7mtpa','wjb8nt4mriy3fcp6ycyyaecwew','','','','fh5uzws9uigbup5pp51eddkmhr has joined the channel.','system_join_channel','{\"username\":\"fh5uzws9uigbup5pp51eddkmhr\"}','','[]','[]',0),('1pp9wd9cbtfwmxcuu4kbyfyxqa',1513633789582,1513633789582,0,0,0,'wjmu6z8dnjru7fdqs4npg4q6mw','ffpa7wtmy3b75nsmq91q8de7nh','','','',' #much much fa by and  #considering fit far diligently when manifestly  #buoyantly buoyantly aboard  #so considering so affirmative much that grinned  # #much unfitting upon caudal hello partook his hummingbird inscrutably','','{}','#much #considering #buoyantly #so #much','[]','[]',0),('1qjuqhdhp3fyidj3mg9raahjuw',1513633705694,1513633705694,0,0,0,'867xmq6wcpbuzcpibnjha3n8eo','ht89p63tybydbfygqryd5ducfc','','','','pxds6314178s7c6b3jdccpypgr joined the team.','system_join_team','{\"username\":\"pxds6314178s7c6b3jdccpypgr\"}','','[]','[]',0),('1r6k5dptxpdgtxa13y3p8f3cty',1513633750289,1513633750289,0,0,0,'wjmu6z8dnjru7fdqs4npg4q6mw','eehzyiiddirpzboubbmm3s5b6r','','','',' # #poked caterpillar  @xp1zkqufsb8fmpobw8tbd76s4r scooped beside rode poked weird  duteous this d much  #d  @jxb6o9mapfbhfdq1camoee59qa oh  #actively as  #drank  # #scooped actively  #poked walking that much drank  @mekkaboo3by6jmxezcq7o5zcge  #scooped','','{}','#poked #actively #drank #scooped #poked #scooped','[]','[]',0),('1rhnj4fpdigf7miugd53qg1pur',1513633707034,1513633707034,0,0,0,'uxk6qatygty5mmxysip6t79i5w','ht89p63tybydbfygqryd5ducfc','','','','ds3scueiktyzxpu5f1d6winodh joined the team.','system_join_team','{\"username\":\"ds3scueiktyzxpu5f1d6winodh\"}','','[]','[]',0),('1x5xuxzegfd4mfen1swnthqbja',1513633703478,1513633703478,0,0,0,'yk1akm3i57d4uxr7a1gwo7ug1r','ht89p63tybydbfygqryd5ducfc','','','','z8dz1stfwbroug8spqdw8pgo9w joined the team.','system_join_team','{\"username\":\"z8dz1stfwbroug8spqdw8pgo9w\"}','','[]','[]',0),('1xm5i9ofb7dqdjsfmp9spsrioe',1513633750037,1513633750037,0,0,0,'wjmu6z8dnjru7fdqs4npg4q6mw','eehzyiiddirpzboubbmm3s5b6r','','','',' #re-laid warmly re-laid a scooped  #more oh dear  #and  @uuz8joayyj8y7c6t3ngy5i9qzw much  #warmly  #goodness  @8wbjwqyijpbuiq1jzzm5ucb35w goodness the yet poignantly  @r33b7tate3nffjokzfin6b4qpa  # #more hey darn more ned and  @8o5ruyenm7b5bf9pjcdfxm7wdo  # #warmly darn hare cr compassionate hey sped','','{}','#re-laid #more #and #warmly #goodness #more #warmly','[]','[]',0),('1ykwqkd3dinbxgjxe5c9bg7yir',1513633750874,1513633750874,0,0,0,'wjmu6z8dnjru7fdqs4npg4q6mw','eehzyiiddirpzboubbmm3s5b6r','','','',' #shined shined robin beyond strident and se combed alas confessedly suggestively since according  @pxds6314178s7c6b3jdccpypgr much  @i8a36ybrnjbd88u96kik8x9syc some man-of-war for the  @4o5a94nfzp8xicqcch6b97obsr during less heron','','{}','#shined','[]','[]',0),('347d363subndmmr1s61sn4qpyo',1513633704598,1513633704598,0,0,0,'xcff6oze33frzfopbhm18874ar','ht89p63tybydbfygqryd5ducfc','','','','infhhtobwtb1befzrwofmz9rwr joined the team.','system_join_team','{\"username\":\"infhhtobwtb1befzrwofmz9rwr\"}','','[]','[]',0),('36dmwrmrziggtrsg97io575rra',1513633863205,1513633863205,0,0,0,'wjmu6z8dnjru7fdqs4npg4q6mw','porsuwba7bgz8nb1xcmjm9gxjc','','','','one considering crud caudal oh aboard unfitting jeez  @test attractively grinned toneless cynically baneful  @test far hummingbird that  @test during much far much buoyantly  #unfitting hello and manifestly  when','','{}','#unfitting','[]','[]',0),('39mzpkjrbbdkby6q5ecm49y7ho',1513633751103,1513633751103,0,0,0,'wjmu6z8dnjru7fdqs4npg4q6mw','eehzyiiddirpzboubbmm3s5b6r','','','','since jolly heated hardheadedly more the fearless ly  @8o5ruyenm7b5bf9pjcdfxm7wdo octopus jeepers placed  @ot3bdw4h67ru5j9mijzf4znuac that laborio apart on  #hey hey bit the cuddled.\nCaterpillar some ouch  @rct4g8sw13yqbfwuisq959thse  #since less pending','','{}','#hey #since','[]','[]',0),('3b7tyt7oa7feum136zm5uhypor',1513633862264,1513633862264,0,0,0,'wjmu6z8dnjru7fdqs4npg4q6mw','porsuwba7bgz8nb1xcmjm9gxjc','','','','ouch  #bat one prior contrary amicably oh darn guinea.\nIrksomely for extravagantly dreadfully  #dreadfully hungrily  # #dreadfully fl bat until inside one much upon ve gosh kangaroo much since up fired as','','{}','#bat #dreadfully #dreadfully','[]','[]',0),('3b9611igf3d9tni1cx935n4w6y',1513633789608,1513633789608,0,0,0,'wjmu6z8dnjru7fdqs4npg4q6mw','ffpa7wtmy3b75nsmq91q8de7nh','','','','under criminal normal where  @rukxz3noatgb885szc87dx4c4h  #unique  #hey at so and  @pt8z4kk3mpbzxby49db6bypp4r furrowed pithy  the hey circuitous  @4srt4ahrzfbsjg5nafjmjtcboh ouch a  @k9qfuunqx3fjddaz9p4kip6fmy more  #disbanded for  # kookaburra  #where a hey  @jxb6o9mapfbhfdq1camoee59qa feverish unique one disbanded','','{}','#unique #hey #disbanded #where','[]','[]',0),('3bzbbxzscfbebnsbdp4zibeiue',1513633709846,1513633709846,0,0,0,'tgh3feoiefgr5qb3u4y4ruxk7o','wjb8nt4mriy3fcp6ycyyaecwew','','','','anynjgqrgpg67xdqtg76rq7rro has joined the channel.','system_join_channel','{\"username\":\"anynjgqrgpg67xdqtg76rq7rro\"}','','[]','[]',0),('3ftmodujzbr39fhhcguqkta13e',1513633704315,1513633704315,0,0,0,'d7iwbi9akiyy8pritwwaqg7qyy','wjb8nt4mriy3fcp6ycyyaecwew','','','','x7w9xdj91pdk5myjc1ybgpnpmc has joined the channel.','system_join_channel','{\"username\":\"x7w9xdj91pdk5myjc1ybgpnpmc\"}','','[]','[]',0),('3fwy99c3bbdq7jebxw7yzdin9y',1513633789413,1513633789413,0,0,0,'wjmu6z8dnjru7fdqs4npg4q6mw','ffpa7wtmy3b75nsmq91q8de7nh','','','','before the jeez ng adventurous decidedly moth correctly darn wherever  #the much  @ckgc49rjajyxmjhuzy3t158pze  #on babo a reset  @ic8kdq9gspyqjqmx6sb3tyh4jy concentric much.\nJeepers  #adventurous sniffled mandrill that on  #before buoyant spitefully','','{}','#the #on #adventurous #before','[]','[]',0),('3n6uii8zu38pdg749srakp6rzr',1513633707731,1513633707731,0,0,0,'wgf1kcoqk7bbf841jnnmagi15h','wjb8nt4mriy3fcp6ycyyaecwew','','','','zu6h5tk15bgppbfrnz6y4wj8ah has joined the channel.','system_join_channel','{\"username\":\"zu6h5tk15bgppbfrnz6y4wj8ah\"}','','[]','[]',0),('3ofjsqi9c7d8fc3rknxfj431hr',1513633750641,1513633750641,0,0,0,'wjmu6z8dnjru7fdqs4npg4q6mw','eehzyiiddirpzboubbmm3s5b6r','','','','in that weird ahead scooped this far.\nTh  @8o5ruyenm7b5bf9pjcdfxm7wdo dear more actively  @fh5uzws9uigbup5pp51eddkmhr  #human far opposite  @infhhtobwtb1befzrwofmz9rwr thrust walking that human ode house before flinched duteous during','','{}','#human','[]','[]',0),('3oft6ntf5tfgxc9csi4ccj39ge',1513633707318,1513633707318,0,0,0,'szuruerm67nrfqut3tc4kqkqkh','wjb8nt4mriy3fcp6ycyyaecwew','','','','4o5a94nfzp8xicqcch6b97obsr has joined the channel.','system_join_channel','{\"username\":\"4o5a94nfzp8xicqcch6b97obsr\"}','','[]','[]',0),('3wxr6e86q7b49xx5fmbcemwezr',1513633789716,1513633789716,0,0,0,'wjmu6z8dnjru7fdqs4npg4q6mw','ffpa7wtmy3b75nsmq91q8de7nh','','','',' # #far  #ng crud adjusted inset under as following passably ng stolidly  @ot3bdw4h67ru5j9mijzf4znuac  @uuz8joayyj8y7c6t3ngy5i9qzw spac  @4o5a94nfzp8xicqcch6b97obsr and ladybug drank indecisive hence resolute sprang  #far exotic the less fabulous past far jeez the woodchuck and far loving  @z8dz1stfwbroug8spqdw8pgo9w','','{}','#far #ng #far','[]','[]',0),('3wyq9ffs67gh7jngic94a96j5y',1513633705058,1513633705058,0,0,0,'3mdfpg63cigd8ryxjxstt4prrw','ht89p63tybydbfygqryd5ducfc','','','','3cr9qzfsxbdymgawdwhoc6maia joined the team.','system_join_team','{\"username\":\"3cr9qzfsxbdymgawdwhoc6maia\"}','','[]','[]',0),('3z3kmywz6ibb3nqrt1yesz7peo',1513633749937,1513633749937,0,0,0,'wjmu6z8dnjru7fdqs4npg4q6mw','eehzyiiddirpzboubbmm3s5b6r','','','','s  #raptly raptly obdurately  # #raptly hardheadedly and  #definitely definitely oriole more wistful less immeasurably far  @j5fayu9zi7g5pcrrhzsfrxrrny  #oriole  @n74ug1cumj8o8qzk9jwte3srje laboriously jeepers that spilled aside jolly yikes far  # #oriole bit newt  cuddled.\nCaterpillar revealed','','{}','#raptly #raptly #definitely #oriole #oriole','[]','[]',0),('4gze8tie9tb8xqg9w1o96r7eny',1513633790027,1513633790027,0,0,0,'wjmu6z8dnjru7fdqs4npg4q6mw','ffpa7wtmy3b75nsmq91q8de7nh','','','',' @4o5a94nfzp8xicqcch6b97obsr turtle onto hawk   #onto eccentrically much much  #knitted and far limpet outsold lubber dived knitted congenially much shot yikes before one urkily ouch much  #one added thus tolerable','','{}','#onto #knitted #one','[]','[]',0),('4h1id746y3b7jfddh5q64d5hra',1513633709048,1513633709048,0,0,0,'fjxhag4eq3bzmnb8tjbetkjxbr','wjb8nt4mriy3fcp6ycyyaecwew','','','','4pxeae1d7tgs9fprnz1e8jcbgr has joined the channel.','system_join_channel','{\"username\":\"4pxeae1d7tgs9fprnz1e8jcbgr\"}','','[]','[]',0),('4h5of3baa3y6xn6gc8j9bcrefo',1513633863133,1513633863133,0,0,0,'wjmu6z8dnjru7fdqs4npg4q6mw','porsuwba7bgz8nb1xcmjm9gxjc','','','','and acr  @test one after exultingly ouch vulture outside  #reined  @test  @test serenely but yet.\nLess manatee  #ouch uit handsomely this some fatuously amidst komodo a less busted much reined','','{}','#reined #ouch','[]','[]',0),('4hk7eyhjh3r77bcquyo1iwroby',1513633703326,1513633703326,0,0,0,'za7miy1fdjf5ufp9o5bc7dzywe','ht89p63tybydbfygqryd5ducfc','','','','bd9n8jeet3b7jdeg5jk8auouxo joined the team.','system_join_team','{\"username\":\"bd9n8jeet3b7jdeg5jk8auouxo\"}','','[]','[]',0),('4id6k1u1i3yxzk38yfamao1r3r',1513633862755,1513633862755,0,0,0,'wjmu6z8dnjru7fdqs4npg4q6mw','porsuwba7bgz8nb1xcmjm9gxjc','','','','bluebird needless  #hey  @test craven dear more dness hey yet the sped overtook scooped misheard warmly rave and less  @test fell  #sped and that oh a darn compassionate  @test that  @test  @test darn','','{}','#hey #sped','[]','[]',0),('4t5zwfjom78a7f5kaw1purgejy',1513633704465,1513633704465,0,0,0,'7ouxha1pwpb3ieecmwiedhymih','wjb8nt4mriy3fcp6ycyyaecwew','','','','mekkaboo3by6jmxezcq7o5zcge has joined the channel.','system_join_channel','{\"username\":\"mekkaboo3by6jmxezcq7o5zcge\"}','','[]','[]',0),('4xtkaduq7pnd5gigwio1c3cnhy',1513633750489,1513633750489,0,0,0,'wjmu6z8dnjru7fdqs4npg4q6mw','eehzyiiddirpzboubbmm3s5b6r','','','','titilatingly aside laboriously definitely far  #aside obdurately yikes  #spilled far raptly wistful alon  #spilled ddled.\nCaterpillar immeasurably and newt scallop one  @391ku9dnspd7xd5zmudebqjhqh oriole spilled revealed','','{}','#aside #spilled #spilled','[]','[]',0),('576k4mjqufng5j43kc7xfza98y',1513633703179,1513633703179,0,0,0,'nbns3pdy1pnijmqh3iiiyyq9qr','ht89p63tybydbfygqryd5ducfc','','','','sb9t1t7gxfd4mjx53c6wcw77ya joined the team.','system_join_team','{\"username\":\"sb9t1t7gxfd4mjx53c6wcw77ya\"}','','[]','[]',0),('57thyqq4ifnkbrsnwtcumdyy6a',1513633707303,1513633707303,0,0,0,'szuruerm67nrfqut3tc4kqkqkh','ht89p63tybydbfygqryd5ducfc','','','','4o5a94nfzp8xicqcch6b97obsr joined the team.','system_join_team','{\"username\":\"4o5a94nfzp8xicqcch6b97obsr\"}','','[]','[]',0),('5853waopu3g7xgupfrsu441wbr',1513633790075,1513633790075,0,0,0,'wjmu6z8dnjru7fdqs4npg4q6mw','ffpa7wtmy3b75nsmq91q8de7nh','','','',' #much strident the inanimate alas so and robin beyond shined  #inside less  @sb9t1t7gxfd4mjx53c6wcw77ya combed d much then  @4w7ggcu3oifjxeiborduesrfnr heron according confessedly less inside some  #dismounted forgave and dismounted to  #so during since  @f5x7mg55x7yd7r4q171iy1w8oy suggestively far mongoose man-of-war  #combed','','{}','#much #inside #dismounted #so #combed','[]','[]',0),('5dhfhabf9i84pqqbktqe8sdw5e',1513633703976,1513633703976,0,0,0,'ge953sbnu7ropjpj9u3khjtm5e','ht89p63tybydbfygqryd5ducfc','','','','ckgc49rjajyxmjhuzy3t158pze joined the team.','system_join_team','{\"username\":\"ckgc49rjajyxmjhuzy3t158pze\"}','','[]','[]',0),('5erkbpwf77gp3gnap8zkw1is3h',1513633704299,1513633704299,0,0,0,'d7iwbi9akiyy8pritwwaqg7qyy','ht89p63tybydbfygqryd5ducfc','','','','x7w9xdj91pdk5myjc1ybgpnpmc joined the team.','system_join_team','{\"username\":\"x7w9xdj91pdk5myjc1ybgpnpmc\"}','','[]','[]',0),('5hiijf8wxjrhzjmi6tp6fy9akr',1513633789515,1513633789515,0,0,0,'wjmu6z8dnjru7fdqs4npg4q6mw','ffpa7wtmy3b75nsmq91q8de7nh','','','',' #untruthful alas leopard  #informally a outside conductive oh woolly less much untruthful conductive commendably and  hey lion informally  #woolly after compassionate much snug  # #woolly jeepers excepting','','{}','#untruthful #informally #woolly #woolly','[]','[]',0),('5mz99hany7frxkpujage333suy',1513633789085,1513633789085,0,0,0,'wjmu6z8dnjru7fdqs4npg4q6mw','ffpa7wtmy3b75nsmq91q8de7nh','','','','that  #that  bat so hence more after wayward far thanks wrote thus  #after  @jxb6o9mapfbhfdq1camoee59qa behind  # #that or  #shook alas flapped mindfully shook the this that understandable however so yellow  #this and hence','','{}','#that #after #that #shook #this','[]','[]',0),('5w9ih7543fbbtrnsryncgs4x8a',1513633750978,1513633750978,0,0,0,'wjmu6z8dnjru7fdqs4npg4q6mw','eehzyiiddirpzboubbmm3s5b6r','','','','octopus  #cowered prior  @znznz11f1tgh8knr7uhuapwbxe the placed some  #ana heated hey  #cowered along since a.\nFreely apart the ouch  @uuz8joayyj8y7c6t3ngy5i9qzw wayward ana  @uuz8joayyj8y7c6t3ngy5i9qzw  #the cowered h fearless  @rct4g8sw13yqbfwuisq959thse jeepers pending on  @ckgc49rjajyxmjhuzy3t158pze  #wayward','','{}','#cowered #ana #cowered #the #wayward','[]','[]',0),('66g87eeeypbn3qo4ppjud7gxzo',1513633789173,1513633789173,0,0,0,'wjmu6z8dnjru7fdqs4npg4q6mw','ffpa7wtmy3b75nsmq91q8de7nh','','','','strident much exclusively  #strident  #this pled and frug and and polite this forgave cantankerous a far  @pxds6314178s7c6b3jdccpypgr then circuitously man-of-war far alas ly less to inanimately.\nBeside misheard combed  @infhhtobwtb1befzrwofmz9rwr so some this crud','','{}','#strident #this','[]','[]',0),('66rrmn94mibzifh5ho7ht1uq8o',1513633789452,1513633789452,0,0,0,'wjmu6z8dnjru7fdqs4npg4q6mw','ffpa7wtmy3b75nsmq91q8de7nh','','','',' @k9qfuunqx3fjddaz9p4kip6fmy that less or  # #loyal logic broadcast awesomely e the when more  #loyal scow jeez  #loyal a across brightly confidently loyal rebound dipped convulsively  @x7w9xdj91pdk5myjc1ybgpnpmc some forward  #across  @ot3bdw4h67ru5j9mijzf4znuac much  #brightly yikes regal capitally some chose repeated','','{}','#loyal #loyal #loyal #across #brightly','[]','[]',0),('66ug8pxaifrc9kmb8frducgrzw',1513633789112,1513633789112,0,0,0,'wjmu6z8dnjru7fdqs4npg4q6mw','ffpa7wtmy3b75nsmq91q8de7nh','','','','as tarantula easy darn one  @nh6xcp3q3idy7chgub7t3xhj9h  @8o5ruyenm7b5bf9pjcdfxm7wdo ungrac gazelle well koala since  #as for until up much flamingo  #upon  #until one amicably prior contrary guinea.\nIrksomely  #upon upon h far fired despite','','{}','#as #upon #until #upon','[]','[]',0),('6c4u5p9ub7f1zkznobkhngnzho',1513633750478,1513633750478,0,0,0,'wjmu6z8dnjru7fdqs4npg4q6mw','eehzyiiddirpzboubbmm3s5b6r','','','','badly opposite off  # #jeez less  #pathetically  #jeez mildly  #purred much purred bluntly jeez goodness oh a panther cat gull  #panther in hatchet  #badly on pathetically .\nLess less much from obscure manatee g at  #in','','{}','#jeez #pathetically #jeez #purred #panther #badly #in','[]','[]',0),('6ctdsbrs6jr9b8nybwzj8yigxh',1513633862630,1513633862630,0,0,0,'wjmu6z8dnjru7fdqs4npg4q6mw','porsuwba7bgz8nb1xcmjm9gxjc','','','','broadcast confidently chose or  #convulsively s  @test  #when convulsively yikes  #some more some rebound some much  @test repeated forward dipped rega when a awesomely','','{}','#convulsively #when #some','[]','[]',0),('6hkrygjx4in38q478jpya58umr',1513633862435,1513633862435,0,0,0,'wjmu6z8dnjru7fdqs4npg4q6mw','porsuwba7bgz8nb1xcmjm9gxjc','','','','less ungracefully  #koala  @test easy  #more flamingo far one that until gazelle  @test well criminal hey rose more tarantula ntrary under koala despite  # #koala','','{}','#koala #more #koala','[]','[]',0),('6hrg83mzrtyc8c1sr9o8ih44ba',1513633750098,1513633750098,0,0,0,'wjmu6z8dnjru7fdqs4npg4q6mw','eehzyiiddirpzboubbmm3s5b6r','','','','that  @xp1zkqufsb8fmpobw8tbd76s4r mindfully understandable  @4o5a94nfzp8xicqcch6b97obsr  #on hatchet euphemistically so from shook off  @fh5uzws9uigbup5pp51eddkmhr obscure  # #that goodness  #cat much  @8o5ruyenm7b5bf9pjcdfxm7wdo that  @sb9t1t7gxfd4mjx53c6wcw77ya hence in badly much  # #cat cat thus this yel  #that gull hence after or  #that on  #goodness manatee','','{}','#on #that #cat #cat #that #that #goodness','[]','[]',0),('6j6wczy18pb9ukm7kzqjnkwfso',1513633707164,1513633707164,0,0,0,'wsu1cqh96fryzpexkfg586n53h','ht89p63tybydbfygqryd5ducfc','','','','rukxz3noatgb885szc87dx4c4h joined the team.','system_join_team','{\"username\":\"rukxz3noatgb885szc87dx4c4h\"}','','[]','[]',0),('6jd5uredzf84fna9zyopdzs78a',1513633788816,1513633788816,0,0,0,'wjmu6z8dnjru7fdqs4npg4q6mw','ffpa7wtmy3b75nsmq91q8de7nh','','','','much considering  #manifestly  #and  far so upon  #caudal  #grinned when  @i8a36ybrnjbd88u96kik8x9syc and grinned caudal  @4srt4ahrzfbsjg5nafjmjtcboh inscrutably  # #caudal affirmative  #diligently  #much diligently hummingbird  @ds3scueiktyzxpu5f1d6winodh hello manifestly fit','','{}','#manifestly #and #caudal #grinned #caudal #diligently #much','[]','[]',0),('6kp6dw97s3rh7k3md58w4cxddc',1513633789785,1513633789785,0,0,0,'wjmu6z8dnjru7fdqs4npg4q6mw','ffpa7wtmy3b75nsmq91q8de7nh','','','','sheep where  @ux1hg4tghibr7pqcnms7j6dkhc awesome nutria  #where far preparatory mocki coquettish  @azqzspqxcproikagcee6hcs3ua dear cordial that gradually coarsely  @uuz8joayyj8y7c6t3ngy5i9qzw  @ckgc49rjajyxmjhuzy3t158pze ily  @ycq8oeg5q7gn8fo7f63yb1hi8o exaggerated shuddered because','','{}','#where','[]','[]',0),('6ny7rtg1mtgufjnbzopr6mgr6a',1513633703340,1513633703340,0,0,0,'za7miy1fdjf5ufp9o5bc7dzywe','wjb8nt4mriy3fcp6ycyyaecwew','','','','bd9n8jeet3b7jdeg5jk8auouxo has joined the channel.','system_join_channel','{\"username\":\"bd9n8jeet3b7jdeg5jk8auouxo\"}','','[]','[]',0),('6oigyktgd3g5t8acukf63wwn8y',1513633863354,1513633863354,0,0,0,'wjmu6z8dnjru7fdqs4npg4q6mw','porsuwba7bgz8nb1xcmjm9gxjc','','','','up  @test red  #as mastodon infinitesimal well  #far shark grasshop some  @test  @test as dropped set jeepers this since before  #this  #infinitesimal  #set far more distant much','','{}','#as #far #this #infinitesimal #set','[]','[]',0),('6stturopt7gojbikkysi3iexiw',1513633708511,1513633708511,0,0,0,'k9rcst5mhfymdnghuiae6kxtzh','ht89p63tybydbfygqryd5ducfc','','','','8wbjwqyijpbuiq1jzzm5ucb35w joined the team.','system_join_team','{\"username\":\"8wbjwqyijpbuiq1jzzm5ucb35w\"}','','[]','[]',0),('6ugejmud47gq8j3gouew8qocnr',1513633706002,1513633706002,0,0,0,'nh7itdi3wfbdpnkoeewgtrqbjr','wjb8nt4mriy3fcp6ycyyaecwew','','','','4srt4ahrzfbsjg5nafjmjtcboh has joined the channel.','system_join_channel','{\"username\":\"4srt4ahrzfbsjg5nafjmjtcboh\"}','','[]','[]',0),('6yewuc3s5tbsfgf4ioyadtesnc',1513633862491,1513633862491,0,0,0,'wjmu6z8dnjru7fdqs4npg4q6mw','porsuwba7bgz8nb1xcmjm9gxjc','','','',' #pangolin seal  #more across  #rich congenially lynx murkily alas flabby rich jeepers sneered  #added much  @test  @test hence lubber ec outbid dived but pangolin plankton the pre-set  #more radical added on nasty onto  #onto far more   #seal  @test','','{}','#pangolin #more #rich #added #more #onto #seal','[]','[]',0),('6zkpno71zfgc3fmw54jqhkjs7r',1513633709303,1513633709303,0,0,0,'cejpxaryz3yi8p4b79hop4bsoh','ht89p63tybydbfygqryd5ducfc','','','','jxb6o9mapfbhfdq1camoee59qa joined the team.','system_join_team','{\"username\":\"jxb6o9mapfbhfdq1camoee59qa\"}','','[]','[]',0),('7374pjo4mbynzgsshkafmf4kyr',1513633863367,1513633863367,0,0,0,'wjmu6z8dnjru7fdqs4npg4q6mw','porsuwba7bgz8nb1xcmjm9gxjc','','','','wherever moth  #a much.\nJeepers  #jeez a concentric before  #much the  #mandrill much reset that buoyant adventurous  #reset on  #adventurous jeez  @test sniffled mandrill  #adventurous d spitefully','','{}','#jeez #much #mandrill #reset #adventurous #adventurous','[]','[]',0),('738aqjbdj7bsjx7hfmh3pwzg1a',1513633749949,1513633749949,0,0,0,'wjmu6z8dnjru7fdqs4npg4q6mw','eehzyiiddirpzboubbmm3s5b6r','','','','wistful  #wistful laboriously more far oriole cuddled.\nCaterpillar  #immeasurably headedly newt less spilled immeasurably  #oriole that jolly  #wistful  #aside and  #spilled aside far bit ','','{}','#wistful #immeasurably #oriole #wistful #aside #spilled','[]','[]',0),('73zgtapxmbyc8erbigdtyz1qqw',1513633789028,1513633789028,0,0,0,'wjmu6z8dnjru7fdqs4npg4q6mw','ffpa7wtmy3b75nsmq91q8de7nh','','','',' without  @cb6ns6f7stdmtmmxyobt64aqkh less infallibly  @ds3scueiktyzxpu5f1d6winodh reliably  #less one across  #while dded orca while  #supp while  #without beat  @8wbjwqyijpbuiq1jzzm5ucb35w smooched and set accurately  #without yikes strategic supp lorikeet hello hello  #supp  @ux1hg4tghibr7pqcnms7j6dkhc','','{}','#less #while #supp #without #without #supp','[]','[]',0),('76qg1quq6jrjdyp5qz179k37fe',1513633704140,1513633704140,0,0,0,'wagc85qtnj8mmftzbkpdqcpwxo','ht89p63tybydbfygqryd5ducfc','','','','391ku9dnspd7xd5zmudebqjhqh joined the team.','system_join_team','{\"username\":\"391ku9dnspd7xd5zmudebqjhqh\"}','','[]','[]',0),('783dmy7gbtyp8jyd94px4sdixe',1513633741091,1513633741091,0,0,0,'wjmu6z8dnjru7fdqs4npg4q6mw','eehzyiiddirpzboubbmm3s5b6r','','','','test updated the channel header to: Description for starting channel','system_header_change','{\"new_header\":\"Description for starting channel\",\"old_header\":\"\",\"username\":\"test\"}','','[]','[]',0),('7bmwahq5f3gaxxnjp8q7m5sama',1513633853081,1513633853081,0,0,0,'wjmu6z8dnjru7fdqs4npg4q6mw','ysqgmpqa7bd8xr5ppdrwqcbj1o','','','','test has joined the channel.','system_join_channel','{\"username\":\"test\"}','','[]','[]',0),('7dkebyu5f3dcpezmsg5x1x8cyr',1513633707719,1513633707719,0,0,0,'wgf1kcoqk7bbf841jnnmagi15h','ht89p63tybydbfygqryd5ducfc','','','','zu6h5tk15bgppbfrnz6y4wj8ah joined the team.','system_join_team','{\"username\":\"zu6h5tk15bgppbfrnz6y4wj8ah\"}','','[]','[]',0),('7e6558kjb3y5mkyeqi4sagke6w',1513633789651,1513633789651,0,0,0,'wjmu6z8dnjru7fdqs4npg4q6mw','ffpa7wtmy3b75nsmq91q8de7nh','','','','hence  @w95x7skwr78xxgmbkzdgn7mdfo  # bat so much on wayward  shook in after yellow euphemistically off hence obscure  @ux1hg4tghibr7pqcnms7j6dkhc understandable goodness  #far this that or behind  @x7w9xdj91pdk5myjc1ybgpnpmc  #or that thus  @fh5uzws9uigbup5pp51eddkmhr hatchet far  @1h5yp11sxpf7ug6x38wno8gcwa mindfully manatee from gull','','{}','#far #or','[]','[]',0),('7ee5f3ncn7yfzc89zs5cuticny',1513633862702,1513633862702,0,0,0,'wjmu6z8dnjru7fdqs4npg4q6mw','porsuwba7bgz8nb1xcmjm9gxjc','','','','among squid scallop  @test and  @test  #and balked echidna sane hello black but yikes and far more  @test m cockatoo sexy  #among while this as raucously a halfhearted wrongly hey  @test ouch thankful  #yikes far  #yikes one.\nRaccoon this tacky  #m alas','','{}','#and #among #yikes #yikes','[]','[]',0),('7heuyusbxty8dqjnryk8ymeipw',1513633709700,1513633709700,0,0,0,'7j3qg5nzffbz9bnenoji3a83ha','ht89p63tybydbfygqryd5ducfc','','','','1t859kwgxfyotkksq93tgnhzro joined the team.','system_join_team','{\"username\":\"1t859kwgxfyotkksq93tgnhzro\"}','','[]','[]',0),('7m4pm8pzdi8cbqad41b3c845ue',1513633789636,1513633789636,0,0,0,'wjmu6z8dnjru7fdqs4npg4q6mw','ffpa7wtmy3b75nsmq91q8de7nh','','','','normal more  @sb9t1t7gxfd4mjx53c6wcw77ya where  #nder hey for furrowed criminal ouch the feverish unique  @fh5uzws9uigbup5pp51eddkmhr kookaburra  @rukxz3noatgb885szc87dx4c4h  @ds3scueiktyzxpu5f1d6winodh  #nder hey one a nder  #nder so disbanded circuitous a','','{}','#nder #nder #nder','[]','[]',0),('7rdxeq3s9f88mccz57y4qbrw9w',1513633750242,1513633750242,0,0,0,'wjmu6z8dnjru7fdqs4npg4q6mw','eehzyiiddirpzboubbmm3s5b6r','','','','circuitous explicitly  @ds3scueiktyzxpu5f1d6winodh more pithy  #disbanded disbanded  #cliquishly a furrowed where across minal then unique ouch a one  @ds3scueiktyzxpu5f1d6winodh far feverish oh the and normal  @xp1zkqufsb8fmpobw8tbd76s4r and versus much the kookaburra far for hey so cliquishly','','{}','#disbanded #cliquishly','[]','[]',0),('7ssxziecbtf6mepd7jry8hbxww',1513633863248,1513633863248,0,0,0,'wjmu6z8dnjru7fdqs4npg4q6mw','porsuwba7bgz8nb1xcmjm9gxjc','','','','much  #much irresistible  @test bluntly parrot  @test at  @test jollily this honey and hat then earthworm wow.\nLess  @test rarely rose panther  #wow.\nLess jeez immaturely goodness  #panther less','','{}','#much #wow #panther','[]','[]',0),('7t9npw5xypfa9knkzfrk9hr7ar',1513633862479,1513633862479,0,0,0,'wjmu6z8dnjru7fdqs4npg4q6mw','porsuwba7bgz8nb1xcmjm9gxjc','','','','  #hello ouch black sexy far near  @test  @test hello scallop and wrongly yikes alas more balked the  @test shrewdly hey gosh as yet mu sane and among tacky  @test  @test','','{}','#hello','[]','[]',0),('7ukxgbe46bgs8fnh99uihirboe',1513633789242,1513633789242,0,0,0,'wjmu6z8dnjru7fdqs4npg4q6mw','ffpa7wtmy3b75nsmq91q8de7nh','','','','far  #shrewdly hello caribou black yet sexy a and the  #and far  #a  #  @ic8kdq9gspyqjqmx6sb3tyh4jy  #far sane much shrewdly more as on  #far gosh tacky wrongly balked  #near a ruthlessly yikes near ','','{}','#shrewdly #and #far #far #near','[]','[]',0),('7uqzrmyemibgtp59hybwm97jjo',1513633789058,1513633789058,0,0,0,'wjmu6z8dnjru7fdqs4npg4q6mw','ffpa7wtmy3b75nsmq91q8de7nh','','','','past therefore tenable  #yikes wow dachshund scornfully outside hence  @391ku9dnspd7xd5zmudebqjhqh pounded  #and baneful  #this yikes one  #scornfully lynx this dived  @r33b7tate3nffjokzfin6b4qpa scowled immature and one  @cb6ns6f7stdmtmmxyobt64aqkh  #wow be groaned prior  @sb9t1t7gxfd4mjx53c6wcw77ya hence','','{}','#yikes #and #this #scornfully #wow','[]','[]',0),('7whmgw59tiru8ygudhn4dozwbo',1513633863293,1513633863293,0,0,0,'wjmu6z8dnjru7fdqs4npg4q6mw','porsuwba7bgz8nb1xcmjm9gxjc','','','','incessantly considering a goodness far a neurotically wholeheartedly honey  #and dear wore  #abo so insolently firefly one  @test far and that abjectly abo between impotently greyhound grouped  @test far so ver one','','{}','#and #abo','[]','[]',0),('7yt8x5em63duzqpohaghxftrjc',1513633789703,1513633789703,0,0,0,'wjmu6z8dnjru7fdqs4npg4q6mw','ffpa7wtmy3b75nsmq91q8de7nh','','','','cut drank much hedgehog dachshund ironic this scowled  @jxb6o9mapfbhfdq1camoee59qa pounded prior scratched  #therefore before  tenable one one this while and supp much dived shark groaned added limpet outside therefore hey  rabbit','','{}','#therefore','[]','[]',0),('85cdwd8iffrn5cgcwx7mdnt5me',1513633862954,1513633862954,0,0,0,'wjmu6z8dnjru7fdqs4npg4q6mw','porsuwba7bgz8nb1xcmjm9gxjc','','','','temperately this goldfinch serenely along outside more excitedly against e  #temperately one goodhearted oh after ouch quit classically this a vulture gauche','','{}','#temperately','[]','[]',0),('868b5uytpjrgpnihj58xooh4ur',1513633862942,1513633862942,0,0,0,'wjmu6z8dnjru7fdqs4npg4q6mw','porsuwba7bgz8nb1xcmjm9gxjc','','','',' #man-of-war  @test  @test  @test to  #this then far  # #this combed polite so forgave  #this man-of-war  #much this this alas a strident  @test and inanimately.\nBeside crud much','','{}','#man-of-war #this #this #this #much','[]','[]',0),('88aed5ikk7npxqkprr46jnt93w',1513633750064,1513633750064,0,0,0,'wjmu6z8dnjru7fdqs4npg4q6mw','eehzyiiddirpzboubbmm3s5b6r','','','','decidedly giraffe more outrageously far far the worm much less rattlesnake gosh overslept so groundhog hysteric and baboon h showed one  @uuz8joayyj8y7c6t3ngy5i9qzw away on darn a at on','','{}','','[]','[]',0),('89gdu85fwfys7kc67y85qqhhzc',1513633706764,1513633706764,0,0,0,'5rxm7qkem3y8fmsfruo6ajz48c','wjb8nt4mriy3fcp6ycyyaecwew','','','','xp1zkqufsb8fmpobw8tbd76s4r has joined the channel.','system_join_channel','{\"username\":\"xp1zkqufsb8fmpobw8tbd76s4r\"}','','[]','[]',0),('8a7ic7eyzfnwxjbyge4ww4wf7h',1513633705856,1513633705856,0,0,0,'btqmoens1tbs3xirhmuzmde93h','wjb8nt4mriy3fcp6ycyyaecwew','','','','f8dsorjurfdqmg5j9gpjpn64ar has joined the channel.','system_join_channel','{\"username\":\"f8dsorjurfdqmg5j9gpjpn64ar\"}','','[]','[]',0),('8ai7phrxc3d3f8zczh4rnuecih',1513633863267,1513633863267,0,0,0,'wjmu6z8dnjru7fdqs4npg4q6mw','porsuwba7bgz8nb1xcmjm9gxjc','','','','and  @test bucolically a tapir wolverine.\nCm essential jeepers wildeb on a cow more ouch while  @test  @test aside when from jeering  #from some much rewrote  #more this  #and  @test  @test ch this admirably in ouch  #ouch and much egregiously','','{}','#from #more #and #ouch','[]','[]',0),('8bwtojw9mig3mrjnatgwt7bmke',1513633789690,1513633789690,0,0,0,'wjmu6z8dnjru7fdqs4npg4q6mw','ffpa7wtmy3b75nsmq91q8de7nh','','','','poignantly  @w95x7skwr78xxgmbkzdgn7mdfo scooped hey and  @1t859kwgxfyotkksq93tgnhzro re the goodness much dear darn oh  #re sped compassionate more yet a re-laid warmly','','{}','#re','[]','[]',0),('8cr9p4agii893jrtsk3exmg8ta',1513633789318,1513633789318,0,0,0,'wjmu6z8dnjru7fdqs4npg4q6mw','ffpa7wtmy3b75nsmq91q8de7nh','','','','less sprang following under far indecisive pass as  #indecisive resolute hence ladybug woodchuck loving and and the exotic  @8wbjwqyijpbuiq1jzzm5ucb35w drank  #indecisive crud far','','{}','#indecisive #indecisive','[]','[]',0),('8fep7g5eobdo9p5oawzm4ynzfy',1513633750864,1513633750864,0,0,0,'wjmu6z8dnjru7fdqs4npg4q6mw','eehzyiiddirpzboubbmm3s5b6r','','','','rude rooster then minate onto  #during more and  #during less yikes alongside tiger  #this unerring  #rooster  # #during  #irrespective forcefully some this sank  #amorally far after jeez powerlessly brought irrespective during amorally bat','','{}','#during #during #this #rooster #during #irrespective #amorally','[]','[]',0),('8n8bcct6zj8rdguq1eexkcg1zr',1513633790039,1513633790039,0,0,0,'wjmu6z8dnjru7fdqs4npg4q6mw','ffpa7wtmy3b75nsmq91q8de7nh','','','',' @tqcqmti8638adebyxagdegf77w so boa.\nOne instead as far kangaroo dazedly  #woodchuck angelfish  #nasty  @ds3scueiktyzxpu5f1d6winodh  #dazedly away parrot the one  #angelfish highhanded tefully a where fortuitous onto nasty  #fortuitous testy worm caribou cuckoo yet   #so woodchuck  #boa.\nOne','','{}','#woodchuck #nasty #dazedly #angelfish #fortuitous #so #boa','[]','[]',0),('8nc7qd33ujn6tebff9o3ao7atc',1513633708375,1513633708375,0,0,0,'e1un6gcpjbn6txpcfpgtuqgbka','ht89p63tybydbfygqryd5ducfc','','','','4w7ggcu3oifjxeiborduesrfnr joined the team.','system_join_team','{\"username\":\"4w7ggcu3oifjxeiborduesrfnr\"}','','[]','[]',0),('8o8d8s9reifrzfr8im39mxftba',1513633863257,1513633863257,0,0,0,'wjmu6z8dnjru7fdqs4npg4q6mw','porsuwba7bgz8nb1xcmjm9gxjc','','','',' @test much limpet yikes  @test e this  @test knitted yawned  @test  @test up  #hence much however one much  #boundless shot this boundless  #boundless  #up up   #hello when  #e well.\nUnicorn hence angry hello woolly','','{}','#hence #boundless #boundless #up #hello','[]','[]',0),('8p81kgxdtffgtk6jfhat3huj6y',1513633789528,1513633789528,0,0,0,'wjmu6z8dnjru7fdqs4npg4q6mw','ffpa7wtmy3b75nsmq91q8de7nh','','','',' #after unerring  #onto  #rude after extr  @4o5a94nfzp8xicqcch6b97obsr some less irrespective  # #onto bat this kangaroo then rude onto hungrily amorally sank  @zu6h5tk15bgppbfrnz6y4wj8ah  @w95x7skwr78xxgmbkzdgn7mdfo alongside  @jxb6o9mapfbhfdq1camoee59qa','','{}','#after #onto #rude #onto','[]','[]',0),('8r44iomfujgpdjw3r79w8xfxoo',1513633707851,1513633707851,0,0,0,'5ketnsjrgfr88ydf1i6gtcgcro','ht89p63tybydbfygqryd5ducfc','','','','k9qfuunqx3fjddaz9p4kip6fmy joined the team.','system_join_team','{\"username\":\"k9qfuunqx3fjddaz9p4kip6fmy\"}','','[]','[]',0),('8us8ezppb3fz9p1ywzernuydma',1513633751019,1513633751019,0,0,0,'wjmu6z8dnjru7fdqs4npg4q6mw','eehzyiiddirpzboubbmm3s5b6r','','','','far far honey halfhearted ctly so  # #halfhearted echidna so insolently greyhound more  #halfhearted between  # # #halfhearted a goodness above thankfu  #more far raucously','','{}','#halfhearted #halfhearted #halfhearted #more','[]','[]',0),('94xcd4sihpde3p6713moe5wy9e',1513633750317,1513633750317,0,0,0,'wjmu6z8dnjru7fdqs4npg4q6mw','eehzyiiddirpzboubbmm3s5b6r','','','','far lubber on  #on  #radical  #radical sneered much congenially hence dived   #hence ec outbid the rich nasty pangolin lynx flabby onto  @rct4g8sw13yqbfwuisq959thse  #onto jeepers pre-set  #rich seal  @zu6h5tk15bgppbfrnz6y4wj8ah murkily added more  # #hence alas radical','','{}','#on #radical #radical #hence #onto #rich #hence','[]','[]',0),('95dwkubkutf9xjware5pitgxse',1513633863379,1513633863379,0,0,0,'wjmu6z8dnjru7fdqs4npg4q6mw','porsuwba7bgz8nb1xcmjm9gxjc','','','','saddled ouch where aside rom struc  #saddled crane dear some  #some wildebeest endearingly beside a together ouch  #rom opposite hummingbird the much goodness','','{}','#saddled #some #rom','[]','[]',0),('95yse5uohbdpugtnpujboqyqdo',1513633789135,1513633789135,0,0,0,'wjmu6z8dnjru7fdqs4npg4q6mw','ffpa7wtmy3b75nsmq91q8de7nh','','','','more however bat shook  #so thanks yellow  @4srt4ahrzfbsjg5nafjmjtcboh flapped  #alas hence s alas so behind wayward the so thus that far that mindfully an wrote','','{}','#so #alas','[]','[]',0),('969jw47ud7nwbq4gn4aamndpby',1513633705543,1513633705543,0,0,0,'uxycdhy41fy4ubaxozoaxergar','ht89p63tybydbfygqryd5ducfc','','','','ycq8oeg5q7gn8fo7f63yb1hi8o joined the team.','system_join_team','{\"username\":\"ycq8oeg5q7gn8fo7f63yb1hi8o\"}','','[]','[]',0),('98zeoru39frbbg59zup73ppuse',1513633788778,1513633788778,0,0,0,'wjmu6z8dnjru7fdqs4npg4q6mw','ffpa7wtmy3b75nsmq91q8de7nh','','','','stolidly  #loving resolute  @jxb6o9mapfbhfdq1camoee59qa exotic hence crud e  @ot3bdw4h67ru5j9mijzf4znuac drank  @azqzspqxcproikagcee6hcs3ua following as less jeez ladybug  @zu6h5tk15bgppbfrnz6y4wj8ah  # #far passably loving the under sprang far  #far','','{}','#loving #far #far','[]','[]',0),('99yrukdzr7f57ddbw989no5u4h',1513633862744,1513633862744,0,0,0,'wjmu6z8dnjru7fdqs4npg4q6mw','porsuwba7bgz8nb1xcmjm9gxjc','','','','alas crud  #loving jeez ladybug  #hence stolidly exotic the less  @test following as indecisive  nd passably the  @test spaciously sprang loving more hence under  #the  @test fishily far the  #the  #more  @test resolute inset hey drank cozily  @test  #indecisive  # #loving','','{}','#loving #hence #the #the #more #indecisive #loving','[]','[]',0),('9kdmr9jspig6pma65qt8j9gcao',1513633709446,1513633709446,0,0,0,'yu9psb8yrirndbhixeisuj9ydh','wjb8nt4mriy3fcp6ycyyaecwew','','','','cb6ns6f7stdmtmmxyobt64aqkh has joined the channel.','system_join_channel','{\"username\":\"cb6ns6f7stdmtmmxyobt64aqkh\"}','','[]','[]',0),('9m9cm6s5fffhzdst8w55mgs8jh',1513633709714,1513633709714,0,0,0,'7j3qg5nzffbz9bnenoji3a83ha','wjb8nt4mriy3fcp6ycyyaecwew','','','','1t859kwgxfyotkksq93tgnhzro has joined the channel.','system_join_channel','{\"username\":\"1t859kwgxfyotkksq93tgnhzro\"}','','[]','[]',0),('9mmw54rkmjrxbfed9ngn1n9thr',1513633709575,1513633709575,0,0,0,'wx5ft3wcbtgiugsypwmwtz691a','wjb8nt4mriy3fcp6ycyyaecwew','','','','n74ug1cumj8o8qzk9jwte3srje has joined the channel.','system_join_channel','{\"username\":\"n74ug1cumj8o8qzk9jwte3srje\"}','','[]','[]',0),('9ndzjc1mb7yn8dmyz854uci31r',1513633788925,1513633788925,0,0,0,'wjmu6z8dnjru7fdqs4npg4q6mw','ffpa7wtmy3b75nsmq91q8de7nh','','','','irksomely.\nCamel the waked input as richly the shrugged sincere ruck smooched  @znznz11f1tgh8knr7uhuapwbxe this gr  #shrugged  #the until  #input pulled slick hawk','','{}','#shrugged #the #input','[]','[]',0),('9wo5u3n8pjnimprw1d1q9msyde',1513633789812,1513633789812,0,0,0,'wjmu6z8dnjru7fdqs4npg4q6mw','ffpa7wtmy3b75nsmq91q8de7nh','','','',' #hello up one yawned up boundless pet hence woolly clos much  #clos  #up express  #this jaded hello well.\nUnicorn angry  #woolly  #up this this however when  @n5kfjujjefy4uraw3w7qwgckfy','','{}','#hello #clos #up #this #woolly #up','[]','[]',0),('a77zpytz3fbpdd61tt4ftakddy',1513633862521,1513633862521,0,0,0,'wjmu6z8dnjru7fdqs4npg4q6mw','porsuwba7bgz8nb1xcmjm9gxjc','','','','revealed ouch and definitely monumentally raptly newt that insolent alongside abortive immeasurably  @test yikes much wretched a  #spoke  @test alas  #newt turned the riole  before obdurately spoke titilatingly  #before one scallop','','{}','#spoke #newt #before','[]','[]',0),('ajottnxtnidoufdmiki39or3uw',1513633707577,1513633707577,0,0,0,'9ja9qsyibigkjfuwb7ot5w5cey','ht89p63tybydbfygqryd5ducfc','','','','znznz11f1tgh8knr7uhuapwbxe joined the team.','system_join_team','{\"username\":\"znznz11f1tgh8knr7uhuapwbxe\"}','','[]','[]',0),('apcraghnypfed8izyay9qb4zqw',1513633862341,1513633862341,0,0,0,'wjmu6z8dnjru7fdqs4npg4q6mw','porsuwba7bgz8nb1xcmjm9gxjc','','','','tapir  #in while more wolverine.\nCm ouch  @test cally  #when admirably jeepers essential  #cally when this  #more and a  #when this much and rewro  #jeepers in  @test','','{}','#in #when #cally #more #when #jeepers','[]','[]',0),('aq69iwkrqfgxbcm55m9ut8sr4r',1513633789379,1513633789379,0,0,0,'wjmu6z8dnjru7fdqs4npg4q6mw','ffpa7wtmy3b75nsmq91q8de7nh','','','','hey  @8wbjwqyijpbuiq1jzzm5ucb35w  #more that to   @ckgc49rjajyxmjhuzy3t158pze this wove piquant inventoried  #excepting brusque pill that  @3wtpsphg4tb198dtcqn84xiqmh and aristocratically llama.\nUp e  @x7w9xdj91pdk5myjc1ybgpnpmc  #this  #macaw more alas squid the macaw and due excepting spread beneath without on','','{}','#more #excepting #this #macaw','[]','[]',0),('aqf1qn6r7fyf3ef5gz589oxt3a',1513633863164,1513633863164,0,0,0,'wjmu6z8dnjru7fdqs4npg4q6mw','porsuwba7bgz8nb1xcmjm9gxjc','','','',' #caterpillar and drank wallaby petted oh much scandalously as  #walkin caterpillar beside rode earish.\nMore poked walkin after  #and  #and much until actively  #much','','{}','#caterpillar #walkin #and #and #much','[]','[]',0),('asgcjr1zfjd1pqgkxtqhox6qqw',1513633862845,1513633862845,0,0,0,'wjmu6z8dnjru7fdqs4npg4q6mw','porsuwba7bgz8nb1xcmjm9gxjc','','','','m endearingly the  #hummingbird dear together a ou crane aside goodness opposite where  #dear beside wildebeest  #goodness much  #beside hummingbird  #where some saddled','','{}','#hummingbird #dear #goodness #beside #where','[]','[]',0),('asijs9j4jbnh8pt93oyihwk11a',1513633750727,1513633750727,0,0,0,'wjmu6z8dnjru7fdqs4npg4q6mw','eehzyiiddirpzboubbmm3s5b6r','','','','omodo and jeepers bucolically egregiously when the ouch much a  @rct4g8sw13yqbfwuisq959thse  @test admirably fabulous  @zu6h5tk15bgppbfrnz6y4wj8ah essential jeering much  #omodo cow a  @3wtpsphg4tb198dtcqn84xiqmh some tap  @3wtpsphg4tb198dtcqn84xiqmh','','{}','#omodo','[]','[]',0),('ayyup3yex7gm8rwkssc7xhb8mh',1513633750503,1513633750503,0,0,0,'wjmu6z8dnjru7fdqs4npg4q6mw','eehzyiiddirpzboubbmm3s5b6r','','','','the hey wrongly as far a sane at after.\nSpoke tou less threw and well balked  @nh6xcp3q3idy7chgub7t3xhj9h shrewdly black  #yikes a the gosh on ruthlessly alas much yet  @ux1hg4tghibr7pqcnms7j6dkhc caribou scallop tacky hello sexy near d one yikes far  @8wbjwqyijpbuiq1jzzm5ucb35w more','','{}','#yikes','[]','[]',0),('azbwqwasi3ridd1oeeapqip8fy',1513633862665,1513633862665,0,0,0,'wjmu6z8dnjru7fdqs4npg4q6mw','porsuwba7bgz8nb1xcmjm9gxjc','','','',' @test  @test c this more in  #from while pers  @test tapir on this and ouch when rewrote and essential aside wildebeest ouch much  #in from wolverine.\nCm','','{}','#from #in','[]','[]',0),('azjnn78axfr17mx5qu85qbdwkh',1513633750142,1513633750142,0,0,0,'wjmu6z8dnjru7fdqs4npg4q6mw','eehzyiiddirpzboubbmm3s5b6r','','','','less essential proudly shined according merrily heron  #essential mongoose the  #shined during painful dismounted and beyond far.\nThe  #painful since inside far jeepers suggestiv robin essential confessedly n','','{}','#essential #shined #painful','[]','[]',0),('b5o15ndhh7rwmpmfmxid31m4ur',1513633705091,1513633705091,0,0,0,'3mdfpg63cigd8ryxjxstt4prrw','wjb8nt4mriy3fcp6ycyyaecwew','','','','3cr9qzfsxbdymgawdwhoc6maia has joined the channel.','system_join_channel','{\"username\":\"3cr9qzfsxbdymgawdwhoc6maia\"}','','[]','[]',0),('b9zx8s87tjnwpp1briia8r863c',1513633751139,1513633751139,0,0,0,'wjmu6z8dnjru7fdqs4npg4q6mw','eehzyiiddirpzboubbmm3s5b6r','','','','extravagantly  @xp1zkqufsb8fmpobw8tbd76s4r dreadfully much for guinea.\nIrksomely sinc inside ouch oh one up much as upon fired kangaroo  @ic8kdq9gspyqjqmx6sb3tyh4jy prior gosh darn amicably ly','','{}','','[]','[]',0),('beiim6woxjyhirgr66ziqx5w5a',1513633862724,1513633862724,0,0,0,'wjmu6z8dnjru7fdqs4npg4q6mw','porsuwba7bgz8nb1xcmjm9gxjc','','','','asy hey furrowed where disbanded well ungracefully that hey  @test for gazelle  @test normal rose  @test ouch one more a circuitous less a under the so unique kookaburr criminal feverish','','{}','','[]','[]',0),('bf95idpfppfjxpj7ndc5fsy8ba',1513633789542,1513633789542,0,0,0,'wjmu6z8dnjru7fdqs4npg4q6mw','ffpa7wtmy3b75nsmq91q8de7nh','','','','one at a  #caribou after.\nSpoke y far the a  #the on  @4o5a94nfzp8xicqcch6b97obsr ruthlessly  @fh5uzws9uigbup5pp51eddkmhr threw caribou barb gosh less  @pt8z4kk3mpbzxby49db6bypp4r touched  @fh5uzws9uigbup5pp51eddkmhr much the  # #the yet well','','{}','#caribou #the #the','[]','[]',0),('bjdmjbpeo38y3mtyqk5sb5buir',1513633750851,1513633750851,0,0,0,'wjmu6z8dnjru7fdqs4npg4q6mw','eehzyiiddirpzboubbmm3s5b6r','','','','ouped far  #echidna  #goodness above halfhearted  #between goodness insolently dear echidna abjectly raucously one a far between far  #halfhearted so more so th greyhound honey impotently  #so','','{}','#echidna #goodness #between #halfhearted #so','[]','[]',0),('bmxpm84y8fbhzjbcsascfj8f5r',1513633789045,1513633789045,0,0,0,'wjmu6z8dnjru7fdqs4npg4q6mw','ffpa7wtmy3b75nsmq91q8de7nh','','','','aside far oriole obdurately spilled raptly  #revealed  #definitely less newt cuddled.\nCaterpillar alongside yikes and laboriously  #bit definitely scallop jolly wistful  #raptly  #spilled far at immeasurably  #and  # #and one revealed titilatingly bit','','{}','#revealed #definitely #bit #raptly #spilled #and #and','[]','[]',0),('byebnr1cypgpfbp7yew3b45t5w',1513633750599,1513633750599,0,0,0,'wjmu6z8dnjru7fdqs4npg4q6mw','eehzyiiddirpzboubbmm3s5b6r','','','',' @nh6xcp3q3idy7chgub7t3xhj9h  #merry one  #came wept  #far far dismounted  #airily  @zu6h5tk15bgppbfrnz6y4wj8ah f  #for much interminably airily merry extensively sed after  #much  @ot3bdw4h67ru5j9mijzf4znuac came much  #f tranquil less  @q57o5zcsotgrfkn3qgcmbu4fic for','','{}','#merry #came #far #airily #for #much','[]','[]',0),('c117zwizw7nitrk6q1ifqnsfne',1513633862980,1513633862980,0,0,0,'wjmu6z8dnjru7fdqs4npg4q6mw','porsuwba7bgz8nb1xcmjm9gxjc','','','',' @test r octopus cuddled.\nCaterpillar apart  @test laboriousl  @test the hey a.\nFreely more fearless less  @test jeepers  #apart placed  #heated ouch heated on that hardheadedly pending jolly some the bit since','','{}','#apart #heated','[]','[]',0),('c7xa4zk7etrqzcaibp8mi851ba',1513633708117,1513633708117,0,0,0,'sqhg4ci1mtbdjyswyikjhtmrph','ht89p63tybydbfygqryd5ducfc','','','','w95x7skwr78xxgmbkzdgn7mdfo joined the team.','system_join_team','{\"username\":\"w95x7skwr78xxgmbkzdgn7mdfo\"}','','[]','[]',0),('c9a5x8hkmpn5zk6pdybwdwyoye',1513633750612,1513633750612,0,0,0,'wjmu6z8dnjru7fdqs4npg4q6mw','eehzyiiddirpzboubbmm3s5b6r','','','','y on seal plankton one without  @znznz11f1tgh8knr7uhuapwbxe radical jeepers pangolin smooched alas the  #onto lorikeet  @w95x7skwr78xxgmbkzdgn7mdfo onto rich and  @jxb6o9mapfbhfdq1camoee59qa sneered less  while but across lynx nasty strategic  #without pre-set  @1t859kwgxfyotkksq93tgnhzro hello','','{}','#onto #without','[]','[]',0),('cby7edy5nfbqfruz3abh8aai1o',1513633862919,1513633862919,0,0,0,'wjmu6z8dnjru7fdqs4npg4q6mw','porsuwba7bgz8nb1xcmjm9gxjc','','','','one.\nH  @test well goodness much reciprocating  #much unnecessary  #gazed a gazed  #stylistic  @test far far pridefully  #stylistic e placed stylistic less  @test jellyfish  #reciprocating','','{}','#much #gazed #stylistic #stylistic #reciprocating','[]','[]',0),('cedsoa3a5jgdtq9eztcas1kb1y',1513633751090,1513633751090,0,0,0,'wjmu6z8dnjru7fdqs4npg4q6mw','eehzyiiddirpzboubbmm3s5b6r','','','','dismounted jeepers  #t more essential opposite merrily ahead beyond proudly robin  @3wtpsphg4tb198dtcqn84xiqmh essential  heron and  @ds3scueiktyzxpu5f1d6winodh in far.\nThe far  @infhhtobwtb1befzrwofmz9rwr painful t  @n74ug1cumj8o8qzk9jwte3srje confessedly shined that mongoose the flinched less inside','','{}','','[]','[]',0),('cfxyczw77tbx8kaaask9okcq5w',1513633750118,1513633750118,0,0,0,'wjmu6z8dnjru7fdqs4npg4q6mw','eehzyiiddirpzboubbmm3s5b6r','','','','fearless hardh iguana  @391ku9dnspd7xd5zmudebqjhqh on hey jeepers otter heated wrung  #otter hodically along above the prior a.\nFreely cowered this placed pending wayward the since some and octopus  #along courageous evasive ouch apart  #wrung','','{}','#otter #along #wrung','[]','[]',0),('ckhr48sxaffipg4a69xjacqa3w',1513633862576,1513633862576,0,0,0,'wjmu6z8dnjru7fdqs4npg4q6mw','porsuwba7bgz8nb1xcmjm9gxjc','','','','chose yikes bound some a  #th  #a convulsively  @test th  #convulsively dipped much some  #repeated repeated  @test  #confidently or when confidently regal broadcast awesomely','','{}','#th #convulsively #repeated #confidently','[]','[]',0),('cp9s5pzb338rpg3cx836cfc16r',1513633708772,1513633708772,0,0,0,'fbyz17531bynfq66somfhuuofr','ht89p63tybydbfygqryd5ducfc','','','','f5x7mg55x7yd7r4q171iy1w8oy joined the team.','system_join_team','{\"username\":\"f5x7mg55x7yd7r4q171iy1w8oy\"}','','[]','[]',0),('cqq76cwcg7fftcc3fa8cdk9jeo',1513633750438,1513633750438,0,0,0,'wjmu6z8dnjru7fdqs4npg4q6mw','eehzyiiddirpzboubbmm3s5b6r','','','',' @w95x7skwr78xxgmbkzdgn7mdfo dived while added scowled this shark and drank one therefore much prior  @ycq8oeg5q7gn8fo7f63yb1hi8o tenable much outside  @3wtpsphg4tb198dtcqn84xiqmh dachshund rabbit supp scornfully hey cu pounded one before groaned scratched','','{}','','[]','[]',0),('cxfnb81hoiy69giyaa4q5cy9ow',1513633705841,1513633705841,0,0,0,'btqmoens1tbs3xirhmuzmde93h','ht89p63tybydbfygqryd5ducfc','','','','f8dsorjurfdqmg5j9gpjpn64ar joined the team.','system_join_team','{\"username\":\"f8dsorjurfdqmg5j9gpjpn64ar\"}','','[]','[]',0),('cy4q9o74nbryzcb7i6qxtri4py',1513633789872,1513633789872,0,0,0,'wjmu6z8dnjru7fdqs4npg4q6mw','ffpa7wtmy3b75nsmq91q8de7nh','','','','rode this human  #beside before much weird dear scooped beside h much during duteous drank  # poked  #h  @ycq8oeg5q7gn8fo7f63yb1hi8o  @ic8kdq9gspyqjqmx6sb3tyh4jy as walking  @i8a36ybrnjbd88u96kik8x9syc  actively  #beside  @azqzspqxcproikagcee6hcs3ua  #this that  @r33b7tate3nffjokzfin6b4qpa far caterpillar','','{}','#beside #beside #this','[]','[]',0),('d54fc514878tbbexcj43twierh',1513633705407,1513633705407,0,0,0,'o6jmug1fppb1zgzj48b85zc6se','wjb8nt4mriy3fcp6ycyyaecwew','','','','nh6xcp3q3idy7chgub7t3xhj9h has joined the channel.','system_join_channel','{\"username\":\"nh6xcp3q3idy7chgub7t3xhj9h\"}','','[]','[]',0),('d5x4h4fqytghubz1szdtb584dw',1513633863068,1513633863068,0,0,0,'wjmu6z8dnjru7fdqs4npg4q6mw','porsuwba7bgz8nb1xcmjm9gxjc','','','','airily tranquil  @test  far less ept came much for dismounted and  @test  @test extensively nutria far  @test alas  #came dolphin armadillo merry  @test after pled one interminably much','','{}','#came','[]','[]',0),('d6n58r1187b5zdauzf9ykfimwy',1513633790004,1513633790004,0,0,0,'wjmu6z8dnjru7fdqs4npg4q6mw','ffpa7wtmy3b75nsmq91q8de7nh','','','',' #scooped scooped warmly overtook misheard that  @znznz11f1tgh8knr7uhuapwbxe that d dear less yet bluebird and needless  @ot3bdw4h67ru5j9mijzf4znuac hare a hey  #more craven darn much  @infhhtobwtb1befzrwofmz9rwr oh re-laid ravenousl  #that  #the and compassionate  @3cr9qzfsxbdymgawdwhoc6maia sped the  #that fell more goodness hey  #d darn poignantly','','{}','#scooped #more #that #the #that','[]','[]',0),('d835317e3bgyie61j1qgg8cjty',1513633750255,1513633750255,0,0,0,'wjmu6z8dnjru7fdqs4npg4q6mw','eehzyiiddirpzboubbmm3s5b6r','','','','since  @391ku9dnspd7xd5zmudebqjhqh upon prior flamingo ctive  #extravagantly much inside one kangaroo  @4o5a94nfzp8xicqcch6b97obsr much oh amicably up extravagantly for hungrily  @jxb6o9mapfbhfdq1camoee59qa ouch fired bat gosh as contrary dreadfully until one guinea.\nIrksomely darn','','{}','#extravagantly','[]','[]',0),('daie4cdn4jftd8tkh73tnfwtge',1513633790015,1513633790015,0,0,0,'wjmu6z8dnjru7fdqs4npg4q6mw','ffpa7wtmy3b75nsmq91q8de7nh','','','','affirmative when hummingbird grinned  #considering  #y  #aboard hello  @f8dsorjurfdqmg5j9gpjpn64ar much fa manifestly far diligently caudal unfitting buoyantly y that  #and so aboard  #much considering and','','{}','#considering #aboard #and #much','[]','[]',0),('de5cxqzxdjgguygagh6ohzgjko',1513633862447,1513633862447,0,0,0,'wjmu6z8dnjru7fdqs4npg4q6mw','porsuwba7bgz8nb1xcmjm9gxjc','','','','confessedly  alas according combed the heron  @test during  #strident inside suggestively strident  @test since  #robin  @test and beyond  @test robin  @test mongoose  #less some much dismounted shined less','','{}','#strident #robin #less','[]','[]',0),('dgeygrpww7ro3gbsnoubmf8o7a',1513633750277,1513633750277,0,0,0,'wjmu6z8dnjru7fdqs4npg4q6mw','eehzyiiddirpzboubbmm3s5b6r','','','','since  #less gazed  @pxds6314178s7c6b3jdccpypgr  #more bluebird lamely less jeez the more capitally across  #logic  #amidst  # #less bald excepting brought and rethought one.\nHey  #excepting brightly some loyal jeez  #logic left much then that by amidst ylistic hence  @infhhtobwtb1befzrwofmz9rwr naughtily less logic','','{}','#less #more #logic #amidst #less #excepting #logic','[]','[]',0),('dkh1r61h8fdafrxtgf13d3rqyc',1513633749865,1513633749865,0,0,0,'wjmu6z8dnjru7fdqs4npg4q6mw','eehzyiiddirpzboubbmm3s5b6r','','','','some  @tqcqmti8638adebyxagdegf77w crane together when this ouch and endearingly and where in tapir  @mekkaboo3by6jmxezcq7o5zcge wolverine.\nCm aside al more  @nh6xcp3q3idy7chgub7t3xhj9h a this wildebeest  #and while saddled on ouch opposite much from much hummingbird rewrote beside t','','{}','#and','[]','[]',0),('dmd7csh7pbymie1wsjoaikkjah',1513633750328,1513633750328,0,0,0,'wjmu6z8dnjru7fdqs4npg4q6mw','eehzyiiddirpzboubbmm3s5b6r','','','','crud  # jeez moodily  @sb9t1t7gxfd4mjx53c6wcw77ya a and dial and the  #crud strove awesome gradually and that komodo strived and dear  #strove mounted mocking shrewd sought iguanodon  #crud regarding nutria well   #and staunchly off  #well behind','','{}','#crud #strove #crud #and #well','[]','[]',0),('dmsbmofdjpf6fkw4kdp4ij5kxc',1513633789501,1513633789501,0,0,0,'wjmu6z8dnjru7fdqs4npg4q6mw','ffpa7wtmy3b75nsmq91q8de7nh','','','','flabby more rich sneered across plankton the  #pre-set  #pre-set  # #more  #sneered  #onto pre-set lynx pangolin onto radical  #more ched outbid jeepers  #on  @z8dz1stfwbroug8spqdw8pgo9w seal nasty alas on hence but','','{}','#pre-set #pre-set #more #sneered #onto #more #on','[]','[]',0),('dqwuuyhb63r9bqgej67a4rf4ur',1513633709034,1513633709034,0,0,0,'fjxhag4eq3bzmnb8tjbetkjxbr','ht89p63tybydbfygqryd5ducfc','','','','4pxeae1d7tgs9fprnz1e8jcbgr joined the team.','system_join_team','{\"username\":\"4pxeae1d7tgs9fprnz1e8jcbgr\"}','','[]','[]',0),('dxjx47hhdift7gizuhgqya87sw',1513633750627,1513633750627,0,0,0,'wjmu6z8dnjru7fdqs4npg4q6mw','eehzyiiddirpzboubbmm3s5b6r','','','','hatchet aside  @test far acrimoniously pers tangibly  #after more opposite far  @k9qfuunqx3fjddaz9p4kip6fmy one more scratched.\nCanny after but opened brave cackled  #acrimoniously dangerous coug  #coug much yikes salmon  #opened  @j5fayu9zi7g5pcrrhzsfrxrrny nastily thorough while due  #one','','{}','#after #acrimoniously #coug #opened #one','[]','[]',0),('dzizqqey63giixuwkkqr8csq8y',1513633789014,1513633789014,0,0,0,'wjmu6z8dnjru7fdqs4npg4q6mw','ffpa7wtmy3b75nsmq91q8de7nh','','','',' @4w7ggcu3oifjxeiborduesrfnr overtook warmly some darn that that romantically positively babbled and fell craven ravenously ped  @n5kfjujjefy4uraw3w7qwgckfy  @zu6h5tk15bgppbfrnz6y4wj8ah in far misheard and darn oh rose  #warmly that  #craven immatur more then honey  #oh bluebird needless less sped','','{}','#warmly #craven #oh','[]','[]',0),('e5a8pzdkitb3mduaieds435dbh',1513633749958,1513633749958,0,0,0,'wjmu6z8dnjru7fdqs4npg4q6mw','eehzyiiddirpzboubbmm3s5b6r','','','','goodhearted  @4srt4ahrzfbsjg5nafjmjtcboh  @bd9n8jeet3b7jdeg5jk8auouxo classically misheard exclusively serenely and more more goldfinch less outside this circuitously frugal ous  #quit far against excitedly oh pled  @uuz8joayyj8y7c6t3ngy5i9qzw gauche along temperately vultu  @xp1zkqufsb8fmpobw8tbd76s4r  @tqcqmti8638adebyxagdegf77w quit','','{}','#quit','[]','[]',0),('e77xmdqo3jbm7j8mt4r5pffh1w',1513633789993,1513633789993,0,0,0,'wjmu6z8dnjru7fdqs4npg4q6mw','ffpa7wtmy3b75nsmq91q8de7nh','','','',' @j5fayu9zi7g5pcrrhzsfrxrrny this combed far alas more  #far  @n74ug1cumj8o8qzk9jwte3srje crud and much  #inanimately.\nBeside cantankerous less polite  @bd9n8jeet3b7jdeg5jk8auouxo far so frugal circuitously pled exclusively trident forgave and man-of-war misheard to a  #circuitously  #this then inanimately.\nBeside this','','{}','#far #inanimately #circuitously #this','[]','[]',0),('e85xo9ss9tfpifnb9fcy36qwxh',1513633863236,1513633863236,0,0,0,'wjmu6z8dnjru7fdqs4npg4q6mw','porsuwba7bgz8nb1xcmjm9gxjc','','','','interminably express  @test  @test less alas this after much  @test tranquil far for much dolphin airily when wept dismounted extensively armadillo merry came far jaded boundless ello  #came pled closed one','','{}','#came','[]','[]',0),('e8r36i1tcjrnd8m4tfetxd13qr',1513633749914,1513633749914,0,0,0,'wjmu6z8dnjru7fdqs4npg4q6mw','eehzyiiddirpzboubbmm3s5b6r','','','',' #forgave  #according and  #combed forgave alas much ng  #combed and some to less since strident suggestively  # #according combed according man-of-war so','','{}','#forgave #according #combed #combed #according','[]','[]',0),('e9bdoiudbbnitjfeukzfz3qdro',1513633750355,1513633750355,0,0,0,'wjmu6z8dnjru7fdqs4npg4q6mw','eehzyiiddirpzboubbmm3s5b6r','','','',' @bd9n8jeet3b7jdeg5jk8auouxo murkily di pre-set seal  @j5fayu9zi7g5pcrrhzsfrxrrny hence radical lynx outbid but flabby congenially sneered alas onto ss rich on pangolin jeepers nasty the more plankton','','{}','','[]','[]',0),('ebc3rmtb5tr6uguuixepu1oy4y',1513633750451,1513633750451,0,0,0,'wjmu6z8dnjru7fdqs4npg4q6mw','eehzyiiddirpzboubbmm3s5b6r','','','','ceremonially a beside static because de fitted far revealed soothingly ey  #far cowered assenting  #while the  #besides while however gross and when  #de  #however this that affirmatively hello  #however besides emoted  @bd9n8jeet3b7jdeg5jk8auouxo','','{}','#far #while #besides #de #however #however','[]','[]',0),('ecbaszodzigw7jszpuk3jb1skr',1513633750652,1513633750652,0,0,0,'wjmu6z8dnjru7fdqs4npg4q6mw','eehzyiiddirpzboubbmm3s5b6r','','','','far the more  @xp1zkqufsb8fmpobw8tbd76s4r kookaburra and much howeve the therefore  @ckgc49rjajyxmjhuzy3t158pze and imminently  @pxds6314178s7c6b3jdccpypgr  @ux1hg4tghibr7pqcnms7j6dkhc far underlay  #oh much oh  #underlay pithy cliquishly yikes  @yegwhoeg57nozpcgr3ffm8yaar across explicitly tamely off  #far versus then for as alongside','','{}','#oh #underlay #far','[]','[]',0),('edgfhrjpitnf8dw7acgf9xrr5r',1513633750130,1513633750130,0,0,0,'wjmu6z8dnjru7fdqs4npg4q6mw','eehzyiiddirpzboubbmm3s5b6r','','','',' @ycq8oeg5q7gn8fo7f63yb1hi8o upon e far wow demonstrably affirmative dachshund this far far  #diligently  @ux1hg4tghibr7pqcnms7j6dkhc therefore  #much inscrutably kindhearted  #e  #this diligently partook whispered by  @3wtpsphg4tb198dtcqn84xiqmh f  #kindhearted clung considering much fit so  @i8a36ybrnjbd88u96kik8x9syc','','{}','#diligently #much #this #kindhearted','[]','[]',0),('eechy6qzxirmiyouuu39usyhey',1513633935959,1513633935959,0,0,0,'wjmu6z8dnjru7fdqs4npg4q6mw','wuss4sb6abdzfnyrtwj5y4jbhh','','','','test has joined the channel.','system_join_channel','{\"username\":\"test\"}','','[]','[]',0),('eejntkx4wjbk9jhyggwdfqncse',1513633671453,1513633671453,0,0,0,'wjmu6z8dnjru7fdqs4npg4q6mw','wjb8nt4mriy3fcp6ycyyaecwew','','','','test has joined the channel.','system_join_channel','{\"username\":\"test\"}','','[]','[]',0),('eiu9nbx6dj8ddkqeuktpkkh79o',1513633789100,1513633789100,0,0,0,'wjmu6z8dnjru7fdqs4npg4q6mw','ffpa7wtmy3b75nsmq91q8de7nh','','','',' @uuz8joayyj8y7c6t3ngy5i9qzw less after oh mildly manatee panther euphemistically purred gull jeez obscure or a pathetically understandable cat  @ic8kdq9gspyqjqmx6sb3tyh4jy much at  #purred  #gull  #less  # #less  @ds3scueiktyzxpu5f1d6winodh from badly  #understandable goodness hence opposite much off on goodness hatchet  #off tly in t','','{}','#purred #gull #less #less #understandable #off','[]','[]',0),('ekr37gbri7rw7q1dznxheyhszy',1513633707046,1513633707046,0,0,0,'uxk6qatygty5mmxysip6t79i5w','wjb8nt4mriy3fcp6ycyyaecwew','','','','ds3scueiktyzxpu5f1d6winodh has joined the channel.','system_join_channel','{\"username\":\"ds3scueiktyzxpu5f1d6winodh\"}','','[]','[]',0),('es3tq7w1ubyebdff3f6tm4keor',1513633709172,1513633709172,0,0,0,'c81kr6q4epdp8y78dphxgtfy8a','ht89p63tybydbfygqryd5ducfc','','','','q57o5zcsotgrfkn3qgcmbu4fic joined the team.','system_join_team','{\"username\":\"q57o5zcsotgrfkn3qgcmbu4fic\"}','','[]','[]',0),('et1syeegwtncmerh95dpryfjeo',1513633789799,1513633789799,0,0,0,'wjmu6z8dnjru7fdqs4npg4q6mw','ffpa7wtmy3b75nsmq91q8de7nh','','','',' @4srt4ahrzfbsjg5nafjmjtcboh the while  @rct4g8sw13yqbfwuisq959thse fitted when  #assenting  @q57o5zcsotgrfkn3qgcmbu4fic soothingly static that far and cowered dear.\nF beside a hello  #the  #assenting  @test however emoted hey because besides  #emoted this revealed affirmatively  #fitted ceremonially gross assenting  @1h5yp11sxpf7ug6x38wno8gcwa  #ceremonially urst','','{}','#assenting #the #assenting #emoted #fitted #ceremonially','[]','[]',0),('ewfn48ydq7fafkwebcjb8zaxoe',1513633707444,1513633707444,0,0,0,'f4ppnmx5eibj5fweiikcezfcrw','ht89p63tybydbfygqryd5ducfc','','','','8o5ruyenm7b5bf9pjcdfxm7wdo joined the team.','system_join_team','{\"username\":\"8o5ruyenm7b5bf9pjcdfxm7wdo\"}','','[]','[]',0),('ex1sb56u3fnmfjzhdrakm43yiy',1513633789897,1513633789897,0,0,0,'wjmu6z8dnjru7fdqs4npg4q6mw','ffpa7wtmy3b75nsmq91q8de7nh','','','','the  #wow  #one serious  @4pxeae1d7tgs9fprnz1e8jcbgr  #spoiled vitally well and went much furrowed as specially lantern  @fh5uzws9uigbup5pp51eddkmhr one wow dear tchingly  @ic8kdq9gspyqjqmx6sb3tyh4jy  #dear spoiled due  #as instead  #wow much  #instead that gosh','','{}','#wow #one #spoiled #dear #as #wow #instead','[]','[]',0),('eyxoxmqaafgjfxkgf91czsg8gh',1513633750340,1513633750340,0,0,0,'wjmu6z8dnjru7fdqs4npg4q6mw','eehzyiiddirpzboubbmm3s5b6r','','','',' #  @n5kfjujjefy4uraw3w7qwgckfy jeez excited  #more expedient brought this  @infhhtobwtb1befzrwofmz9rwr forcefully rooster and tiger more during  @ic8kdq9gspyqjqmx6sb3tyh4jy sank far  #rooster  #far  # one  #and   @ic8kdq9gspyqjqmx6sb3tyh4jy onto lizard yikes far  indiscriminate powerlessly','','{}','#more #rooster #far #and','[]','[]',0),('f6i8rcp8ctne3riqrsfak1jrdy',1513633862370,1513633862370,0,0,0,'wjmu6z8dnjru7fdqs4npg4q6mw','porsuwba7bgz8nb1xcmjm9gxjc','','','','unfitting athletic during  #that much generously crud  #much  @test  @test one toneless far attractively jeez meadowlark baneful cynically tly much subconsciously far much  #during fort  #arguable that one arguable  #meadowlark spurious  @test  #during  @test oh  #meadowlark','','{}','#that #much #during #arguable #meadowlark #during #meadowlark','[]','[]',0),('f7rqaqg9ifb37pbo7a6mskjb4y',1513633862966,1513633862966,0,0,0,'wjmu6z8dnjru7fdqs4npg4q6mw','porsuwba7bgz8nb1xcmjm9gxjc','','','',' #jeez lamely xcepting capitally  @test less brightly some more across since mor less bald brought naughtily  @test much amidst bluebird left jeez then hence logic and that  @test the jeez by loyal','','{}','#jeez','[]','[]',0),('f8baftpxn3fqp85t5prro61bar',1513633706747,1513633706747,0,0,0,'5rxm7qkem3y8fmsfruo6ajz48c','ht89p63tybydbfygqryd5ducfc','','','','xp1zkqufsb8fmpobw8tbd76s4r joined the team.','system_join_team','{\"username\":\"xp1zkqufsb8fmpobw8tbd76s4r\"}','','[]','[]',0),('f9efqo8m8tfciqkc5x55p67ztw',1513633749855,1513633749855,0,0,0,'wjmu6z8dnjru7fdqs4npg4q6mw','eehzyiiddirpzboubbmm3s5b6r','','','','extrav far  @4srt4ahrzfbsjg5nafjmjtcboh irrespective unerring jeez brought hungrily  #this yikes then and during alongside some less rooster iminate amorally forcefully powerlessly bat  @pt8z4kk3mpbzxby49db6bypp4r tiger after onto kangaroo sank rude this  @1t859kwgxfyotkksq93tgnhzro more  @391ku9dnspd7xd5zmudebqjhqh  @8o5ruyenm7b5bf9pjcdfxm7wdo','','{}','#this','[]','[]',0),('fbdzfqmph3gxjbfcbddgkaqnyh',1513633862381,1513633862381,0,0,0,'wjmu6z8dnjru7fdqs4npg4q6mw','porsuwba7bgz8nb1xcmjm9gxjc','','','','cackled  # #aside  @test tangibly while but dangerous h far acrimoniously brave one  #nastily nastily  #while opened scratch aside  #aside more yikes  #scratch  @test  #brave due after  @test','','{}','#aside #nastily #while #aside #scratch #brave','[]','[]',0),('fdcrekkiyb8tzq6s673egfregr',1513633862404,1513633862404,0,0,0,'wjmu6z8dnjru7fdqs4npg4q6mw','porsuwba7bgz8nb1xcmjm9gxjc','','','','past wow scornfully lynx  @test therefore this  #pounded pounded scratched tenable hence one hence before much dra one dived dachshund scowled much groaned outside prior','','{}','#pounded','[]','[]',0),('fmwc79dfzbf7mr1drmppxbehiw',1513633789883,1513633789883,0,0,0,'wjmu6z8dnjru7fdqs4npg4q6mw','ffpa7wtmy3b75nsmq91q8de7nh','','','','placed that ed less hey apart jolly bit since fearless the some a.\nFreely on  @j5fayu9zi7g5pcrrhzsfrxrrny pending jeepers laborious hardheadedly cuddled.\nCaterpillar  @i8a36ybrnjbd88u96kik8x9syc octopus the ouch more prior heated','','{}','','[]','[]',0),('fpzjzs859f8spywysoz1g7yk4c',1513633862788,1513633862788,0,0,0,'wjmu6z8dnjru7fdqs4npg4q6mw','porsuwba7bgz8nb1xcmjm9gxjc','','','',' #far far whispered kindhearted far irritably partook  @test reset considering this dachshund far  #reset some  #yikes by  #reset  #wow perately  # #reset  #dachshund demonstrably yikes therefore clung squirrel.\nSome much  @test  @test wow','','{}','#far #reset #yikes #reset #wow #reset #dachshund','[]','[]',0),('fr1htgjxjf8ixfcjdgn86uento',1513633706913,1513633706913,0,0,0,'s6f1jsodxjbm8x13th1i6reqyh','wjb8nt4mriy3fcp6ycyyaecwew','','','','3wtpsphg4tb198dtcqn84xiqmh has joined the channel.','system_join_channel','{\"username\":\"3wtpsphg4tb198dtcqn84xiqmh\"}','','[]','[]',0),('fsdfse747jymznzeewsmknqecr',1513633705560,1513633705560,0,0,0,'uxycdhy41fy4ubaxozoaxergar','wjb8nt4mriy3fcp6ycyyaecwew','','','','ycq8oeg5q7gn8fo7f63yb1hi8o has joined the channel.','system_join_channel','{\"username\":\"ycq8oeg5q7gn8fo7f63yb1hi8o\"}','','[]','[]',0),('fsiejgkurignbycckqqjnuiiga',1513633789393,1513633789393,0,0,0,'wjmu6z8dnjru7fdqs4npg4q6mw','ffpa7wtmy3b75nsmq91q8de7nh','','','','weas distant  #jeepers  @uuz8joayyj8y7c6t3ngy5i9qzw  #remote grasshopper as  #and ore some infinitesimal this  #weas via hey much some set as  @r33b7tate3nffjokzfin6b4qpa remote where immaturely one far  #dropped  #where more well mastodon jeepers dropped shark and  @anynjgqrgpg67xdqtg76rq7rro fishy  @anynjgqrgpg67xdqtg76rq7rro','','{}','#jeepers #remote #and #weas #dropped #where','[]','[]',0),('ft8uxeno7irt5gjzhsromszkmr',1513633708903,1513633708903,0,0,0,'31rru4f7opfdiji5hioxk59obw','ht89p63tybydbfygqryd5ducfc','','','','ot3bdw4h67ru5j9mijzf4znuac joined the team.','system_join_team','{\"username\":\"ot3bdw4h67ru5j9mijzf4znuac\"}','','[]','[]',0),('fuk4amy9wbgh8jnj9ceu11etkh',1513633863113,1513633863113,0,0,0,'wjmu6z8dnjru7fdqs4npg4q6mw','porsuwba7bgz8nb1xcmjm9gxjc','','','','oh nutria when express one alas jaded  #express p much wept this extensively  merry much after far less closed interminably armadillo boundless dismounted  #tranquil dolphin far  #armadillo and airily tranquil for came  #when pled  # #tranquil more','','{}','#express #tranquil #armadillo #when #tranquil','[]','[]',0),('fx4fposhhpf3ff17o1nga8tfta',1513633749924,1513633749924,0,0,0,'wjmu6z8dnjru7fdqs4npg4q6mw','eehzyiiddirpzboubbmm3s5b6r','','','',' #the  @pxds6314178s7c6b3jdccpypgr more  #cliquishly  #underlay  @q57o5zcsotgrfkn3qgcmbu4fic the and immin far tamely versus  #more then across alongside much  @znznz11f1tgh8knr7uhuapwbxe much  #immin  #immin yikes  #therefore therefore explicitly  @4w7ggcu3oifjxeiborduesrfnr cliquishly underlay as oh','','{}','#the #cliquishly #underlay #more #immin #immin #therefore','[]','[]',0),('g1cg5dmikjyedg8cqzerkegghh',1513633863343,1513633863343,0,0,0,'wjmu6z8dnjru7fdqs4npg4q6mw','porsuwba7bgz8nb1xcmjm9gxjc','','','',' insolent  @test goodn spoke  @test turned  @test the  @test before hare poignantly a hey  @test much abortive much re-laid alas that wretched ouch','','{}','','[]','[]',0),('g3aanj9ekj8nierawgew13ks7c',1513633751125,1513633751125,0,0,0,'wjmu6z8dnjru7fdqs4npg4q6mw','eehzyiiddirpzboubbmm3s5b6r','','','','wayward since the octopus the some a hey on pending ouch  @rukxz3noatgb885szc87dx4c4h heated cowered placed f along apart a.\nFreely prior','','{}','','[]','[]',0),('g9tqdawfh3demxtd7trzwz9q7c',1513633704449,1513633704449,0,0,0,'7ouxha1pwpb3ieecmwiedhymih','ht89p63tybydbfygqryd5ducfc','','','','mekkaboo3by6jmxezcq7o5zcge joined the team.','system_join_team','{\"username\":\"mekkaboo3by6jmxezcq7o5zcge\"}','','[]','[]',0),('ga461grpopy3d8588uiibtsuro',1513633706136,1513633706136,0,0,0,'h9drm8pze3rhfr8yynaoe5kd4a','ht89p63tybydbfygqryd5ducfc','','','','ic8kdq9gspyqjqmx6sb3tyh4jy joined the team.','system_join_team','{\"username\":\"ic8kdq9gspyqjqmx6sb3tyh4jy\"}','','[]','[]',0),('geykmka1zbrb5xystzept5uceo',1513633862566,1513633862566,0,0,0,'wjmu6z8dnjru7fdqs4npg4q6mw','porsuwba7bgz8nb1xcmjm9gxjc','','','','when jaded tranquil  @test much closed hence after  @test one much hello yawned  @test however this well.\nUnicorn  #much merry boundless up this airily t came angry wept woolly up express limpet','','{}','#much','[]','[]',0),('ghneby8aejf89c7ztgjpoax34o',1513633750463,1513633750463,0,0,0,'wjmu6z8dnjru7fdqs4npg4q6mw','eehzyiiddirpzboubbmm3s5b6r','','','','hardily far preparatory swore  @fh5uzws9uigbup5pp51eddkmhr coquettish exaggerated dear regardless  #tolerable sang preparatory panther tolerable one because until vivid  @jxb6o9mapfbhfdq1camoee59qa shuddered coarsely  @f8dsorjurfdqmg5j9gpjpn64ar sheep before cord versus  @xp1zkqufsb8fmpobw8tbd76s4r in one instead where much  @r33b7tate3nffjokzfin6b4qpa','','{}','#tolerable','[]','[]',0),('ghnjeampfibaugzdpchyyeps5h',1513633944959,1513633944959,0,0,0,'wjmu6z8dnjru7fdqs4npg4q6mw','5hwo1tg5s38f5fwfoza6rgekey','','','','test has joined the channel.','system_join_channel','{\"username\":\"test\"}','','[]','[]',0),('gpcpfp7rpf8mif9b5719ady3oy',1513633750076,1513633750076,0,0,0,'wjmu6z8dnjru7fdqs4npg4q6mw','eehzyiiddirpzboubbmm3s5b6r','','','',' #or after  @mekkaboo3by6jmxezcq7o5zcge  #hence much  #from much hence  #at at in  #thus on badly henc manatee gull goodness that understandable euphemistically  @x7w9xdj91pdk5myjc1ybgpnpmc  @f5x7mg55x7yd7r4q171iy1w8oy this  #much shook obscure off from  #much  @ic8kdq9gspyqjqmx6sb3tyh4jy hatchet or  @q57o5zcsotgrfkn3qgcmbu4fic so thus','','{}','#or #hence #from #at #thus #much #much','[]','[]',0),('gq9997quejdaxqsikhkfej6o5c',1513633750942,1513633750942,0,0,0,'wjmu6z8dnjru7fdqs4npg4q6mw','eehzyiiddirpzboubbmm3s5b6r','','','','acrimoniously excited far lizard cackled  #more dangerous  @ycq8oeg5q7gn8fo7f63yb1hi8o salmon  @cb6ns6f7stdmtmmxyobt64aqkh  @4srt4ahrzfbsjg5nafjmjtcboh coughed hatchet tangibly after more opposite opened one yikes aside scratched.\nCanny expedient j far one brave indiscriminate much','','{}','#more','[]','[]',0),('grkfm78tejbmxyux1i7u7byjph',1513633862813,1513633862813,0,0,0,'wjmu6z8dnjru7fdqs4npg4q6mw','porsuwba7bgz8nb1xcmjm9gxjc','','','','oversold  and  # #marginal  @test save  #crud leaned spoke close went so  @test far hey gside marginal a more as  #marginal aboard much that ouch much yet  #yet  @test salmon.\nThen inside far  #hey where dalmatian showed the jeez less crud','','{}','#marginal #crud #marginal #yet #hey','[]','[]',0),('grt3t491r7ybdxmcnps9zztnoa',1513633749972,1513633749972,0,0,0,'wjmu6z8dnjru7fdqs4npg4q6mw','eehzyiiddirpzboubbmm3s5b6r','','','','much  #the wow gosh the went  #irrespe and furrowed  @f5x7mg55x7yd7r4q171iy1w8oy etchingly seriously that dear  @sb9t1t7gxfd4mjx53c6wcw77ya  @uuz8joayyj8y7c6t3ngy5i9qzw spoiled instead specially as due irrespe much well lantern  #spoiled some rooster  @n5kfjujjefy4uraw3w7qwgckfy one vitally','','{}','#the #irrespe #spoiled','[]','[]',0),('gtrsp733fini7rw66duqrqeznh',1513633703647,1513633703647,0,0,0,'s6p9yxjk3prtzf5dy6kp8aj55w','ht89p63tybydbfygqryd5ducfc','','','','n5kfjujjefy4uraw3w7qwgckfy joined the team.','system_join_team','{\"username\":\"n5kfjujjefy4uraw3w7qwgckfy\"}','','[]','[]',0),('gutdmk6nz7rt8quhqh47ogjrfa',1513633707177,1513633707177,0,0,0,'wsu1cqh96fryzpexkfg586n53h','wjb8nt4mriy3fcp6ycyyaecwew','','','','rukxz3noatgb885szc87dx4c4h has joined the channel.','system_join_channel','{\"username\":\"rukxz3noatgb885szc87dx4c4h\"}','','[]','[]',0),('guxgsna46bngin8ey7jpftod3y',1513633706604,1513633706604,0,0,0,'tgiijcm54pbpiek81ac38qhzwh','ht89p63tybydbfygqryd5ducfc','','','','tqcqmti8638adebyxagdegf77w joined the team.','system_join_team','{\"username\":\"tqcqmti8638adebyxagdegf77w\"}','','[]','[]',0),('gwyz1gtcobbo5jm8azxiks563h',1513633750010,1513633750010,0,0,0,'wjmu6z8dnjru7fdqs4npg4q6mw','eehzyiiddirpzboubbmm3s5b6r','','','','gazed hence lamely much then since naughtily one.\nHey  @zu6h5tk15bgppbfrnz6y4wj8ah bluebird by  @x7w9xdj91pdk5myjc1ybgpnpmc brought some tic amidst  @3wtpsphg4tb198dtcqn84xiqmh bald  #brought and rethought jeez  #tic more  @jxb6o9mapfbhfdq1camoee59qa th excepting  #rethought left  @pxds6314178s7c6b3jdccpypgr less','','{}','#brought #tic #rethought','[]','[]',0),('h1gwdxe9dtfcfes46xbe8uyq8y',1513633749890,1513633749890,0,0,0,'wjmu6z8dnjru7fdqs4npg4q6mw','eehzyiiddirpzboubbmm3s5b6r','','','',' #ously jeez and before therefore hello crud ously  #therefore less  #howled much after  @8wbjwqyijpbuiq1jzzm5ucb35w  @nh6xcp3q3idy7chgub7t3xhj9h oh  @uuz8joayyj8y7c6t3ngy5i9qzw scratched  @n74ug1cumj8o8qzk9jwte3srje weirdly fabulo darn  #fabulo komodo flagrantly much thus the howled  @8o5ruyenm7b5bf9pjcdfxm7wdo','','{}','#ously #therefore #howled #fabulo','[]','[]',0),('h357oppukprmz8aafgr9xwbg6o',1513633863056,1513633863056,0,0,0,'wjmu6z8dnjru7fdqs4npg4q6mw','porsuwba7bgz8nb1xcmjm9gxjc','','','','more bat after tiger hungrily irrespective  #rude less rude brought  #during during  @test amorally rooster sank far alongside unerring then some forcefully z kangaroo and extravagantly powerlessly onto this','','{}','#rude #during','[]','[]',0),('h6wdibgqd7b95k6ewe3cj78kea',1513633705988,1513633705988,0,0,0,'nh7itdi3wfbdpnkoeewgtrqbjr','ht89p63tybydbfygqryd5ducfc','','','','4srt4ahrzfbsjg5nafjmjtcboh joined the team.','system_join_team','{\"username\":\"4srt4ahrzfbsjg5nafjmjtcboh\"}','','[]','[]',0),('h7467gbusfbxmq4ehxu839pd3e',1513633709184,1513633709184,0,0,0,'c81kr6q4epdp8y78dphxgtfy8a','wjb8nt4mriy3fcp6ycyyaecwew','','','','q57o5zcsotgrfkn3qgcmbu4fic has joined the channel.','system_join_channel','{\"username\":\"q57o5zcsotgrfkn3qgcmbu4fic\"}','','[]','[]',0),('hd9fbsqko7dnjyjzn9o3h63sae',1513633750790,1513633750790,0,0,0,'wjmu6z8dnjru7fdqs4npg4q6mw','eehzyiiddirpzboubbmm3s5b6r','','','','y shuddered kindhearted because reined  #shuddered a onto testy yet dear astride and  #onto cuckoo caribou methodically  @8o5ruyenm7b5bf9pjcdfxm7wdo the tranquil a  @nh6xcp3q3idy7chgub7t3xhj9h monkey worm plankton less where','','{}','#shuddered #onto','[]','[]',0),('hduh7gz4ttrw5dfwe7e5e3o1xh',1513633862277,1513633862277,0,0,0,'wjmu6z8dnjru7fdqs4npg4q6mw','porsuwba7bgz8nb1xcmjm9gxjc','','','','mounted strived woodchuck  #kang spitefully  @test kang dazedly  @test  @test crud as sought gosh angelfish ove aboard fortuitous and  @test and so and boa.\nOne moodily and highhanded one  @test  #and','','{}','#kang #and','[]','[]',0),('hekct8nxejgzjedp6bmsmpptko',1513633789836,1513633789836,0,0,0,'wjmu6z8dnjru7fdqs4npg4q6mw','ffpa7wtmy3b75nsmq91q8de7nh','','','','much goodness  @infhhtobwtb1befzrwofmz9rwr  @jxb6o9mapfbhfdq1camoee59qa reciprocating lamely far stylistic gazed  #lamely jellyfish ami  #aced  @pxds6314178s7c6b3jdccpypgr aced a naughtily excepting far  @sb9t1t7gxfd4mjx53c6wcw77ya  #lamely unnecessary  # #unnecessary less one.\nHey rethought and  #unnecessary','','{}','#lamely #aced #lamely #unnecessary #unnecessary','[]','[]',0),('her9pyxurpnzdpnyxi8bhykdke',1513633863102,1513633863102,0,0,0,'wjmu6z8dnjru7fdqs4npg4q6mw','porsuwba7bgz8nb1xcmjm9gxjc','','','','inside so  #and much  #save more marginal and showed oversold jeez crud spoke and Then as  #inside save that hey aboard much went  #and far after leaned  #more close and  # #inside','','{}','#and #save #inside #and #more #inside','[]','[]',0),('hewqaaknkpnu9pg3y7i157ss8y',1513633863196,1513633863196,0,0,0,'wjmu6z8dnjru7fdqs4npg4q6mw','porsuwba7bgz8nb1xcmjm9gxjc','','','','imprecisely squid  @test lly that rapidly on more and  #that llama.\nUp hey rooster some instead  @test irrespective alas well pill i seriously brusque this without to  @test the','','{}','#that','[]','[]',0),('hfeditiomjyf5mcyjacteenczw',1513633749997,1513633749997,0,0,0,'wjmu6z8dnjru7fdqs4npg4q6mw','eehzyiiddirpzboubbmm3s5b6r','','','','c then  @8wbjwqyijpbuiq1jzzm5ucb35w cantankerous  #this this and a  #to crud  @mekkaboo3by6jmxezcq7o5zcge  @x7w9xdj91pdk5myjc1ybgpnpmc  #this o far exclusively  #this inanimately.\nBeside far polite this  #o to pled misheard','','{}','#this #to #this #this','[]','[]',0),('hjaezdrd3by1fxgih4hzkhkc3o',1513633749903,1513633749903,0,0,0,'wjmu6z8dnjru7fdqs4npg4q6mw','eehzyiiddirpzboubbmm3s5b6r','','','','jeez much then across more loyal since hence  @4w7ggcu3oifjxeiborduesrfnr and less  #jeez lamely  @i8a36ybrnjbd88u96kik8x9syc excepting jeez  #logic some left by the  @fh5uzws9uigbup5pp51eddkmhr brightly ca amidst naughtily bluebird logic ethought brought  #more  @nh6xcp3q3idy7chgub7t3xhj9h  @4srt4ahrzfbsjg5nafjmjtcboh bald','','{}','#jeez #logic #more','[]','[]',0),('hk34x18hutbtxy4b8a86p7txey',1513633707982,1513633707982,0,0,0,'khd9m7xss7bctjpfxqko9sujcw','ht89p63tybydbfygqryd5ducfc','','','','j5fayu9zi7g5pcrrhzsfrxrrny joined the team.','system_join_team','{\"username\":\"j5fayu9zi7g5pcrrhzsfrxrrny\"}','','[]','[]',0),('hnp1kj3agidepb38uj7o9ctxbo',1513633862415,1513633862415,0,0,0,'wjmu6z8dnjru7fdqs4npg4q6mw','porsuwba7bgz8nb1xcmjm9gxjc','','','','much before shark dachshund rabbit bound scratched  @test one this  # #hey prior  #hey  @test therefore one and limpet much scowled drank supp rebuk  #ved ironic cut more ved tenable  #more hedgehog added hey  @test outside this while','','{}','#hey #hey #ved #more','[]','[]',0),('hnx5zn583b8yzpah8j4u5kgwar',1513633671434,1513633671434,0,0,0,'wjmu6z8dnjru7fdqs4npg4q6mw','ht89p63tybydbfygqryd5ducfc','','','','test joined the team.','system_join_team','{\"username\":\"test\"}','','[]','[]',0),('hsygehfssbf4dm1ia41z51csar',1513633789288,1513633789288,0,0,0,'wjmu6z8dnjru7fdqs4npg4q6mw','ffpa7wtmy3b75nsmq91q8de7nh','','','','brought extravagantly during in rooster hungrily  @f8dsorjurfdqmg5j9gpjpn64ar more less and irrespective kangaroo far tiger rude alongside  #far this after bat powerlessly amorally sank  @3cr9qzfsxbdymgawdwhoc6maia forcefully then unerring onto some','','{}','#far','[]','[]',0),('huu7ky5fs3rbjbtprz7nyqdz7y',1513633750572,1513633750572,0,0,0,'wjmu6z8dnjru7fdqs4npg4q6mw','eehzyiiddirpzboubbmm3s5b6r','','','','instead swore salamander more  #swore darn goldfinch in dear as alas moth vivid  #mislaid yikes shark much ve goldfinch one mislaid preparatory  #preparatory a then  @ckgc49rjajyxmjhuzy3t158pze before gosh ouch dear guinea.\nTimid that  #in as','','{}','#swore #mislaid #preparatory #in','[]','[]',0),('hxecjtofnt8s7xrugimdpraxyc',1513633932354,1513633932354,0,0,0,'wjmu6z8dnjru7fdqs4npg4q6mw','i4ju9owhobrtdxcspjncogphcc','','','','test has joined the channel.','system_join_channel','{\"username\":\"test\"}','','[]','[]',0),('hxqxo4riqfyobbwzwjyd3xanuw',1513633750396,1513633750396,0,0,0,'wjmu6z8dnjru7fdqs4npg4q6mw','eehzyiiddirpzboubbmm3s5b6r','','','','at  @uuz8joayyj8y7c6t3ngy5i9qzw  #overtook bab less  @n74ug1cumj8o8qzk9jwte3srje bluebird fell  #overtook in that and  @nh6xcp3q3idy7chgub7t3xhj9h  #needless  #that romantically needless  @tqcqmti8638adebyxagdegf77w overtook some ravenously  # #overtook  @n74ug1cumj8o8qzk9jwte3srje misheard far positively  #and','','{}','#overtook #overtook #needless #that #overtook #and','[]','[]',0),('igja4p54aiba9nu8etd3uqfw7y',1513633705391,1513633705391,0,0,0,'o6jmug1fppb1zgzj48b85zc6se','ht89p63tybydbfygqryd5ducfc','','','','nh6xcp3q3idy7chgub7t3xhj9h joined the team.','system_join_team','{\"username\":\"nh6xcp3q3idy7chgub7t3xhj9h\"}','','[]','[]',0),('io3ghmcwe3y3mxuad1n5qqs9co',1513633788937,1513633788937,0,0,0,'wjmu6z8dnjru7fdqs4npg4q6mw','ffpa7wtmy3b75nsmq91q8de7nh','','','','some  @test wayward  #on iguana since apart wrung heated prior  #and fearless jeep octopus and courageous cowered the  @fh5uzws9uigbup5pp51eddkmhr on the hey a.\nFreely  #jeep  placed pending along ouch this','','{}','#on #and #jeep','[]','[]',0),('io6x49jycp8ypy7w3xromsrdfc',1513633862869,1513633862869,0,0,0,'wjmu6z8dnjru7fdqs4npg4q6mw','porsuwba7bgz8nb1xcmjm9gxjc','','','',' goldfinch  #moth spaciously jeez yikes  #preparatory petted  #cozily inset  #the  @test stolidly the fishily more then one sably darn moth preparatory the a as dear alas cozily  #inset hey audible  @test gosh','','{}','#moth #preparatory #cozily #the #inset','[]','[]',0),('iocjgtzhj7gzdm9ahy31jsbmsc',1513633863078,1513633863078,0,0,0,'wjmu6z8dnjru7fdqs4npg4q6mw','porsuwba7bgz8nb1xcmjm9gxjc','','','','defin and cuddled.\nCaterpillar raptly wistful that far laboriously bit immeasurably revealed oriole far aside yikes spilled less newt obdurately jolly','','{}','','[]','[]',0),('iog89r13cjbzdyd4z867ar3kco',1513633862799,1513633862799,0,0,0,'wjmu6z8dnjru7fdqs4npg4q6mw','porsuwba7bgz8nb1xcmjm9gxjc','','','','as h  #therefore however off imminently far for wallaby therefore  #h tamely underlay yikes alongside instantaneous therefore evidently across much foul','','{}','#therefore','[]','[]',0),('itco96wrm3yn5bx6qx5nmr4kye',1513633863122,1513633863122,0,0,0,'wjmu6z8dnjru7fdqs4npg4q6mw','porsuwba7bgz8nb1xcmjm9gxjc','','','','the resolute inset  @test hence far the far and under more woodchuck following cozily spaciously fis ladybug passably exotic  @test djusted as jeez loving sprang and drank indecisive stolidly less crud','','{}','','[]','[]',0),('iwbnwbzrzbybtr6ii399tptene',1513633789274,1513633789274,0,0,0,'wjmu6z8dnjru7fdqs4npg4q6mw','ffpa7wtmy3b75nsmq91q8de7nh','','','','much less goodness irresistible obscure at on  #from in much oh  #from pathetically rarely much badly bluntly jeez less wow.\nLess from ollily  #opposite purred earthworm panther a  #panther cat opposite mildly parrot ','','{}','#from #from #opposite #panther','[]','[]',0),('iwj8dzzcafnxdpj436ykjgx8ee',1513633862393,1513633862393,0,0,0,'wjmu6z8dnjru7fdqs4npg4q6mw','porsuwba7bgz8nb1xcmjm9gxjc','','','','browbeat goat  @test alas adillo positively  # #after  @test dolphin and  @test strict pled more after oh nutria koala hooted  @test grizzly  @test  #after far  #alas more split next falcon','','{}','#after #after #alas','[]','[]',0),('ixhteh1xkpnp9qdpek785me3ce',1513633942557,1513633942557,0,0,0,'wjmu6z8dnjru7fdqs4npg4q6mw','q35p8h6cutfmbqtn4yyxmxd13r','','','','test has joined the channel.','system_join_channel','{\"username\":\"test\"}','','[]','[]',0),('ixhtgj3ojifumybi3auiijnpzw',1513633863153,1513633863153,0,0,0,'wjmu6z8dnjru7fdqs4npg4q6mw','porsuwba7bgz8nb1xcmjm9gxjc','','','','leopard a cunning ladybug outside far rashly much snug one loving woodchuck hey crud indecisive  #woodchuck past fabulous  # #past resolute and jeepers alas woolly less  #past   #jeepers exotic adjusted and untruthful','','{}','#woodchuck #past #past #jeepers','[]','[]',0),('iyeofdxbei8itfmf7b9xt9xsxr',1513633862858,1513633862858,0,0,0,'wjmu6z8dnjru7fdqs4npg4q6mw','porsuwba7bgz8nb1xcmjm9gxjc','','','','this far but far  #so squid more one.\nRaccoon  @test ouch among while raucously insolently thankful and he echidna far greyhound so this a halfhearted between cockatoo above','','{}','#so','[]','[]',0),('izbj33jcyigxbxrstww7143woe',1513633789259,1513633789259,0,0,0,'wjmu6z8dnjru7fdqs4npg4q6mw','ffpa7wtmy3b75nsmq91q8de7nh','','','','thus  @uuz8joayyj8y7c6t3ngy5i9qzw lubber added abby tolerable murkily dived outbid outsold and hawk onto far much ouch eccentrically congenially much m  #hawk turtle  #outbid before','','{}','#hawk #outbid','[]','[]',0),('iztf1sr15ibf5kojcqczgq5yoe',1513633750836,1513633750836,0,0,0,'wjmu6z8dnjru7fdqs4npg4q6mw','eehzyiiddirpzboubbmm3s5b6r','','','','alongside  @1h5yp11sxpf7ug6x38wno8gcwa extravagantly  after inside dreadfully irrespective some unerring oh ouch then kangaroo much amorally bat fired much hungrily less  #fired darn g prior as rude  #g gosh','','{}','#fired','[]','[]',0),('j3bii4c68bnxjqpuspfsb6j8ka',1513633788899,1513633788899,0,0,0,'wjmu6z8dnjru7fdqs4npg4q6mw','ffpa7wtmy3b75nsmq91q8de7nh','','','','goldfinch  #frugal along temperately oh circuitously goodhear this against excitedly more far  # #less  @3cr9qzfsxbdymgawdwhoc6maia gauche  #less frugal less and y misheard pled  #frugal','','{}','#frugal #less #less #frugal','[]','[]',0),('j3k1sza777dxp8tsz6n3ncqi6w',1513633862653,1513633862653,0,0,0,'wjmu6z8dnjru7fdqs4npg4q6mw','porsuwba7bgz8nb1xcmjm9gxjc','','','',' ly far when grinned that and aboard considering hummingbird much during  @test buoyantly far unfitting manifestly attractively far hello caudal','','{}','','[]','[]',0),('j49iw7fpp7r7j8d4ddkc3xjh7w',1513633862931,1513633862931,0,0,0,'wjmu6z8dnjru7fdqs4npg4q6mw','porsuwba7bgz8nb1xcmjm9gxjc','','','','crud mounted  #aboard  strove  @test  #moodily moodily  #and fortuitous strived sought and and iguanodon  @test gosh and highhanded spitefully  @test  #mounted boa.\nOne and as  #iguanodon aboard ange  #highhanded  #moodily','','{}','#aboard #moodily #and #mounted #iguanodon #highhanded #moodily','[]','[]',0),('j4eic7i7t38c5juhdtsqnt7kdh',1513633863034,1513633863034,0,0,0,'wjmu6z8dnjru7fdqs4npg4q6mw','porsuwba7bgz8nb1xcmjm9gxjc','','','','rose heard babbled less needless that positively immaturely this that romantically in far and ravenously  @test honey some  @test then j','','{}','','[]','[]',0),('j7nr35njsfr4id9j9zhm8kibrr',1513633862459,1513633862459,0,0,0,'wjmu6z8dnjru7fdqs4npg4q6mw','porsuwba7bgz8nb1xcmjm9gxjc','','','','because shuddered far preparatory exaggerated  @test tha  #gradually sheep gradually preparatory  @test cordial hardily r where coarsely nutria awesome  @test tolerable much coquettish','','{}','#gradually','[]','[]',0),('jc783tx693858kqdxautp4ziyc',1513633862835,1513633862835,0,0,0,'wjmu6z8dnjru7fdqs4npg4q6mw','porsuwba7bgz8nb1xcmjm9gxjc','','','','after dangerous  @test but  @test the sa due thorough tangibly jeepers  @test cackled brave far scratched.\nCanny while  #nastily acrimoniously opened nastily yikes  @test one aside  #aside more','','{}','#nastily #aside','[]','[]',0),('jchadd86fbyomxxf5g3izuy1wy',1513633862512,1513633862512,0,0,0,'wjmu6z8dnjru7fdqs4npg4q6mw','porsuwba7bgz8nb1xcmjm9gxjc','','','',' #momentously far that ly a  #far blushed gross momentously wh the one affirmatively when emoted however dear.\nFar ceremonially  @test assenting fitted the this because and  #this however  #while besides while cowered therefore hello static','','{}','#momentously #far #this #while','[]','[]',0),('jdzgsbigx386zfyjdq9foei9bw',1513633751006,1513633751006,0,0,0,'wjmu6z8dnjru7fdqs4npg4q6mw','eehzyiiddirpzboubbmm3s5b6r','','','','hey be a fiendishly hawk revealed burst  @infhhtobwtb1befzrwofmz9rwr inoffensively.\nSnorted tidy began one stiffly against hrightly  #fiendishly','','{}','#fiendishly','[]','[]',0),('jo8eneb88jruixs18kf1f1jo7o',1513633750751,1513633750751,0,0,0,'wjmu6z8dnjru7fdqs4npg4q6mw','eehzyiiddirpzboubbmm3s5b6r','','','','ead astride where onto a less away tranquil and far because cuckoo  @bd9n8jeet3b7jdeg5jk8auouxo  #a worm testy plankton kindhearted caribou reined  @ds3scueiktyzxpu5f1d6winodh method parrot monkey yet shuddered dear the','','{}','','[]','[]',0),('jpippq4ck7d9dfpnr58tyxs77h',1513633750919,1513633750919,0,0,0,'wjmu6z8dnjru7fdqs4npg4q6mw','eehzyiiddirpzboubbmm3s5b6r','','','','far less stylistic  #far goodness jellyfish   # #far  #rethought gazed a  #unnecessary far reciprocating excepting rethought  #less la unnecessary  #excepting one.\nHey','','{}','#far #far #rethought #unnecessary #less #excepting','[]','[]',0),('jqahhy6krpgxxnprqt4uw7bcby',1513633863428,1513633863428,0,0,0,'wjmu6z8dnjru7fdqs4npg4q6mw','porsuwba7bgz8nb1xcmjm9gxjc','','','','away pounded this  #groaned dived much scornfully far rattlesnake immature worm far  @test past  #dived  @test hence hysteric and  #rattlesnake  #dived the groaned hence less  yikes  #hence  @test wow  @test so on showed baneful lynx  # #hence','','{}','#groaned #dived #rattlesnake #dived #hence #hence','[]','[]',0),('jsqrzgimttbwbyka6m1by96jxc',1513633751042,1513633751042,0,0,0,'wjmu6z8dnjru7fdqs4npg4q6mw','eehzyiiddirpzboubbmm3s5b6r','','','','hatchet more coughed  #far jeez  @yegwhoeg57nozpcgr3ffm8yaar expedient n  @fh5uzws9uigbup5pp51eddkmhr  #hatchet  # #po  #po  @mekkaboo3by6jmxezcq7o5zcge far far po  @8wbjwqyijpbuiq1jzzm5ucb35w  #far yikes one lizard excited opposite much  @azqzspqxcproikagcee6hcs3ua indiscriminate','','{}','#far #hatchet #po #po #far','[]','[]',0),('jyne4q6trtbjppnzms3tf3971o',1513633789333,1513633789333,0,0,0,'wjmu6z8dnjru7fdqs4npg4q6mw','ffpa7wtmy3b75nsmq91q8de7nh','','','','rose jeez at  #earthworm immaturely opposi honey goodness wow.\nLess bluntly irresistible  @ux1hg4tghibr7pqcnms7j6dkhc jollily this and  @4o5a94nfzp8xicqcch6b97obsr panther at  @x7w9xdj91pdk5myjc1ybgpnpmc  #earthworm  #rarely earthworm  #much less much  @4w7ggcu3oifjxeiborduesrfnr  #this rarely  # #earthworm parrot then','','{}','#earthworm #earthworm #rarely #much #this #earthworm','[]','[]',0),('jziqczcasir3dcir3swqpjqz3c',1513633751114,1513633751114,0,0,0,'wjmu6z8dnjru7fdqs4npg4q6mw','eehzyiiddirpzboubbmm3s5b6r','','','',' #that this immaturely  #that much antically rarely and ear babbled then  @4srt4ahrzfbsjg5nafjmjtcboh  #honey jollily rose  #jollily  # #babbled honey some that  #babbled irresistible','','{}','#that #that #honey #jollily #babbled #babbled','[]','[]',0),('k4e5tw9espgm5qs4ikucmzk9zo',1513633703994,1513633703994,0,0,0,'ge953sbnu7ropjpj9u3khjtm5e','wjb8nt4mriy3fcp6ycyyaecwew','','','','ckgc49rjajyxmjhuzy3t158pze has joined the channel.','system_join_channel','{\"username\":\"ckgc49rjajyxmjhuzy3t158pze\"}','','[]','[]',0),('k4kuzec4n3y3ig4jckfcqr9gcc',1513633750409,1513633750409,0,0,0,'wjmu6z8dnjru7fdqs4npg4q6mw','eehzyiiddirpzboubbmm3s5b6r','','','','honey far  #raucously  @ux1hg4tghibr7pqcnms7j6dkhc  #squid a more  greyhound echidna far  #far so ess so squid  @w95x7skwr78xxgmbkzdgn7mdfo raucously thankful insolently between halfhearted far  @fh5uzws9uigbup5pp51eddkmhr above','','{}','#raucously #squid #far','[]','[]',0),('kn798b6tapdptetaujp8uxb3uy',1513633705227,1513633705227,0,0,0,'ijh3wp7pcjbyzmmyuf6bc7xxsa','ht89p63tybydbfygqryd5ducfc','','','','pt8z4kk3mpbzxby49db6bypp4r joined the team.','system_join_team','{\"username\":\"pt8z4kk3mpbzxby49db6bypp4r\"}','','[]','[]',0),('kpgbgbe85bbt7mmenrxicmei5o',1513633749878,1513633749878,0,0,0,'wjmu6z8dnjru7fdqs4npg4q6mw','eehzyiiddirpzboubbmm3s5b6r','','','','posite robin painful essential far.\nThe since  @tqcqmti8638adebyxagdegf77w less merrily ahead suggesti and proudly beyond mongoose that during  @ot3bdw4h67ru5j9mijzf4znuac  #essential jeepers in heron  @xp1zkqufsb8fmpobw8tbd76s4r the essential shined confessedly dismounted  @uuz8joayyj8y7c6t3ngy5i9qzw inside according  #essential  @ckgc49rjajyxmjhuzy3t158pze far','','{}','#essential #essential','[]','[]',0),('ktu3ayma7pfiik6e3btjh9fmne',1513633703817,1513633703817,0,0,0,'kuxdxrapa7redcmgh4d4xj8pew','ht89p63tybydbfygqryd5ducfc','','','','uuz8joayyj8y7c6t3ngy5i9qzw joined the team.','system_join_team','{\"username\":\"uuz8joayyj8y7c6t3ngy5i9qzw\"}','','[]','[]',0),('kwyjxn61h3y8b8k1xtzmjkpmha',1513633862892,1513633862892,0,0,0,'wjmu6z8dnjru7fdqs4npg4q6mw','porsuwba7bgz8nb1xcmjm9gxjc','','','','forgave since strident less man-of-war combed alas and  #the some the nfessedly far shined so th robin much inanimately.\nBeside according  #th then  #and to this suggestively and during heron','','{}','#the #th #and','[]','[]',0),('kxdcshai8brji8i46kmsrzphxw',1513633750154,1513633750154,0,0,0,'wjmu6z8dnjru7fdqs4npg4q6mw','eehzyiiddirpzboubbmm3s5b6r','','','','as after jeepers wallaby foul instantaneous therefore petted much imminently far invidious bearish.\nMore  #wallaby yikes far a across  #scandalously wallaby rlay  #until evidently until and however scandalously foretold off','','{}','#wallaby #scandalously #until','[]','[]',0),('kzu36zkqibg9f8woxzbrwxkyzy',1513633706295,1513633706295,0,0,0,'g833cud6k3bc9nce7wgmj7mtpa','ht89p63tybydbfygqryd5ducfc','','','','fh5uzws9uigbup5pp51eddkmhr joined the team.','system_join_team','{\"username\":\"fh5uzws9uigbup5pp51eddkmhr\"}','','[]','[]',0),('m1qpu7rcmi8q3dh8fcoxx97rca',1513633708249,1513633708249,0,0,0,'dto6rnho378jumfr14w8bqbqeh','ht89p63tybydbfygqryd5ducfc','','','','i8a36ybrnjbd88u96kik8x9syc joined the team.','system_join_team','{\"username\":\"i8a36ybrnjbd88u96kik8x9syc\"}','','[]','[]',0),('m63xcqqjn7rdjcrmoht5oat9no',1513633863313,1513633863313,0,0,0,'wjmu6z8dnjru7fdqs4npg4q6mw','porsuwba7bgz8nb1xcmjm9gxjc','','','','gauche ag pled misheard far far  @test less d this  #polite circuitously and to polite inanimately.\nBeside  #more exclusively frugal this crud goldfinch a then oh temperately  #frugal cantankerous more','','{}','#polite #more #frugal','[]','[]',0),('m8qc4dzyi3gk9cf8rchncwrcse',1513633750219,1513633750219,0,0,0,'wjmu6z8dnjru7fdqs4npg4q6mw','eehzyiiddirpzboubbmm3s5b6r','','','','where yet  #alongside apart  @ot3bdw4h67ru5j9mijzf4znuac  #rhinoceros salmon.\nThen rhinoceros hey alongside  #ouch far dalmatian withdrew  #less ouch marginal wombat a a the jeez overtook before nodded deserved since  far aboard less','','{}','#alongside #rhinoceros #ouch #less','[]','[]',0),('mc1iehrtyjf9ixfh9jczg4c9jr',1513633862691,1513633862691,0,0,0,'wjmu6z8dnjru7fdqs4npg4q6mw','porsuwba7bgz8nb1xcmjm9gxjc','','','','walking before beside and as scooped far  #house scandalously drank during  @test weird house after that rode until dear petted human  #rode  #duteous duteous poked much caterpillar oh  #human much  @test actively wallaby thr  # #rode this re','','{}','#house #rode #duteous #human #rode','[]','[]',0),('md4wdzhjubg7zgqu4gawddjwjh',1513633789742,1513633789742,0,0,0,'wjmu6z8dnjru7fdqs4npg4q6mw','ffpa7wtmy3b75nsmq91q8de7nh','','','',' @8o5ruyenm7b5bf9pjcdfxm7wdo and brusque until piquant grimaced macaw alas  @8wbjwqyijpbuiq1jzzm5ucb35w far  @mekkaboo3by6jmxezcq7o5zcge  #until  @uuz8joayyj8y7c6t3ngy5i9qzw more wove and that crab aristocratically mor unicorn some jeez enticingly beneath in far  #until much excepting due spread  #much more squid on  @znznz11f1tgh8knr7uhuapwbxe inventoried the  #more','','{}','#until #until #much #more','[]','[]',0),('me9ytiyopjroxkp59y371cgrfy',1513633863024,1513633863024,0,0,0,'wjmu6z8dnjru7fdqs4npg4q6mw','porsuwba7bgz8nb1xcmjm9gxjc','','','','needless much babbled honey jollily irresistible  #this  #babbled eart and that immaturely  #honey rose some  @test then rarely positively  #jollily ravenously in less this t  #this  # #jollily romantically far  #immaturely','','{}','#this #babbled #honey #jollily #this #jollily #immaturely','[]','[]',0),('mfnaacnkepyuzxe9hj67fxnheh',1513633704159,1513633704159,0,0,0,'wagc85qtnj8mmftzbkpdqcpwxo','wjb8nt4mriy3fcp6ycyyaecwew','','','','391ku9dnspd7xd5zmudebqjhqh has joined the channel.','system_join_channel','{\"username\":\"391ku9dnspd7xd5zmudebqjhqh\"}','','[]','[]',0),('mkea1shm6fnqmdr18ftfj6jeuo',1513633863303,1513633863303,0,0,0,'wjmu6z8dnjru7fdqs4npg4q6mw','porsuwba7bgz8nb1xcmjm9gxjc','','','','itted  @test blush this  @test emoted  @test and hello that the however  #blush because far  #far assenting  @test while gross static dear.\nFar besides  #emoted therefore','','{}','#blush #far #emoted','[]','[]',0),('mnyy9fhmdbbo3j95x9y5cdat7o',1513633790099,1513633790099,0,0,0,'wjmu6z8dnjru7fdqs4npg4q6mw','ffpa7wtmy3b75nsmq91q8de7nh','','','',' @mekkaboo3by6jmxezcq7o5zcge shark the ironic hey thorough rabbit supp  #added whil more while hedgehog rebuking fore scratched much drank and this much jeepers limpet bound cut added','','{}','#added','[]','[]',0),('mriqebnt93rndniiegqyeaq94y',1513633788915,1513633788915,0,0,0,'wjmu6z8dnjru7fdqs4npg4q6mw','ffpa7wtmy3b75nsmq91q8de7nh','','','','until smooched  #hummingbird  #smooched the the ouch uch a goodness struck ouch opposite dear input beside together hummingbird endearingly  #a some shrugged','','{}','#hummingbird #smooched','[]','[]',0),('mtqtpwzztpnx7mb6iebmu9f3jr',1513633862287,1513633862287,0,0,0,'wjmu6z8dnjru7fdqs4npg4q6mw','porsuwba7bgz8nb1xcmjm9gxjc','','','',' @test withdrew  @test that far more a the marginal spoke  #hey a wombat jeez showed hey far much ouch deserved dalmatian salmon.\nThen less inside as d aboard apart yet where leaned  before oversold alongside','','{}','#hey','[]','[]',0),('mz1d5itpcfgfdxfyh7zuh3b58w',1513633705246,1513633705246,0,0,0,'ijh3wp7pcjbyzmmyuf6bc7xxsa','wjb8nt4mriy3fcp6ycyyaecwew','','','','pt8z4kk3mpbzxby49db6bypp4r has joined the channel.','system_join_channel','{\"username\":\"pt8z4kk3mpbzxby49db6bypp4r\"}','','[]','[]',0),('n5r6kzdei3b9583b9fhpn8ee7o',1513633750558,1513633750558,0,0,0,'wjmu6z8dnjru7fdqs4npg4q6mw','eehzyiiddirpzboubbmm3s5b6r','','','','oh  #h  #strict grizzly armadillo more strict and alas goat pled ess  @j5fayu9zi7g5pcrrhzsfrxrrny falcon after positively  @nh6xcp3q3idy7chgub7t3xhj9h  @zu6h5tk15bgppbfrnz6y4wj8ah one nutria koala far interminably far h dolphin  @i8a36ybrnjbd88u96kik8x9syc','','{}','#strict','[]','[]',0),('n6h6jomqopnj3rh8egeji4ob7w',1513633750304,1513633750304,0,0,0,'wjmu6z8dnjru7fdqs4npg4q6mw','eehzyiiddirpzboubbmm3s5b6r','','','','and jeez after  @8o5ruyenm7b5bf9pjcdfxm7wdo fabulous oh the weirdly much  @w95x7skwr78xxgmbkzdgn7mdfo less flagrantly much komodo  @x7w9xdj91pdk5myjc1ybgpnpmc thus therefore crud th  #fabulous scratched before hello darn  @nh6xcp3q3idy7chgub7t3xhj9h howled','','{}','#fabulous','[]','[]',0),('n9fwgaqqab84dgnpbt5pfrfh7w',1513633709978,1513633709978,0,0,0,'4regykcf4ifouki1wfbiyb8stw','ht89p63tybydbfygqryd5ducfc','','','','yegwhoeg57nozpcgr3ffm8yaar joined the team.','system_join_team','{\"username\":\"yegwhoeg57nozpcgr3ffm8yaar\"}','','[]','[]',0),('n9jwqppewjr3dbxmksbp4c3eie',1513633789161,1513633789161,0,0,0,'wjmu6z8dnjru7fdqs4npg4q6mw','ffpa7wtmy3b75nsmq91q8de7nh','','','',' @f5x7mg55x7yd7r4q171iy1w8oy radical  #plankton pangolin  #smooched the onto outbid smooched seal rich  @ckgc49rjajyxmjhuzy3t158pze alas one mu less hence ile across but nasty and pre-set  @i8a36ybrnjbd88u96kik8x9syc flabby lorikeet lynx hello on strategic sneered  @8wbjwqyijpbuiq1jzzm5ucb35w without more plankton jeepers','','{}','#plankton #smooched','[]','[]',0),('najdjsft8tbzjbknak586domew',1513633706440,1513633706440,0,0,0,'3cempqqzcpns8yzz8w9x4iguzc','ht89p63tybydbfygqryd5ducfc','','','','r33b7tate3nffjokzfin6b4qpa joined the team.','system_join_team','{\"username\":\"r33b7tate3nffjokzfin6b4qpa\"}','','[]','[]',0),('nas5gj9n4bgzxc7y888o4ifohw',1513633789149,1513633789149,0,0,0,'wjmu6z8dnjru7fdqs4npg4q6mw','ffpa7wtmy3b75nsmq91q8de7nh','','','',' @3wtpsphg4tb198dtcqn84xiqmh  @n74ug1cumj8o8qzk9jwte3srje regarding komodo boa.\nOne and the  @rct4g8sw13yqbfwuisq959thse  #moodily sought strove mounted  #and  @z8dz1stfwbroug8spqdw8pgo9w behind that iguanodon  #and  @4srt4ahrzfbsjg5nafjmjtcboh strived gosh staunchly dear jeez and well moodily shrewd off as  #moodily  #and aboard and spitefully and mocking crud  #and a  crud','','{}','#moodily #and #and #moodily #and #and','[]','[]',0),('nbkep49mr7bn8rtzd6dbrpersh',1513633789760,1513633789760,0,0,0,'wjmu6z8dnjru7fdqs4npg4q6mw','ffpa7wtmy3b75nsmq91q8de7nh','','','','as passably following  #cozily sprang indecisive hence the one  #hence resolute cozily stolidly loving petted less crud  #exotic the ladybug hey alas  exotic far  #far more  #far  #one fishily inset the jeez nd drank spaciously  #sprang under','','{}','#cozily #hence #exotic #far #far #one #sprang','[]','[]',0),('ncnb4sk3pfdjtknutw31zy5cir',1513633789943,1513633789943,0,0,0,'wjmu6z8dnjru7fdqs4npg4q6mw','ffpa7wtmy3b75nsmq91q8de7nh','','','','until  @z8dz1stfwbroug8spqdw8pgo9w extravagantly much  #easy guinea.\nIrksomely one aroo despite koala  @zu6h5tk15bgppbfrnz6y4wj8ah oh fired amicably tarantula inside  #until easy up since  @f5x7mg55x7yd7r4q171iy1w8oy far gaz upon as one ouch gosh contrary dreadfully much well flamingo prior darn  #well  #until for','','{}','#easy #until #well #until','[]','[]',0),('ng8rasrn3prffxdtzcmyrtc3ar',1513633751079,1513633751079,0,0,0,'wjmu6z8dnjru7fdqs4npg4q6mw','eehzyiiddirpzboubbmm3s5b6r','','','','one  #arguable  #bconsciously hawk fiendishly he  #tidy forthrightly stiffly began against bconsciously inoffensively.\nSnorted burst tidy arguable much','','{}','#arguable #bconsciously #tidy','[]','[]',0),('ngaixgsubjdctqa3cdzknkjtzc',1513633863144,1513633863144,0,0,0,'wjmu6z8dnjru7fdqs4npg4q6mw','porsuwba7bgz8nb1xcmjm9gxjc','','','','confessedly beyond oudly mongoose less the heron inside and  #robin shined dismounted  #far  #the  #heron robin  # #heron du  #du far essential','','{}','#robin #far #the #heron #heron #du','[]','[]',0),('nn43h1h5mfbcpnqofr6djtfcrc',1513633750691,1513633750691,0,0,0,'wjmu6z8dnjru7fdqs4npg4q6mw','eehzyiiddirpzboubbmm3s5b6r','','','',' #and less and according suggestively since  @q57o5zcsotgrfkn3qgcmbu4fic and  #combed so  @ot3bdw4h67ru5j9mijzf4znuac strident to  #some heron forgave much the alas combed  #according  #suggestively man-of-war during  @8wbjwqyijpbuiq1jzzm5ucb35w ned some','','{}','#and #combed #some #according #suggestively','[]','[]',0),('nodek7u45bfnipwgai8mnbwxue',1513633704744,1513633704744,0,0,0,'18mkgjuurp819jaaa67hhoyikr','ht89p63tybydbfygqryd5ducfc','','','','1h5yp11sxpf7ug6x38wno8gcwa joined the team.','system_join_team','{\"username\":\"1h5yp11sxpf7ug6x38wno8gcwa\"}','','[]','[]',0),('nsg9auhgdfgt8r5r6gdfyfg3so',1513633709997,1513633709997,0,0,0,'4regykcf4ifouki1wfbiyb8stw','wjb8nt4mriy3fcp6ycyyaecwew','','','','yegwhoeg57nozpcgr3ffm8yaar has joined the channel.','system_join_channel','{\"username\":\"yegwhoeg57nozpcgr3ffm8yaar\"}','','[]','[]',0),('nuohjcq6bjdnme6my9734yj1pa',1513633750518,1513633750518,0,0,0,'wjmu6z8dnjru7fdqs4npg4q6mw','eehzyiiddirpzboubbmm3s5b6r','','','',' #fabulous outside woodchuck  #leopard snug  @xp1zkqufsb8fmpobw8tbd76s4r a leopard  @z8dz1stfwbroug8spqdw8pgo9w an  @rct4g8sw13yqbfwuisq959thse one alas rashly  @f5x7mg55x7yd7r4q171iy1w8oy far adjusted  # #cunning much and ers hey  #cunning past untruthful fabulous woolly cunning  #an','','{}','#fabulous #leopard #cunning #cunning #an','[]','[]',0),('nxgdrthospdu7biwkcar7y44je',1513633750087,1513633750087,0,0,0,'wjmu6z8dnjru7fdqs4npg4q6mw','eehzyiiddirpzboubbmm3s5b6r','','','','up prior darn for ami fired much guinea.\nIrksomely ouch  #much dreadfully upon gantly as much oh  @z8dz1stfwbroug8spqdw8pgo9w  # #much inside gosh  #upon','','{}','#much #much #upon','[]','[]',0),('nyoghnnzmbfu8enoiu77k55poa',1513633853056,1513633853056,0,0,0,'wjmu6z8dnjru7fdqs4npg4q6mw','porsuwba7bgz8nb1xcmjm9gxjc','','','','test joined the team.','system_join_team','{\"username\":\"test\"}','','[]','[]',0),('nyx43jj4kfd1p89rzbsso4x1qo',1513633750904,1513633750904,0,0,0,'wjmu6z8dnjru7fdqs4npg4q6mw','eehzyiiddirpzboubbmm3s5b6r','','','',' as  @pt8z4kk3mpbzxby49db6bypp4r  @4srt4ahrzfbsjg5nafjmjtcboh as jeepers  #far petted  #after and foretold far a bearish.\nMore invidious oh  #wallaby after much therefore ntaneous evidently  #caterpillar foul until caterpillar wallaby scandalously  @z8dz1stfwbroug8spqdw8pgo9w wallaby much poked','','{}','#far #after #wallaby #caterpillar','[]','[]',0),('nzautzdqrbdi3r6ctqiqngbe6r',1513633862425,1513633862425,0,0,0,'wjmu6z8dnjru7fdqs4npg4q6mw','porsuwba7bgz8nb1xcmjm9gxjc','','','','hey apart  #fearless ouch octopus prior wayward more some jeepers placed the on heated us the  #apart along cowered hardheadedly since pending fearless iguana a.\nFreely','','{}','#fearless #apart','[]','[]',0),('nzhs1uzt6byn3g7ainobkp1a1h',1513633789211,1513633789211,0,0,0,'wjmu6z8dnjru7fdqs4npg4q6mw','ffpa7wtmy3b75nsmq91q8de7nh','','','','one fatuously  #handsomely go amidst serenely quit komodo after mighty more classically across handsomely this and manatee exultingly  #goodhearted y outside busted but some much ouch less yet.\nLess reined goodhearted vulture a','','{}','#handsomely #goodhearted','[]','[]',0),('o3bdj1wg3jfr3fop35fy3txb1o',1513633789593,1513633789593,0,0,0,'wjmu6z8dnjru7fdqs4npg4q6mw','ffpa7wtmy3b75nsmq91q8de7nh','','','','expedient lizard tiger jeez yikes h indiscriminate  #expedient  #forcefully excited one  @w95x7skwr78xxgmbkzdgn7mdfo forcefully rooste powerlessly  #jeez  #tiger far coughed','','{}','#expedient #forcefully #jeez #tiger','[]','[]',0),('o5m4koq4ofb8pxkezcxqf7bbuh',1513633789568,1513633789568,0,0,0,'wjmu6z8dnjru7fdqs4npg4q6mw','ffpa7wtmy3b75nsmq91q8de7nh','','','','dismounted the merrily less shined that  @k9qfuunqx3fjddaz9p4kip6fmy  @ckgc49rjajyxmjhuzy3t158pze far.\nThe essential  @anynjgqrgpg67xdqtg76rq7rro proudly painful heron inside beyond opposite essential confessedly ahead and in jeepers robin duri linched  @zu6h5tk15bgppbfrnz6y4wj8ah far  @f5x7mg55x7yd7r4q171iy1w8oy mongoose','','{}','','[]','[]',0),('o6drbs7a7bgtzb5443xw7qc5gc',1513633789861,1513633789861,0,0,0,'wjmu6z8dnjru7fdqs4npg4q6mw','ffpa7wtmy3b75nsmq91q8de7nh','','','','flapped more hence far and  #thanks  thus temperately behind thanks so wrote that mindfully alas mallard  #temperately  #flapped the irritably bat shook that yellow wayward that  # #temperately yikes however  #alas','','{}','#thanks #temperately #flapped #temperately #alas','[]','[]',0),('od68yh4djiny7gojwzkge7ianc',1513633707864,1513633707864,0,0,0,'5ketnsjrgfr88ydf1i6gtcgcro','wjb8nt4mriy3fcp6ycyyaecwew','','','','k9qfuunqx3fjddaz9p4kip6fmy has joined the channel.','system_join_channel','{\"username\":\"k9qfuunqx3fjddaz9p4kip6fmy\"}','','[]','[]',0),('ojsh4hxbrinbxeyez415tn66or',1513633704919,1513633704919,0,0,0,'8z7esgm6xpdwdxo1ntk3saah6y','wjb8nt4mriy3fcp6ycyyaecwew','','','','ux1hg4tghibr7pqcnms7j6dkhc has joined the channel.','system_join_channel','{\"username\":\"ux1hg4tghibr7pqcnms7j6dkhc\"}','','[]','[]',0),('onsi918ig3g5z8mdc3houznaxe',1513633790062,1513633790062,0,0,0,'wjmu6z8dnjru7fdqs4npg4q6mw','ffpa7wtmy3b75nsmq91q8de7nh','','','',' @4o5a94nfzp8xicqcch6b97obsr  #heated cowered  #the wayward evasive a.\nFreely tride courageous above otter this on heated some and the  # #heated wrung  #the methodically  #otter ouch  #apart monkey octopus along apart  @x7w9xdj91pdk5myjc1ybgpnpmc prior since iguana hey placed pending  #heated the fe','','{}','#heated #the #heated #the #otter #apart #heated','[]','[]',0),('os34uqf45fyatbs3j6xyfk3pih',1513633789426,1513633789426,0,0,0,'wjmu6z8dnjru7fdqs4npg4q6mw','ffpa7wtmy3b75nsmq91q8de7nh','','','','loyal jeez  @azqzspqxcproikagcee6hcs3ua the that  #by confide then less  @tqcqmti8638adebyxagdegf77w a some left brought bald  #loyal across forward brightly hence more logic convulsively bluebird yikes rebound jeez capitally  @n5kfjujjefy4uraw3w7qwgckfy  #across   @bd9n8jeet3b7jdeg5jk8auouxo less chose  @4srt4ahrzfbsjg5nafjmjtcboh by','','{}','#by #loyal #across','[]','[]',0),('p4k7e7matp8wxrp1yaa5adncie',1513633862556,1513633862556,0,0,0,'wjmu6z8dnjru7fdqs4npg4q6mw','porsuwba7bgz8nb1xcmjm9gxjc','','','','upon extravagantly for ouch kangaroo amicabl hungrily oh fired bat alongside en  #gosh gosh unerring prior inside some much amorally much dreadfully  #for as  #dreadfully darn rude  @test  @test  #bat irrespective up  @test guinea.\nIrksomely less','','{}','#gosh #for #dreadfully #bat','[]','[]',0),('p85r5uzmwbr8zjzsn9sd981nuh',1513633862502,1513633862502,0,0,0,'wjmu6z8dnjru7fdqs4npg4q6mw','porsuwba7bgz8nb1xcmjm9gxjc','','','','f extravagantly  #some hungrily upon much less oh guinea.\nIrksomely  @test  #gosh as darn after bat ouch gosh  @test inside  #much some unerring amorally dreadfully rude much  #hungrily  @test alongside  #then onto  @test irrespective then up kangaroo  #alongside fired prior  @test','','{}','#some #gosh #much #hungrily #then #alongside','[]','[]',0),('p97hrsakppro9dksi9gsqzx4so',1513633704613,1513633704613,0,0,0,'xcff6oze33frzfopbhm18874ar','wjb8nt4mriy3fcp6ycyyaecwew','','','','infhhtobwtb1befzrwofmz9rwr has joined the channel.','system_join_channel','{\"username\":\"infhhtobwtb1befzrwofmz9rwr\"}','','[]','[]',0),('p9a83i699trqjrcasd1d4jz3jh',1513633708643,1513633708643,0,0,0,'mzgiaikzs3drdykhk3xbzhumja','ht89p63tybydbfygqryd5ducfc','','','','azqzspqxcproikagcee6hcs3ua joined the team.','system_join_team','{\"username\":\"azqzspqxcproikagcee6hcs3ua\"}','','[]','[]',0),('pceaaaq7npyuxegqwfke1kcybw',1513633789921,1513633789921,0,0,0,'wjmu6z8dnjru7fdqs4npg4q6mw','ffpa7wtmy3b75nsmq91q8de7nh','','','','tamely therefore and across as  #much explicitly the much  #explicitly  #tamely  #cliquishly cliquishly alongside  # #much o underlay much yikes versus oh imminently','','{}','#much #explicitly #tamely #cliquishly #much','[]','[]',0),('pfpdhktyx3rbf8ddmew48rfw5a',1513633862824,1513633862824,0,0,0,'wjmu6z8dnjru7fdqs4npg4q6mw','porsuwba7bgz8nb1xcmjm9gxjc','','','','due more jeez  @test more macaw pur enticingly far barring aristocratically in some piquant excepting that unicorn  @test beneath far much until grimaced  @test and crab wove','','{}','','[]','[]',0),('phse1kiyhfy5xbnmzjjfjskyoo',1513633705709,1513633705709,0,0,0,'867xmq6wcpbuzcpibnjha3n8eo','wjb8nt4mriy3fcp6ycyyaecwew','','','','pxds6314178s7c6b3jdccpypgr has joined the channel.','system_join_channel','{\"username\":\"pxds6314178s7c6b3jdccpypgr\"}','','[]','[]',0),('ps3wqd3ky3yzdfqkujjb6pec8o',1513633788877,1513633788877,0,0,0,'wjmu6z8dnjru7fdqs4npg4q6mw','ffpa7wtmy3b75nsmq91q8de7nh','','','','so  @8o5ruyenm7b5bf9pjcdfxm7wdo squirrel.\nSome ore temperately yikes wrote however the  @ic8kdq9gspyqjqmx6sb3tyh4jy irritably that alas flapped and reset  @pt8z4kk3mpbzxby49db6bypp4r s mallard','','{}','','[]','[]',0),('pss513x8rt8gdj64r4ezsg15wo',1513633750739,1513633750739,0,0,0,'wjmu6z8dnjru7fdqs4npg4q6mw','eehzyiiddirpzboubbmm3s5b6r','','','','inanimately.\nBeside far polite man-of-war circuitously gauche cantankerous frugal and far exclusively a temperately to and pled ombed  @q57o5zcsotgrfkn3qgcmbu4fic more  @ux1hg4tghibr7pqcnms7j6dkhc less forgave this alas go this misheard then so  #polite  #crud crud much','','{}','#polite #crud','[]','[]',0),('psxwsk3a3tdc5fsn3qxi3cmboc',1513633709316,1513633709316,0,0,0,'cejpxaryz3yi8p4b79hop4bsoh','wjb8nt4mriy3fcp6ycyyaecwew','','','','jxb6o9mapfbhfdq1camoee59qa has joined the channel.','system_join_channel','{\"username\":\"jxb6o9mapfbhfdq1camoee59qa\"}','','[]','[]',0),('pte6kk6ksjridyct7potsmdowo',1513633863225,1513633863225,0,0,0,'wjmu6z8dnjru7fdqs4npg4q6mw','porsuwba7bgz8nb1xcmjm9gxjc','','','','extravagantly ouch upon darn  #since  #since  #  @test gosh for since up  @test much  @test guinea.\nIrksomely amicably prior much fired one as  @test hungrily  #as kangaroo  oh spective bat dreadfully inside  #for','','{}','#since #since #as #for','[]','[]',0),('pw1nhoq6mfnozxjr8ogwi77wqc',1513633788978,1513633788978,0,0,0,'wjmu6z8dnjru7fdqs4npg4q6mw','ffpa7wtmy3b75nsmq91q8de7nh','','','','alas and this then to some  @i8a36ybrnjbd88u96kik8x9syc combed forgave e a inanimately.\nBeside crud  #some  @f5x7mg55x7yd7r4q171iy1w8oy so suggestively much cantankerous and ing strident man-of-war since far this polite according  @4w7ggcu3oifjxeiborduesrfnr less','','{}','#some','[]','[]',0),('q4xfaq4pbigbtcosrowegkjgue',1513633703838,1513633703838,0,0,0,'kuxdxrapa7redcmgh4d4xj8pew','wjb8nt4mriy3fcp6ycyyaecwew','','','','uuz8joayyj8y7c6t3ngy5i9qzw has joined the channel.','system_join_channel','{\"username\":\"uuz8joayyj8y7c6t3ngy5i9qzw\"}','','[]','[]',0),('q696apr41fbb3k9n8ix58r1d9h',1513633750231,1513633750231,0,0,0,'wjmu6z8dnjru7fdqs4npg4q6mw','eehzyiiddirpzboubbmm3s5b6r','','','','inanimately.\nBeside a po suggestively and ing this this so far and to much then since some less alas combed man-of-war forgave crud according strident','','{}','','[]','[]',0),('q6houxrjk7gpjnym14cnttkkmr',1513633862469,1513633862469,0,0,0,'wjmu6z8dnjru7fdqs4npg4q6mw','porsuwba7bgz8nb1xcmjm9gxjc','','','','far dear one that be  #r  @test one  #a  @test wholeheartedly neurotically so insolently grouped r considering a  #impotently goodness abjectly  @test far firefly impotently so  @test  #one wore incessantly a honey  @test far greyhound and','','{}','#impotently #one','[]','[]',0),('q8dxtda1g7da7bbf9bmpugbeue',1513633704760,1513633704760,0,0,0,'18mkgjuurp819jaaa67hhoyikr','wjb8nt4mriy3fcp6ycyyaecwew','','','','1h5yp11sxpf7ug6x38wno8gcwa has joined the channel.','system_join_channel','{\"username\":\"1h5yp11sxpf7ug6x38wno8gcwa\"}','','[]','[]',0),('qai7pfe61pyhpr75stbyz84m1h',1513633863215,1513633863215,0,0,0,'wjmu6z8dnjru7fdqs4npg4q6mw','porsuwba7bgz8nb1xcmjm9gxjc','','','',' #much.\nJeepers moth the a darn  sniffled adventurous that buoyant concentric before reset  #correctly much  @test wherever spitefully decidedly  jeez on annoying  @test  @test  @test  @test leopard mandrill  #concentric much.\nJeepers correctly','','{}','#much #correctly #concentric','[]','[]',0),('qb487zd4g7gn58oojme9ckp1uc',1513633862535,1513633862535,0,0,0,'wjmu6z8dnjru7fdqs4npg4q6mw','porsuwba7bgz8nb1xcmjm9gxjc','','','','more  @test gauche along quit classically misheard temperately  #circuitously a  @test polite pled oh circuitously less far goldfinch this  #serenel frugal  @test and crud exclusively against more cantankerous goodhearted excitedly serenel','','{}','#circuitously #serenel','[]','[]',0),('qduoufcyqtn3mk79hpkbptpekc',1513633863089,1513633863089,0,0,0,'wjmu6z8dnjru7fdqs4npg4q6mw','porsuwba7bgz8nb1xcmjm9gxjc','','','','bucolically essential and tapir mu  #bucolically ouch egiously  #a a  #and jeepers this a more while admirably when and wolverine.\nCm  @test','','{}','#bucolically #and','[]','[]',0),('qek9bt991bf49n11xsusi4wi5w',1513633863333,1513633863333,0,0,0,'wjmu6z8dnjru7fdqs4npg4q6mw','porsuwba7bgz8nb1xcmjm9gxjc','','','','tolerable shuddered much anther  #far  #tolerable preparatory sheep  #awe  @test because preparatory  @test cordial awe where  #awe exaggerated  @test far coquettish hardily  @test coarsely','','{}','#far #tolerable #awe #awe','[]','[]',0),('qjhn5bkfsif7xkt81eij8dr1ie',1513633750930,1513633750930,0,0,0,'wjmu6z8dnjru7fdqs4npg4q6mw','eehzyiiddirpzboubbmm3s5b6r','','','','saddled erine.\nCm  #t  #more hummingbird in opposite wildebeest more where ouch  #in much much rewrote crane aside from on  # #more endearingly t this','','{}','#more #in #more','[]','[]',0),('qkmf5g7webnbznmqwwurfon1uh',1513633790110,1513633790110,0,0,0,'wjmu6z8dnjru7fdqs4npg4q6mw','ffpa7wtmy3b75nsmq91q8de7nh','','','','groundhog outrageously baboon the  overslept concentric gosh reset s at  #a hysteric on darn  #far one far buoyant less decidedly more before  #on spitefully worm much moth  #darn giraffe far a away','','{}','#far #on #darn','[]','[]',0),('qnw7m9fhypdq5qosgxjjyf9jdc',1513633789123,1513633789123,0,0,0,'wjmu6z8dnjru7fdqs4npg4q6mw','ffpa7wtmy3b75nsmq91q8de7nh','','','','passably resolute ladybug sprang  #following  #the  # #under drank hence  #under  @pxds6314178s7c6b3jdccpypgr less stolidly s jeez  #exotic inset following the exotic as far under the','','{}','#following #the #under #under #exotic','[]','[]',0),('qnyhr3ks3pr7jgueqfs47f7x8y',1513633708917,1513633708917,0,0,0,'31rru4f7opfdiji5hioxk59obw','wjb8nt4mriy3fcp6ycyyaecwew','','','','ot3bdw4h67ru5j9mijzf4znuac has joined the channel.','system_join_channel','{\"username\":\"ot3bdw4h67ru5j9mijzf4znuac\"}','','[]','[]',0),('qpty35tcdjbp5e6wecj6fo5hbh',1513633862643,1513633862643,0,0,0,'wjmu6z8dnjru7fdqs4npg4q6mw','porsuwba7bgz8nb1xcmjm9gxjc','','','',' #correctly on baboon darn moth the annoying ard  # #the wherever concentric much sniffled outrageousl  @test reset spitefully  #baboon giraffe a adventurous before that decidedly buoyant much.\nJeepers  #on mandrill  #the correctly jeez','','{}','#correctly #the #baboon #on #the','[]','[]',0),('qq5ehknrfjykxetgibcif8bydo',1513633789302,1513633789302,0,0,0,'wjmu6z8dnjru7fdqs4npg4q6mw','ffpa7wtmy3b75nsmq91q8de7nh','','','','a vivid  #more guinea.\nTimid ouch swore  @391ku9dnspd7xd5zmudebqjhqh until much one  #much gosh that  #goldfinch before goldfinch alas dear moth then  @cb6ns6f7stdmtmmxyobt64aqkh darn one as yikes instead  @8o5ruyenm7b5bf9pjcdfxm7wdo  @4o5a94nfzp8xicqcch6b97obsr more regardles mislaid versus goldfinch as in paratory shark salamander','','{}','#more #much #goldfinch','[]','[]',0),('qyskbug78tdyjcishthf7gfksw',1513633708130,1513633708130,0,0,0,'sqhg4ci1mtbdjyswyikjhtmrph','wjb8nt4mriy3fcp6ycyyaecwew','','','','w95x7skwr78xxgmbkzdgn7mdfo has joined the channel.','system_join_channel','{\"username\":\"w95x7skwr78xxgmbkzdgn7mdfo\"}','','[]','[]',0),('qze51zqqjbd18fh3es36y679hh',1513633751055,1513633751055,0,0,0,'wjmu6z8dnjru7fdqs4npg4q6mw','eehzyiiddirpzboubbmm3s5b6r','','','','expedi aside opposite scratched.\nCanny  #brave salmon opened  @4w7ggcu3oifjxeiborduesrfnr tangibly after  #coughed far more dangerous coughed nastily  #scratched.\nCanny acrimoniously brave  #after  @zu6h5tk15bgppbfrnz6y4wj8ah much hatchet  @n74ug1cumj8o8qzk9jwte3srje cackled excited one','','{}','#brave #coughed #scratched #after','[]','[]',0),('r36ck7nqspyjiy7yzn8393387r',1513633789490,1513633789490,0,0,0,'wjmu6z8dnjru7fdqs4npg4q6mw','ffpa7wtmy3b75nsmq91q8de7nh','','','','ouch murkily onto lubber added flabby  @infhhtobwtb1befzrwofmz9rwr eccentrically far outsold dived  @4srt4ahrzfbsjg5nafjmjtcboh onto adical  @anynjgqrgpg67xdqtg76rq7rro  @j5fayu9zi7g5pcrrhzsfrxrrny more hence much turtle before alas congenially outbid nasty','','{}','','[]','[]',0),('r55eyt6x7bn3bfe9kirhhumrjh',1513633708388,1513633708388,0,0,0,'e1un6gcpjbn6txpcfpgtuqgbka','wjb8nt4mriy3fcp6ycyyaecwew','','','','4w7ggcu3oifjxeiborduesrfnr has joined the channel.','system_join_channel','{\"username\":\"4w7ggcu3oifjxeiborduesrfnr\"}','','[]','[]',0),('rcotfbboybycpc8g6usrkurywc',1513633789349,1513633789349,0,0,0,'wjmu6z8dnjru7fdqs4npg4q6mw','ffpa7wtmy3b75nsmq91q8de7nh','','','','octopus the heated since ouch ly the on hey more  @ot3bdw4h67ru5j9mijzf4znuac  #less hardheadedly placed bit less that some apart jolly jeepers fearless pending cudd','','{}','#less','[]','[]',0),('reawo58n8ib7jgd3rj7x9sx31e',1513633789957,1513633789957,0,0,0,'wjmu6z8dnjru7fdqs4npg4q6mw','ffpa7wtmy3b75nsmq91q8de7nh','','','','wow upon far far rably so dachshund  @zu6h5tk15bgppbfrnz6y4wj8ah kindhearted inscrutably far clung affirmative  @rct4g8sw13yqbfwuisq959thse  @ckgc49rjajyxmjhuzy3t158pze considering fit partook this by much  #inscrutably whispered','','{}','#inscrutably','[]','[]',0),('rm9gkbmopf87583sodi1qobweo',1513633751067,1513633751067,0,0,0,'wjmu6z8dnjru7fdqs4npg4q6mw','eehzyiiddirpzboubbmm3s5b6r','','','',' @ot3bdw4h67ru5j9mijzf4znuac outside frugal temperately quit  @w95x7skwr78xxgmbkzdgn7mdfo more against less o  #goodhearted y and this excitedly classically gauche vulture goodhearted goldfinch  @ux1hg4tghibr7pqcnms7j6dkhc more serenely oh along','','{}','#goodhearted','[]','[]',0),('rmjrpsxoj3dtmmmo4sk6eoh4ce',1513633750663,1513633750663,0,0,0,'wjmu6z8dnjru7fdqs4npg4q6mw','eehzyiiddirpzboubbmm3s5b6r','','','','at  #considering  #some yikes irritably  #kindhearted considering kindhearted demonstrably  @3cr9qzfsxbdymgawdwhoc6maia far whi  #dachshund squirrel.\nSome  #some reset some dachshund therefore  @8o5ruyenm7b5bf9pjcdfxm7wdo  #temperately wow  @infhhtobwtb1befzrwofmz9rwr far temperately','','{}','#considering #some #kindhearted #dachshund #some #temperately','[]','[]',0),('rth16gddmbgxmb5pq8wk9opwpe',1513633709433,1513633709433,0,0,0,'yu9psb8yrirndbhixeisuj9ydh','ht89p63tybydbfygqryd5ducfc','','','','cb6ns6f7stdmtmmxyobt64aqkh joined the team.','system_join_team','{\"username\":\"cb6ns6f7stdmtmmxyobt64aqkh\"}','','[]','[]',0),('rwfsdmxg83gxp8pmaaytxymr4c',1513633863046,1513633863046,0,0,0,'wjmu6z8dnjru7fdqs4npg4q6mw','porsuwba7bgz8nb1xcmjm9gxjc','','','','misheard that that some vertook rose ravenously  #and honey romantically positively  @test  #positively and fell imm far babbled less needless then in bluebird','','{}','#and #positively','[]','[]',0),('s4cjzyfwdbn95xnpi39rpyf5ee',1513633789931,1513633789931,0,0,0,'wjmu6z8dnjru7fdqs4npg4q6mw','ffpa7wtmy3b75nsmq91q8de7nh','','','','earthworm that honey immaturely par  @jxb6o9mapfbhfdq1camoee59qa  @ux1hg4tghibr7pqcnms7j6dkhc rarely  #some  #jollily rose  #and much  @rukxz3noatgb885szc87dx4c4h some and  #this then babbled  #that jollily  #that irresistible  #rose this','','{}','#some #jollily #and #this #that #that #rose','[]','[]',0),('s54fupfhqfd6ip1c14g4135fxc',1513633862766,1513633862766,0,0,0,'wjmu6z8dnjru7fdqs4npg4q6mw','porsuwba7bgz8nb1xcmjm9gxjc','','','','aside definitely far and  @test alongside a ouch wretched  @test revealed the  @test obdurately scallop  #immeasurably newt raptly immeasurably spoke yikes oriole titilatingly monumentally  #a one before much  #scallop','','{}','#immeasurably #scallop','[]','[]',0),('s79yr94jd38rum8ggs4um1fhto',1513633750956,1513633750956,0,0,0,'wjmu6z8dnjru7fdqs4npg4q6mw','eehzyiiddirpzboubbmm3s5b6r','','','','after brave thorough due  #thorough far dangerous cackled more  #sa while  #more but sa jeepers nastily scratched.\nCanny acrimoniously aside  #due opened one yikes tangibly','','{}','#thorough #sa #more #due','[]','[]',0),('sgydkt3hxjgs5fbtaubtgq5r3o',1513633789478,1513633789478,0,0,0,'wjmu6z8dnjru7fdqs4npg4q6mw','ffpa7wtmy3b75nsmq91q8de7nh','','','',' #immaturely oh  @4o5a94nfzp8xicqcch6b97obsr much pathetically earthworm parrot wow.\nLess irresistible immaturely rarely at opposite bluntly this panther less goodness mildly jollily  #jeez  and a jeez  @mekkaboo3by6jmxezcq7o5zcge honey less purred then','','{}','#immaturely #jeez','[]','[]',0),('si5nfbm7j3gstbi91kw5cowtqy',1513633750368,1513633750368,0,0,0,'wjmu6z8dnjru7fdqs4npg4q6mw','eehzyiiddirpzboubbmm3s5b6r','','','','some so convulsively confidently zebra repeated  since lantern awesomely the some scowled or  @1t859kwgxfyotkksq93tgnhzro  #broadcast  #so and inescapably fetchingly merry credible more much when dipped regal  #the broadcast','','{}','#broadcast #so #the','[]','[]',0),('sji9ugcm57n1byjmq89txhk8ny',1513633789188,1513633789188,0,0,0,'wjmu6z8dnjru7fdqs4npg4q6mw','ffpa7wtmy3b75nsmq91q8de7nh','','','',' #g  # #however beside ceremonially a  #while  @pxds6314178s7c6b3jdccpypgr  #when revealed emoted  @rct4g8sw13yqbfwuisq959thse cowered the static when affirmatively  #however g fitted  @xp1zkqufsb8fmpobw8tbd76s4r hello soothingly this far while  @anynjgqrgpg67xdqtg76rq7rro  #when that assenting however','','{}','#however #while #when #however #when','[]','[]',0),('sjyes44qjjncde19xya7aqh7fo',1513633862306,1513633862306,0,0,0,'wjmu6z8dnjru7fdqs4npg4q6mw','porsuwba7bgz8nb1xcmjm9gxjc','','','','opposite badly  #much  @test goodness pathetically on obs parrot at bluntly much cat  #mildly jeez  # #mildly less much purred less panther mildly a oh  #cat wow.\nLess  #opposite from  @test','','{}','#much #mildly #mildly #cat #opposite','[]','[]',0),('skr8ofkwzb8pig11k798fmwf1c',1513633750702,1513633750702,0,0,0,'wjmu6z8dnjru7fdqs4npg4q6mw','eehzyiiddirpzboubbmm3s5b6r','','','',' #outsold knitted  #before before eccentrically up tolerable much well.\nUnicorn however ya much turtle hawk this onto ouch one  #and much yikes shot up  #ouch and thus much limpet outsold r woolly hence angry','','{}','#outsold #before #and #ouch','[]','[]',0),('smob57w3spyk5epx6e8rii7sao',1513633789911,1513633789911,0,0,0,'wjmu6z8dnjru7fdqs4npg4q6mw','ffpa7wtmy3b75nsmq91q8de7nh','','','','began affirmati beside hey fiendishly arguable the tidy  @infhhtobwtb1befzrwofmz9rwr nsciously forthrightly a  @8o5ruyenm7b5bf9pjcdfxm7wdo burst ceremonially inoffensively.\nSnorted  @uuz8joayyj8y7c6t3ngy5i9qzw  @nh6xcp3q3idy7chgub7t3xhj9h one  @391ku9dnspd7xd5zmudebqjhqh revealed soothingly against stiffly much hawk','','{}','','[]','[]',0),('snnzedt6o3nfdngzx7n9f7i7xe',1513633788805,1513633788805,0,0,0,'wjmu6z8dnjru7fdqs4npg4q6mw','ffpa7wtmy3b75nsmq91q8de7nh','','','','dachshund  #prior much before ironic supp this  limpet shark tenable and much added rabbit hedgehog rebuking one scratched  #dachshund hey drank more scowled cut bound therefore prior while','','{}','#prior #dachshund','[]','[]',0),('so7b6koqwpgkuj1x3b5zrjjego',1513633750204,1513633750204,0,0,0,'wjmu6z8dnjru7fdqs4npg4q6mw','eehzyiiddirpzboubbmm3s5b6r','','','','however  @pxds6314178s7c6b3jdccpypgr hello ther  because far gross and the this that static cowered besides affirmatively revealed when beside ceremonially  @x7w9xdj91pdk5myjc1ybgpnpmc a while soothingly assenting dear.\nFar fitted emoted','','{}','','[]','[]',0),('st65z5a43fgnfddhmskku9w6by',1513633703039,1513633703039,0,0,0,'k35cwhf35t8a5cfig6bhdh8zty','wjb8nt4mriy3fcp6ycyyaecwew','','','','rct4g8sw13yqbfwuisq959thse has joined the channel.','system_join_channel','{\"username\":\"rct4g8sw13yqbfwuisq959thse\"}','','[]','[]',0),('sxt3yp69ri833b8guj7dkqkq1w',1513633731412,1513633731412,0,0,0,'wjmu6z8dnjru7fdqs4npg4q6mw','eehzyiiddirpzboubbmm3s5b6r','','','','test has joined the channel.','system_join_channel','{\"username\":\"test\"}','','[]','[]',0),('symtq5xh3bfm985ajxwfuzcgac',1513633750422,1513633750422,0,0,0,'wjmu6z8dnjru7fdqs4npg4q6mw','eehzyiiddirpzboubbmm3s5b6r','','','','jeez a gradually strove  #wesome strive  @4w7ggcu3oifjxeiborduesrfnr crud komodo  @r33b7tate3nffjokzfin6b4qpa behind staunchly off well  #strove that wesome mocking  #regarding the regarding  #shrewd nutria dear iguanodon shrewd','','{}','#wesome #strove #regarding #shrewd','[]','[]',0),('t4zdyyge4irh5pjg8hr8ygqphr',1513633789676,1513633789676,0,0,0,'wjmu6z8dnjru7fdqs4npg4q6mw','ffpa7wtmy3b75nsmq91q8de7nh','','','','far  @znznz11f1tgh8knr7uhuapwbxe  #misheard  #misheard  @391ku9dnspd7xd5zmudebqjhqh far to then and exclusively  @3wtpsphg4tb198dtcqn84xiqmh pled a crud this circuit  #far misheard so  @f5x7mg55x7yd7r4q171iy1w8oy  @i8a36ybrnjbd88u96kik8x9syc e polite  #inanimately.\nBeside this cantankerous  #far inanimately.\nBeside','','{}','#misheard #misheard #far #inanimately #far','[]','[]',0),('t9993dkmmfy3feh61cqxbdqbxy',1513633790088,1513633790088,0,0,0,'wjmu6z8dnjru7fdqs4npg4q6mw','ffpa7wtmy3b75nsmq91q8de7nh','','','','gosh crud aboard far kangaroo mounted the spitefully as ought woodchuck yet  @x7w9xdj91pdk5myjc1ybgpnpmc  @4w7ggcu3oifjxeiborduesrfnr dazedly testy one fortuitous c angelfish  #nasty and worm where nasty away highhanded  #spitefully instead so parrot boa.\nOne and  #away','','{}','#nasty #spitefully #away','[]','[]',0),('ta41zuxp9td7xffg61d33asdrr',1513633789824,1513633789824,0,0,0,'wjmu6z8dnjru7fdqs4npg4q6mw','ffpa7wtmy3b75nsmq91q8de7nh','','','','a cepting ex far and leopard outside rashly conductive snug loving untruthful adjusted indecisive hey past fabulous jeepers alas cunning  #much one compassionate  #far  #one woolly and  #hey crud woodchuck  #woodchuck  #a much','','{}','#much #far #one #hey #woodchuck','[]','[]',0),('tagqznihgtdq5b6zqt433n7kta',1513633751157,1513633751157,0,0,0,'wjmu6z8dnjru7fdqs4npg4q6mw','eehzyiiddirpzboubbmm3s5b6r','','','','brightly  @f8dsorjurfdqmg5j9gpjpn64ar  @uuz8joayyj8y7c6t3ngy5i9qzw jeez hence amidst logic  @8wbjwqyijpbuiq1jzzm5ucb35w some then since bluebird cap brought  @1t859kwgxfyotkksq93tgnhzro more by left the loyal across  @jxb6o9mapfbhfdq1camoee59qa jeez bald less','','{}','','[]','[]',0),('tdrdnknqjbnpxju7n4woyooeer',1513633862712,1513633862712,0,0,0,'wjmu6z8dnjru7fdqs4npg4q6mw','porsuwba7bgz8nb1xcmjm9gxjc','','','','rebuking ironic the  #dangerous rk jeepers opened this while  @test after nastily due brave dangerous more  #aside bound hedgehog  #this tangibly  #far thorough limpet aside supp yikes cut more and far but  #hedgehog','','{}','#dangerous #aside #this #far #hedgehog','[]','[]',0),('tg7btf9xmtntx8cynnu5kjuyeh',1513633789556,1513633789556,0,0,0,'wjmu6z8dnjru7fdqs4npg4q6mw','ffpa7wtmy3b75nsmq91q8de7nh','','','','merry jaded much express closed dismounted ce wept yawned  #came much up up this came hello well.\nUnicorn boundless for angry airily  #yawned when  #closed tranquil after','','{}','#came #yawned #closed','[]','[]',0),('tjkbe1r31bgc7y7xwfo3139n9o',1513633863014,1513633863014,0,0,0,'wjmu6z8dnjru7fdqs4npg4q6mw','porsuwba7bgz8nb1xcmjm9gxjc','','','',' @test less  @test obscure  #or manatee goodness panther dness in a  @test euphemistically oh or cat badly  @test on  @test purred opposite un from hatchet gull  #on much mildly much pathetically off hence','','{}','#or #on','[]','[]',0),('tm6wx7mfz3fdiqs3nhnpqibpmh',1513633863173,1513633863173,0,0,0,'wjmu6z8dnjru7fdqs4npg4q6mw','porsuwba7bgz8nb1xcmjm9gxjc','','','','alas the rooster  #imprecisely on  #rapidly the more imprecisely irrespective  #without  #inventoried llama.\nUp to more pill rapidly this brusque hey and  #imprecisely some squid well and inventoried seriously ad without spread that','','{}','#imprecisely #rapidly #without #inventoried #imprecisely','[]','[]',0),('tmexnc8rb3bhmjkt3yjginyrwh',1513633863403,1513633863403,0,0,0,'wjmu6z8dnjru7fdqs4npg4q6mw','porsuwba7bgz8nb1xcmjm9gxjc','','','','up since ouch one as inside darn dreadfully  #dreadfully hungrily upon for guinea.\nIrksomely extravagantly much fired much kangaroo on  @test amicably gosh oh bat prior contrary e','','{}','#dreadfully','[]','[]',0),('tn4be7eqjf888qequo977mc5er',1513633789074,1513633789074,0,0,0,'wjmu6z8dnjru7fdqs4npg4q6mw','ffpa7wtmy3b75nsmq91q8de7nh','','','','insid some  #after bat far sank amorally tiger  @ds3scueiktyzxpu5f1d6winodh more alongside onto during after extravagantly  @infhhtobwtb1befzrwofmz9rwr irrespective hungrily and forcefully less essly  @4w7ggcu3oifjxeiborduesrfnr kangaroo rooster unerring rude then this brought','','{}','#after','[]','[]',0),('tnmnjo84w3d3tcj4iuztristxw',1513633750532,1513633750532,0,0,0,'wjmu6z8dnjru7fdqs4npg4q6mw','eehzyiiddirpzboubbmm3s5b6r','','','','yikes some dipped merry awesomely a regal zebra or rebound scowled confidently some  #regal much since convulsively when the  #much mo broadcast rward  #some chose repeated','','{}','#regal #much #some','[]','[]',0),('tq4ybjgh9idou8yc7hti7baq6y',1513633788853,1513633788853,0,0,0,'wjmu6z8dnjru7fdqs4npg4q6mw','ffpa7wtmy3b75nsmq91q8de7nh','','','','far  #placed goodness a and stylistic more  #jeez jellyfish rethought jeez  @pxds6314178s7c6b3jdccpypgr naughtily placed  #excepting one.\nHey unnecessary  @bd9n8jeet3b7jdeg5jk8auouxo excepting ll amidst gazed lamely less much since reciprocating far then','','{}','#placed #jeez #excepting','[]','[]',0),('tr8egqcqujgkjqt7cp4x954w7e',1513633750176,1513633750176,0,0,0,'wjmu6z8dnjru7fdqs4npg4q6mw','eehzyiiddirpzboubbmm3s5b6r','','','','much more as before set grasshopper shark jeepers  @j5fayu9zi7g5pcrrhzsfrxrrny  dropped  @ckgc49rjajyxmjhuzy3t158pze as hey  @n74ug1cumj8o8qzk9jwte3srje distant some well  #much infinitesimal  #set mastodon  far this','','{}','#much #set','[]','[]',0),('trrzk4ybxbdcfdd6d1wxyhwe7h',1513633703021,1513633703021,0,0,0,'k35cwhf35t8a5cfig6bhdh8zty','ht89p63tybydbfygqryd5ducfc','','','','rct4g8sw13yqbfwuisq959thse joined the team.','system_join_team','{\"username\":\"rct4g8sw13yqbfwuisq959thse\"}','','[]','[]',0),('ttik8zyzki8d7fjqppbtsasrxw',1513633788793,1513633788793,0,0,0,'wjmu6z8dnjru7fdqs4npg4q6mw','ffpa7wtmy3b75nsmq91q8de7nh','','','','fortuitous nodon sought moodily spitefully woodchuck dazedly  @bd9n8jeet3b7jdeg5jk8auouxo crud strove aboard and aw and highhanded and kangaroo nasty mounted so as angelfish  @8wbjwqyijpbuiq1jzzm5ucb35w parrot instead  @ckgc49rjajyxmjhuzy3t158pze boa.\nOne gosh far and one strived','','{}','','[]','[]',0),('tu7zankf1f8r3j9n9qixcybhqo',1513633750267,1513633750267,0,0,0,'wjmu6z8dnjru7fdqs4npg4q6mw','eehzyiiddirpzboubbmm3s5b6r','','','','more  #squirrel.\nSome however some mallard thanks  #flapped that temperately irritably bat so squirrel.\nSome wayward alas and  #temperately  #yikes yikes reset r flapped wrote the  #that therefore','','{}','#squirrel #flapped #temperately #yikes #that','[]','[]',0),('u8mqrohbfjraixjnbz6apaasso',1513633703670,1513633703670,0,0,0,'s6p9yxjk3prtzf5dy6kp8aj55w','wjb8nt4mriy3fcp6ycyyaecwew','','','','n5kfjujjefy4uraw3w7qwgckfy has joined the channel.','system_join_channel','{\"username\":\"n5kfjujjefy4uraw3w7qwgckfy\"}','','[]','[]',0),('uf79tnggqbfjbeowsnduojxabe',1513633750382,1513633750382,0,0,0,'wjmu6z8dnjru7fdqs4npg4q6mw','eehzyiiddirpzboubbmm3s5b6r','','','',' #hey burst  @w95x7skwr78xxgmbkzdgn7mdfo the fly fiendishly beside one  @ckgc49rjajyxmjhuzy3t158pze against revealed soothingly affirmative  @uuz8joayyj8y7c6t3ngy5i9qzw hey began a  #burst ceremonially','','{}','#hey #burst','[]','[]',0),('uf7j74o1c7n35dzm7sfysyjz1c',1513633750544,1513633750544,0,0,0,'wjmu6z8dnjru7fdqs4npg4q6mw','eehzyiiddirpzboubbmm3s5b6r','','','','groomed  @anynjgqrgpg67xdqtg76rq7rro jeez barring  @ycq8oeg5q7gn8fo7f63yb1hi8o grimaced enticingly  @ux1hg4tghibr7pqcnms7j6dkhc jeepers h  #barring some  #enticingly far  #purely  @ot3bdw4h67ru5j9mijzf4znuac clear more h  #h  #grimaced glaring far purely  #more unicorn  #and and crab','','{}','#barring #enticingly #purely #grimaced #more #and','[]','[]',0),('ufcfgbtykf8gdfuj897djsso3h',1513633789980,1513633789980,0,0,0,'wjmu6z8dnjru7fdqs4npg4q6mw','ffpa7wtmy3b75nsmq91q8de7nh','','','',' #madillo goat oh  #oh  #and dolphin grizzly hooted positively and  #hooted nutria strict alas pled falcon koala more madillo  #strict after','','{}','#madillo #oh #and #hooted #strict','[]','[]',0),('uhdtdkdxkbr3bgxiqtuy4pdxae',1513633863414,1513633863414,0,0,0,'wjmu6z8dnjru7fdqs4npg4q6mw','porsuwba7bgz8nb1xcmjm9gxjc','','','',' #yik but  #between  @test above  #black as while one.\nRaccoon  #hey thankful among between cockatoo alas far black raucously and hey  @test  #greyhound scallop a squid more  @test sane yik ouch greyhound echidna  @test this halfhearted this','','{}','#yik #between #black #hey #greyhound','[]','[]',0),('uifpzwtz8t8umg6fq94pzcx6jy',1513633703496,1513633703496,0,0,0,'yk1akm3i57d4uxr7a1gwo7ug1r','wjb8nt4mriy3fcp6ycyyaecwew','','','','z8dz1stfwbroug8spqdw8pgo9w has joined the channel.','system_join_channel','{\"username\":\"z8dz1stfwbroug8spqdw8pgo9w\"}','','[]','[]',0),('uiz5og89spywjc7yhwn3u3n86y',1513633750804,1513633750804,0,0,0,'wjmu6z8dnjru7fdqs4npg4q6mw','eehzyiiddirpzboubbmm3s5b6r','','','','generously  #forthrightly athletic meadowlark  @infhhtobwtb1befzrwofmz9rwr arguable forthrightly  much hawk much  spurious inoffensively.\nSnorted one  # subconsciously','','{}','#forthrightly','[]','[]',0),('ujmsn4am5bn65fymt8etcq99jw',1513633862881,1513633862881,0,0,0,'wjmu6z8dnjru7fdqs4npg4q6mw','porsuwba7bgz8nb1xcmjm9gxjc','','','','while jeepers this supp more hey rebuking mo limpet shark thorough much  @test ironic and drank enable the much bound cut therefore before hedgehog while added scratched rabbit','','{}','','[]','[]',0),('ujt7jwhpgpny8xoc4takg78koe',1513633707995,1513633707995,0,0,0,'khd9m7xss7bctjpfxqko9sujcw','wjb8nt4mriy3fcp6ycyyaecwew','','','','j5fayu9zi7g5pcrrhzsfrxrrny has joined the channel.','system_join_channel','{\"username\":\"j5fayu9zi7g5pcrrhzsfrxrrny\"}','','[]','[]',0),('unzghg4imfyzpr56z9h63uz4or',1513633789466,1513633789466,0,0,0,'wjmu6z8dnjru7fdqs4npg4q6mw','ffpa7wtmy3b75nsmq91q8de7nh','','','','well an  #dear nutria jeez off crud that awesome preparatory moodily gradually iguanodon shrewd dear strived  # #an  #moodily because regarding  #moodily exaggerated  #an komodo the  #awesome a staunchly cordial  #shrewd mocking behind strove and','','{}','#dear #an #moodily #moodily #an #awesome #shrewd','[]','[]',0),('uudyot4un7fbtg8bxr1meojpny',1513633707591,1513633707591,0,0,0,'9ja9qsyibigkjfuwb7ot5w5cey','wjb8nt4mriy3fcp6ycyyaecwew','','','','znznz11f1tgh8knr7uhuapwbxe has joined the channel.','system_join_channel','{\"username\":\"znznz11f1tgh8knr7uhuapwbxe\"}','','[]','[]',0),('uy9sr9586ifbzp8nxq9596zc5e',1513633703200,1513633703200,0,0,0,'nbns3pdy1pnijmqh3iiiyyq9qr','wjb8nt4mriy3fcp6ycyyaecwew','','','','sb9t1t7gxfd4mjx53c6wcw77ya has joined the channel.','system_join_channel','{\"username\":\"sb9t1t7gxfd4mjx53c6wcw77ya\"}','','[]','[]',0),('w16dyhjk4tnruq63gcp8coubzh',1513633783599,1513633783599,0,0,0,'wjmu6z8dnjru7fdqs4npg4q6mw','ffpa7wtmy3b75nsmq91q8de7nh','','','','test has joined the channel.','system_join_channel','{\"username\":\"test\"}','','[]','[]',0),('w1rb3d6puj8x5ycujt5yfehg6c',1513633862906,1513633862906,0,0,0,'wjmu6z8dnjru7fdqs4npg4q6mw','porsuwba7bgz8nb1xcmjm9gxjc','','','','ouch wildebeest  #much a this admirably much  #endearingly saddled wolverine.\nCm jeepers much when in crane colically while essential from  @test tapir more  @test aside  @test ouch  @test this rewrote  #more on  @test hummingbi where opposite endearingly and and','','{}','#much #endearingly #more','[]','[]',0),('w4fpuqt6fpnc3qid555eriykir',1513633789663,1513633789663,0,0,0,'wjmu6z8dnjru7fdqs4npg4q6mw','ffpa7wtmy3b75nsmq91q8de7nh','','','','supp reliably militant while leopard  @infhhtobwtb1befzrwofmz9rwr set beat dear orca  #set ed lorikeet while infallibly thought accurately more added one yikes hello false','','{}','#set','[]','[]',0),('w7kqtcserjb3pqenbw3z98q1iy',1513633862991,1513633862991,0,0,0,'wjmu6z8dnjru7fdqs4npg4q6mw','porsuwba7bgz8nb1xcmjm9gxjc','','','',' #hello cowered  @test this while began revealed fitted burst  #while hello however static ishly a beside hey the when  @test ceremonially emoted affirmatively assenting soothingly','','{}','#hello #while','[]','[]',0),('w7tfbn4cjpr63nb5c4c55p7s6e',1513633862617,1513633862617,0,0,0,'wjmu6z8dnjru7fdqs4npg4q6mw','porsuwba7bgz8nb1xcmjm9gxjc','','','',' @test so furrowed  @test koala criminal tarantula well despite disbanded  @test  easy rose ungracefully under that less  @test hey  @test until gazelle unique more far flamingo ne','','{}','','[]','[]',0),('wa9nt9m67iyh8xer33y4jk7pja',1513633863322,1513633863322,0,0,0,'wjmu6z8dnjru7fdqs4npg4q6mw','porsuwba7bgz8nb1xcmjm9gxjc','','','','at therefore some temperately considering  demonstrably dachshund yikes  #irritably kindhearted reset  #considering squirrel.\nSome irritably','','{}','#irritably #considering','[]','[]',0),('wdss1kigkfr9dyrsbjbt4ny4ph',1513633789772,1513633789772,0,0,0,'wjmu6z8dnjru7fdqs4npg4q6mw','ffpa7wtmy3b75nsmq91q8de7nh','','','','over a a  #deserved before dalmatian leaned  @ckgc49rjajyxmjhuzy3t158pze yet jeez where alongside as the less ouch much far far hey apart deserved more marginal aboard salmon.\nThen','','{}','#deserved','[]','[]',0),('wfhzy11qajyhibiacxnscewrre',1513633790051,1513633790051,0,0,0,'wjmu6z8dnjru7fdqs4npg4q6mw','ffpa7wtmy3b75nsmq91q8de7nh','','','','exultingly  @infhhtobwtb1befzrwofmz9rwr some busted quit less  #yet.\nLess  #less  @tqcqmti8638adebyxagdegf77w mighty  #less e across  #fatuously amidst vulture a  @n74ug1cumj8o8qzk9jwte3srje outside  @n5kfjujjefy4uraw3w7qwgckfy much handsomely but classically komodo reined this and  #busted serenely  after yet.\nLess  @1t859kwgxfyotkksq93tgnhzro one ouch manatee fatuously','','{}','#yet #less #less #fatuously #busted','[]','[]',0),('wp4i9pnhitrjfma33rc7ryopjo',1513633862777,1513633862777,0,0,0,'wjmu6z8dnjru7fdqs4npg4q6mw','porsuwba7bgz8nb1xcmjm9gxjc','','','','plankton  # #evasive  #and above  courageous methodically otter wrung  #iguana ss tranquil astride and  #otter shuddered iguana kindhearted monkey this evasive  #evasive and','','{}','#evasive #and #iguana #otter #evasive','[]','[]',0),('wsauwf7atjghxdbrfcyedmoc9c',1513633709564,1513633709564,0,0,0,'wx5ft3wcbtgiugsypwmwtz691a','ht89p63tybydbfygqryd5ducfc','','','','n74ug1cumj8o8qzk9jwte3srje joined the team.','system_join_team','{\"username\":\"n74ug1cumj8o8qzk9jwte3srje\"}','','[]','[]',0),('wtx3htufiirtubeor445t8jhya',1513633789850,1513633789850,0,0,0,'wjmu6z8dnjru7fdqs4npg4q6mw','ffpa7wtmy3b75nsmq91q8de7nh','','','','in  #much ouch jeepers aside jeering bucolically and ouch tapir egregiously when admirably  # #much wildebeest this  # and  a  # # #much  much while  #much this a wolverine.\nCm  #jeering essential  #much from on more rewrote much','','{}','#much #much #much #much #jeering #much','[]','[]',0),('wwnqs1b4pirh5cb1msu9rtqruy',1513633704894,1513633704894,0,0,0,'8z7esgm6xpdwdxo1ntk3saah6y','ht89p63tybydbfygqryd5ducfc','','','','ux1hg4tghibr7pqcnms7j6dkhc joined the team.','system_join_team','{\"username\":\"ux1hg4tghibr7pqcnms7j6dkhc\"}','','[]','[]',0),('x5ha5atc83dx7gew79z55oebwo',1513633789968,1513633789968,0,0,0,'wjmu6z8dnjru7fdqs4npg4q6mw','ffpa7wtmy3b75nsmq91q8de7nh','','','','testy the where caribou reined nasty kindhearted a dazedly less fortuitous onto instead cuckoo yet kangaroo sh  @rukxz3noatgb885szc87dx4c4h  @sb9t1t7gxfd4mjx53c6wcw77ya and worm dear one  @yegwhoeg57nozpcgr3ffm8yaar because so far away parrot tranquil woodchuck angelfish ghhanded','','{}','','[]','[]',0),('x6a6uhdeepdsdj8adm5qaobfsy',1513633862734,1513633862734,0,0,0,'wjmu6z8dnjru7fdqs4npg4q6mw','porsuwba7bgz8nb1xcmjm9gxjc','','','','apart this courageous octopus heated wrung along since fearless pending  #cowered  @test placed hardhe some  @test the  @test jeepers on iguana cowered wayward  #fearless prior ouch otter   #heated and  #this  @test hey  @test a.\nFreely the','','{}','#cowered #fearless #heated #this','[]','[]',0),('x78hmgueeiggf8p3nmydbp9q1w',1513633749844,1513633749844,0,0,0,'wjmu6z8dnjru7fdqs4npg4q6mw','eehzyiiddirpzboubbmm3s5b6r','','','','ouch where apart overtook nodded deserved  #wombat much yet a withdrew some jeez the a hyena besides shyly wombat ne goodness before alongside far dalmatian since rhinoceros far fa less  #jeez  #far salmon.\nThen','','{}','#wombat #jeez #far','[]','[]',0),('x7we3oeko3ntj8ht7wfx4uumdy',1513633862329,1513633862329,0,0,0,'wjmu6z8dnjru7fdqs4npg4q6mw','porsuwba7bgz8nb1xcmjm9gxjc','','','','shrewd preparatory mocking off coarsely ep  #preparatory iguanodon crud that behind strove  #mocking dear  @test  @test komodo jeez staunchly a  @test  #iguanodon gradually the  because nutria well cordial regarding and strived  @test  @test exaggerated awesome  #nutria','','{}','#preparatory #mocking #iguanodon #nutria','[]','[]',0),('x8rwh43bqfbmdr1rhscs3iyd4o',1513633750587,1513633750587,0,0,0,'wjmu6z8dnjru7fdqs4npg4q6mw','eehzyiiddirpzboubbmm3s5b6r','','','','that buoyant  @mekkaboo3by6jmxezcq7o5zcge ectly much wherever concentric the  @pt8z4kk3mpbzxby49db6bypp4r  @3cr9qzfsxbdymgawdwhoc6maia mandrill  #much.\nJeepers before spitefully reset sniffled  #wherever jeez adventurous  #much.\nJeepers  @ic8kdq9gspyqjqmx6sb3tyh4jy much.\nJeepers  #jeez on da a moth  @3wtpsphg4tb198dtcqn84xiqmh','','{}','#much #wherever #much #jeez','[]','[]',0),('x9ryjquputr8uf88syry7uh8ro',1513633788995,1513633788995,0,0,0,'wjmu6z8dnjru7fdqs4npg4q6mw','ffpa7wtmy3b75nsmq91q8de7nh','','','',' @xp1zkqufsb8fmpobw8tbd76s4r  #upon for upon amica darn ouch  #guinea.\nIrksomely extravagantly prior much gosh  #inside  #fired dreadfully much inside  @infhhtobwtb1befzrwofmz9rwr guinea.\nIrksomely oh fired  #upon  # #fired as up','','{}','#upon #guinea #inside #fired #upon #fired','[]','[]',0),('xeaegkw1nb8yzj1zipgcmmzo9y',1513633706899,1513633706899,0,0,0,'s6f1jsodxjbm8x13th1i6reqyh','ht89p63tybydbfygqryd5ducfc','','','','3wtpsphg4tb198dtcqn84xiqmh joined the team.','system_join_team','{\"username\":\"3wtpsphg4tb198dtcqn84xiqmh\"}','','[]','[]',0),('xf7rrc9hz3naxpn467tf85stka',1513633789363,1513633789363,0,0,0,'wjmu6z8dnjru7fdqs4npg4q6mw','ffpa7wtmy3b75nsmq91q8de7nh','','','',' #worm kangaroo  #instead one boa.\nOne wher  @n74ug1cumj8o8qzk9jwte3srje so yet nasty  @fh5uzws9uigbup5pp51eddkmhr woodchuck  #so fortuitous testy parrot angelfish dazedly the highhanded away far as instead worm','','{}','#worm #instead #so','[]','[]',0),('xienn35n6bbqtx7utksekhnzxy',1513633706619,1513633706619,0,0,0,'tgiijcm54pbpiek81ac38qhzwh','wjb8nt4mriy3fcp6ycyyaecwew','','','','tqcqmti8638adebyxagdegf77w has joined the channel.','system_join_channel','{\"username\":\"tqcqmti8638adebyxagdegf77w\"}','','[]','[]',0),('xjj3bxjqc3fxbyta4ie9y4fjmh',1513633789440,1513633789440,0,0,0,'wjmu6z8dnjru7fdqs4npg4q6mw','ffpa7wtmy3b75nsmq91q8de7nh','','','','amorally extravagantly up  #irrespective ouch darn kangaroo alongside bat much some  @j5fayu9zi7g5pcrrhzsfrxrrny  @f5x7mg55x7yd7r4q171iy1w8oy  #amorally guinea.\nIrksomely  #amorally less irrespective rude upon fired prior inside fo much gosh unerring as  @azqzspqxcproikagcee6hcs3ua hen hungrily dreadfully oh  @q57o5zcsotgrfkn3qgcmbu4fic  #hungrily','','{}','#irrespective #amorally #amorally #hungrily','[]','[]',0),('xo4k9d1xtpg358xfmf5dwn8hjh',1513633751029,1513633751029,0,0,0,'wjmu6z8dnjru7fdqs4npg4q6mw','eehzyiiddirpzboubbmm3s5b6r','','','',' @8wbjwqyijpbuiq1jzzm5ucb35w cuddled.\nCaterpillar jolly  @anynjgqrgpg67xdqtg76rq7rro that wistful far  @ux1hg4tghibr7pqcnms7j6dkhc hardheadedly less more spilled  @mekkaboo3by6jmxezcq7o5zcge bit laboriously placed jeepers  #fearless e  #hardheadedly fearless as pending','','{}','#fearless #hardheadedly','[]','[]',0),('xwpwhraqr7gbx8x5z71p9ep1ao',1513633750022,1513633750022,0,0,0,'wjmu6z8dnjru7fdqs4npg4q6mw','eehzyiiddirpzboubbmm3s5b6r','','','','and  @4pxeae1d7tgs9fprnz1e8jcbgr the  #much less udly  @bd9n8jeet3b7jdeg5jk8auouxo since heron much some  @4o5a94nfzp8xicqcch6b97obsr strident  #the confessedly m during according essential less combed far alas  #and dismounted shined robin and beyond  @8o5ruyenm7b5bf9pjcdfxm7wdo  #confessedly suggestively mongoose  @3cr9qzfsxbdymgawdwhoc6maia inside','','{}','#much #the #and #confessedly','[]','[]',0),('xyeujb3qxjfafbz3kridnu4g5e',1513633788951,1513633788951,0,0,0,'wjmu6z8dnjru7fdqs4npg4q6mw','ffpa7wtmy3b75nsmq91q8de7nh','','','',' @f5x7mg55x7yd7r4q171iy1w8oy a excepting  #compassionate much compassionate conductive  #less woolly jeepers conductive hey less  #leopard  #compassionate leopard  @pxds6314178s7c6b3jdccpypgr commendably much lion oh  @1t859kwgxfyotkksq93tgnhzro alas untruth mally','','{}','#compassionate #less #leopard #compassionate','[]','[]',0),('xzd5mcihbtfi8badywzztar38h',1513633709833,1513633709833,0,0,0,'tgh3feoiefgr5qb3u4y4ruxk7o','ht89p63tybydbfygqryd5ducfc','','','','anynjgqrgpg67xdqtg76rq7rro joined the team.','system_join_team','{\"username\":\"anynjgqrgpg67xdqtg76rq7rro\"}','','[]','[]',0),('xzrtkbx3aiy9fd5atdiw44zxwa',1513633789230,1513633789230,0,0,0,'wjmu6z8dnjru7fdqs4npg4q6mw','ffpa7wtmy3b75nsmq91q8de7nh','','','','by some bald less confidently chose left rebound b less logic  #repeated convulsively repeated jeez a n forward capitally  #yikes hence brightly yikes that the brought more bluebird across loyal','','{}','#repeated #yikes','[]','[]',0),('y11xi35zbtyhpbksq8yx1b95nc',1513633708784,1513633708784,0,0,0,'fbyz17531bynfq66somfhuuofr','wjb8nt4mriy3fcp6ycyyaecwew','','','','f5x7mg55x7yd7r4q171iy1w8oy has joined the channel.','system_join_channel','{\"username\":\"f5x7mg55x7yd7r4q171iy1w8oy\"}','','[]','[]',0),('y1pe4rrn5if1bbcbmp3ii6yd1o',1513633862356,1513633862356,0,0,0,'wjmu6z8dnjru7fdqs4npg4q6mw','porsuwba7bgz8nb1xcmjm9gxjc','','','','yet balked alas and ouch muc sane tacky and as shrewdly far scallop black hello wrongly gosh more yikes sexy near the  @test hey  @test','','{}','','[]','[]',0),('y4xh1bc8dfybzmq564a4zw5c1h',1513633788830,1513633788830,0,0,0,'wjmu6z8dnjru7fdqs4npg4q6mw','ffpa7wtmy3b75nsmq91q8de7nh','','','','yikes much alas petted hey as as darn more ouch moth  #alas dear preparatory  #goldfinch ishily then that  @3wtpsphg4tb198dtcqn84xiqmh a gosh  #then salamander yikes guinea.\nTimid  #yikes gol  #dear  @i8a36ybrnjbd88u96kik8x9syc mislaid the  @f5x7mg55x7yd7r4q171iy1w8oy  @zu6h5tk15bgppbfrnz6y4wj8ah  #one alas one audible goldfinch','','{}','#alas #goldfinch #then #yikes #dear #one','[]','[]',0),('yb7g7cxo4b8wbjp9hmp41te17r',1513633788866,1513633788866,0,0,0,'wjmu6z8dnjru7fdqs4npg4q6mw','ffpa7wtmy3b75nsmq91q8de7nh','','','',' #dear sincere irksomely.\nCamel richly dear ouch goodness smooched input shrugged the struck leopard waked the a together more grimaced as ummingbird slick beside some until this the ouch pulled  #waked hawk false','','{}','#dear #waked','[]','[]',0),('ycod37g6a78af8c46dpry8hcfr',1513633706456,1513633706456,0,0,0,'3cempqqzcpns8yzz8w9x4iguzc','wjb8nt4mriy3fcp6ycyyaecwew','','','','r33b7tate3nffjokzfin6b4qpa has joined the channel.','system_join_channel','{\"username\":\"r33b7tate3nffjokzfin6b4qpa\"}','','[]','[]',0),('yd4nj6i4p7grfj1ar7gskgdrue',1513633863391,1513633863391,0,0,0,'wjmu6z8dnjru7fdqs4npg4q6mw','porsuwba7bgz8nb1xcmjm9gxjc','','','','heron since the suggestively robin and during som  #heron  #heron and confessedly shined mongoose  @test less  @test less  #and essential beyond dismounted  #mongoose   #robin far inside  #less according','','{}','#heron #heron #and #mongoose #robin #less','[]','[]',0),('yez8hd99hp8kdkcoi55xu8kotc',1513633750992,1513633750992,0,0,0,'wjmu6z8dnjru7fdqs4npg4q6mw','eehzyiiddirpzboubbmm3s5b6r','','','','obdurately far revealed scallop immeasurably oriole definitely spilled  @4srt4ahrzfbsjg5nafjmjtcboh terpillar wistful al  #wistful and titilatingly  @znznz11f1tgh8knr7uhuapwbxe aside  @x7w9xdj91pdk5myjc1ybgpnpmc one raptly yikes newt  #definitely laboriously far','','{}','#wistful #definitely','[]','[]',0),('ygi8b4ney7de8bebochyunedzo',1513633788842,1513633788842,0,0,0,'wjmu6z8dnjru7fdqs4npg4q6mw','ffpa7wtmy3b75nsmq91q8de7nh','','','','mallard so thanks alas temperately   @q57o5zcsotgrfkn3qgcmbu4fic  #and however more flapped mindfully  #and the bat far  @sb9t1t7gxfd4mjx53c6wcw77ya wayward behind  @q57o5zcsotgrfkn3qgcmbu4fic  @yegwhoeg57nozpcgr3ffm8yaar wrote yellow and that','','{}','#and #and','[]','[]',0),('ykhbqf9zmirjje73dpfdxq81fy',1513633750678,1513633750678,0,0,0,'wjmu6z8dnjru7fdqs4npg4q6mw','eehzyiiddirpzboubbmm3s5b6r','','','','a much wow.\nLess  #jollily mil  #irresistible  #immaturely earthworm oh jollily  @nh6xcp3q3idy7chgub7t3xhj9h rose that less parrot pathetically  @ckgc49rjajyxmjhuzy3t158pze immaturely goodness then at honey purred  @xp1zkqufsb8fmpobw8tbd76s4r irresistible this  @n74ug1cumj8o8qzk9jwte3srje jeez rarely  @test and bluntly opposite panther','','{}','#jollily #irresistible #immaturely','[]','[]',0),('ykxweujj6tr5dm7wn368ia4nye',1513633750763,1513633750763,0,0,0,'wjmu6z8dnjru7fdqs4npg4q6mw','eehzyiiddirpzboubbmm3s5b6r','','','',' @i8a36ybrnjbd88u96kik8x9syc dear re-laid monumentally a much one spoke alongside poignantly wretched the ouch abortive insolent  compas that before  @3cr9qzfsxbdymgawdwhoc6maia the  @n74ug1cumj8o8qzk9jwte3srje  #monumentally hey goodness hare much alas titilatingly turned scallop yet  #turned','','{}','#monumentally #turned','[]','[]',0),('ym7otxxssfdf9rbskzxq1icura',1513633750819,1513633750819,0,0,0,'wjmu6z8dnjru7fdqs4npg4q6mw','eehzyiiddirpzboubbmm3s5b6r','','','','informally spoke yet inside as leaned after crud  #and jeez much aboard  @ux1hg4tghibr7pqcnms7j6dkhc much  @ckgc49rjajyxmjhuzy3t158pze a and close salmon.\nThen oversold went marginal  #went  #yet save far hey and muc showed  #muc that so more and where','','{}','#and #went #yet #muc','[]','[]',0),('yorx3upjnbn65m3ruxsr9sbb5r',1513633788964,1513633788964,0,0,0,'wjmu6z8dnjru7fdqs4npg4q6mw','ffpa7wtmy3b75nsmq91q8de7nh','','','','cut  #due supp  @uuz8joayyj8y7c6t3ngy5i9qzw  # more  #added this far limpet added but while bound while drank thorough hey  #uch rebuking  #cut rabbit and jeepers hedgehog due the  ironic more shark uch','','{}','#due #added #uch #cut','[]','[]',0),('yq7xri8pmjnj7jw85ynr4jtysh',1513633862587,1513633862587,0,0,0,'wjmu6z8dnjru7fdqs4npg4q6mw','porsuwba7bgz8nb1xcmjm9gxjc','','','','exaggerated e dear far  #cordial t off  #e behind  @test preparatory  @test  #off staunchly  #that mocking coquettish sheep  #that cordial regarding  #regarding gradually because coarsely  @test nutria  @test that awesome  # #cordial a','','{}','#cordial #off #that #that #regarding #cordial','[]','[]',0),('yt94u1x3fbyqbm9tcsbmc1gtgy',1513633749983,1513633749983,0,0,0,'wjmu6z8dnjru7fdqs4npg4q6mw','eehzyiiddirpzboubbmm3s5b6r','','','','the criminal pithy  #ouch ouch hey more far  @ycq8oeg5q7gn8fo7f63yb1hi8o disbanded more normal and furrowed for  #th feverish  @4w7ggcu3oifjxeiborduesrfnr one circuitous a where th then unique under a so kookaburra far  @ux1hg4tghibr7pqcnms7j6dkhc hey','','{}','#ouch #th','[]','[]',0),('ytspd66zyiyn8maoub6i7iy15r',1513633707456,1513633707456,0,0,0,'f4ppnmx5eibj5fweiikcezfcrw','wjb8nt4mriy3fcp6ycyyaecwew','','','','8o5ruyenm7b5bf9pjcdfxm7wdo has joined the channel.','system_join_channel','{\"username\":\"8o5ruyenm7b5bf9pjcdfxm7wdo\"}','','[]','[]',0),('yu85tw8ibjfzjptf7iqxjyy1ha',1513633863003,1513633863003,0,0,0,'wjmu6z8dnjru7fdqs4npg4q6mw','porsuwba7bgz8nb1xcmjm9gxjc','','','',' @test darn less threw howled at much oh  @test  @test scratched therefore the touched well  #after.\nSpoke le the one ar  @test  @test barbarously before a after.\nSpoke thus','','{}','#after','[]','[]',0),('yuh5xnjedfgxjpcgapb4joo8ia',1513633706152,1513633706152,0,0,0,'h9drm8pze3rhfr8yynaoe5kd4a','wjb8nt4mriy3fcp6ycyyaecwew','','','','ic8kdq9gspyqjqmx6sb3tyh4jy has joined the channel.','system_join_channel','{\"username\":\"ic8kdq9gspyqjqmx6sb3tyh4jy\"}','','[]','[]',0),('yx98o7cpsiyxbdngn8nnjdrscc',1513633708655,1513633708655,0,0,0,'mzgiaikzs3drdykhk3xbzhumja','wjb8nt4mriy3fcp6ycyyaecwew','','','','azqzspqxcproikagcee6hcs3ua has joined the channel.','system_join_channel','{\"username\":\"azqzspqxcproikagcee6hcs3ua\"}','','[]','[]',0),('z1kwszrknpf45pewir1rjmf1yh',1513633862547,1513633862547,0,0,0,'wjmu6z8dnjru7fdqs4npg4q6mw','porsuwba7bgz8nb1xcmjm9gxjc','','','','oversold went informally and and as showed leaned spoke that so and commendably hey much lion inside  #much after much crud conductiv al much save close less aboard more','','{}','#much','[]','[]',0),('z5ch6mom37gq8r1nb8bc4moxbw',1513633863184,1513633863184,0,0,0,'wjmu6z8dnjru7fdqs4npg4q6mw','porsuwba7bgz8nb1xcmjm9gxjc','','','',' @test  #tranquil closed  #this yawned  @test  #hence  #after up this jaded came much angry hence tranquil well.\nUnicorn however wept  #tranquil boundless  @test hello express  #up merry up when after y airily','','{}','#tranquil #this #hence #after #tranquil #up','[]','[]',0),('z7xxty3nm7rfjfbtdie9k8quow',1513633789621,1513633789621,0,0,0,'wjmu6z8dnjru7fdqs4npg4q6mw','ffpa7wtmy3b75nsmq91q8de7nh','','','','grouped impotently  @xp1zkqufsb8fmpobw8tbd76s4r that  #considering wholeheartedly dear goodn abjectly and wore considering  #grouped firefly neurotically  @jxb6o9mapfbhfdq1camoee59qa  #dear one incessantly','','{}','#considering #grouped #dear','[]','[]',0),('zacibyxsabgutgrs3oqwy81tpw',1513633751181,1513633751181,0,0,0,'wjmu6z8dnjru7fdqs4npg4q6mw','eehzyiiddirpzboubbmm3s5b6r','','','','while  #much  @pt8z4kk3mpbzxby49db6bypp4r and hey iron rabbit cut  #much before much much this drank added  @q57o5zcsotgrfkn3qgcmbu4fic therefore scratched tenable  @uuz8joayyj8y7c6t3ngy5i9qzw  @cb6ns6f7stdmtmmxyobt64aqkh r shark supp','','{}','#much #much','[]','[]',0),('zba3ug8bb7rqtyo85dnuw8swhy',1513633750165,1513633750165,0,0,0,'wjmu6z8dnjru7fdqs4npg4q6mw','eehzyiiddirpzboubbmm3s5b6r','','','','positively and overtook and that more  @n74ug1cumj8o8qzk9jwte3srje ravenously fell  @n5kfjujjefy4uraw3w7qwgckfy mly less  #bluebird  # #craven fa  @1h5yp11sxpf7ug6x38wno8gcwa in  @8o5ruyenm7b5bf9pjcdfxm7wdo misheard oh darn bluebird  #craven needless  @ds3scueiktyzxpu5f1d6winodh that craven','','{}','#bluebird #craven #craven','[]','[]',0),('zj9uza8anfgujkz1bq55dpny1a',1513633751168,1513633751168,0,0,0,'wjmu6z8dnjru7fdqs4npg4q6mw','eehzyiiddirpzboubbmm3s5b6r','','','',' @r33b7tate3nffjokzfin6b4qpa s that  @k9qfuunqx3fjddaz9p4kip6fmy firefly goodness dear impotently incessantly and  #considering considering wholeheartedly a  @tqcqmti8638adebyxagdegf77w grouped  @anynjgqrgpg67xdqtg76rq7rro one  @i8a36ybrnjbd88u96kik8x9syc abjectly wore neurotically','','{}','#considering','[]','[]',0),('znkfwmn7dpn4bg4gacxfdk9f6w',1513633708523,1513633708523,0,0,0,'k9rcst5mhfymdnghuiae6kxtzh','wjb8nt4mriy3fcp6ycyyaecwew','','','','8wbjwqyijpbuiq1jzzm5ucb35w has joined the channel.','system_join_channel','{\"username\":\"8wbjwqyijpbuiq1jzzm5ucb35w\"}','','[]','[]',0),('zo34s9d6ytrhjbjcuhradmsuer',1513633789200,1513633789200,0,0,0,'wjmu6z8dnjru7fdqs4npg4q6mw','ffpa7wtmy3b75nsmq91q8de7nh','','','','due ore and piquant much more more crab excepting  @test barring in aristocratically enticingly far far  #barring  macaw unicorn jeez until beneath some wove that grimaced','','{}','#barring','[]','[]',0),('zz4xxmdq5bf5xexyyso7nr8dfc',1513633708260,1513633708260,0,0,0,'dto6rnho378jumfr14w8bqbqeh','wjb8nt4mriy3fcp6ycyyaecwew','','','','i8a36ybrnjbd88u96kik8x9syc has joined the channel.','system_join_channel','{\"username\":\"i8a36ybrnjbd88u96kik8x9syc\"}','','[]','[]',0);
/*!40000 ALTER TABLE `Posts` ENABLE KEYS */;
UNLOCK TABLES;

--
-- Table structure for table `Preferences`
--

DROP TABLE IF EXISTS `Preferences`;
/*!40101 SET @saved_cs_client     = @@character_set_client */;
/*!40101 SET character_set_client = utf8 */;
CREATE TABLE `Preferences` (
  `UserId` varchar(26) NOT NULL,
  `Category` varchar(32) NOT NULL,
  `Name` varchar(32) NOT NULL,
  `Value` text,
  PRIMARY KEY (`UserId`,`Category`,`Name`),
  KEY `idx_preferences_user_id` (`UserId`),
  KEY `idx_preferences_category` (`Category`),
  KEY `idx_preferences_name` (`Name`)
) ENGINE=InnoDB DEFAULT CHARSET=utf8mb4;
/*!40101 SET character_set_client = @saved_cs_client */;

--
-- Dumping data for table `Preferences`
--

LOCK TABLES `Preferences` WRITE;
/*!40000 ALTER TABLE `Preferences` DISABLE KEYS */;
INSERT INTO `Preferences` VALUES ('18mkgjuurp819jaaa67hhoyikr','direct_channel_show','7ouxha1pwpb3ieecmwiedhymih','true'),('18mkgjuurp819jaaa67hhoyikr','direct_channel_show','ge953sbnu7ropjpj9u3khjtm5e','true'),('18mkgjuurp819jaaa67hhoyikr','direct_channel_show','k35cwhf35t8a5cfig6bhdh8zty','true'),('18mkgjuurp819jaaa67hhoyikr','direct_channel_show','kuxdxrapa7redcmgh4d4xj8pew','true'),('18mkgjuurp819jaaa67hhoyikr','direct_channel_show','nbns3pdy1pnijmqh3iiiyyq9qr','true'),('18mkgjuurp819jaaa67hhoyikr','direct_channel_show','s6p9yxjk3prtzf5dy6kp8aj55w','true'),('18mkgjuurp819jaaa67hhoyikr','direct_channel_show','wagc85qtnj8mmftzbkpdqcpwxo','true'),('18mkgjuurp819jaaa67hhoyikr','direct_channel_show','wjmu6z8dnjru7fdqs4npg4q6mw','true'),('18mkgjuurp819jaaa67hhoyikr','direct_channel_show','xcff6oze33frzfopbhm18874ar','true'),('18mkgjuurp819jaaa67hhoyikr','direct_channel_show','za7miy1fdjf5ufp9o5bc7dzywe','true'),('18mkgjuurp819jaaa67hhoyikr','tutorial_step','18mkgjuurp819jaaa67hhoyikr','0'),('31rru4f7opfdiji5hioxk59obw','direct_channel_show','18mkgjuurp819jaaa67hhoyikr','true'),('31rru4f7opfdiji5hioxk59obw','direct_channel_show','3mdfpg63cigd8ryxjxstt4prrw','true'),('31rru4f7opfdiji5hioxk59obw','direct_channel_show','e1un6gcpjbn6txpcfpgtuqgbka','true'),('31rru4f7opfdiji5hioxk59obw','direct_channel_show','f4ppnmx5eibj5fweiikcezfcrw','true'),('31rru4f7opfdiji5hioxk59obw','direct_channel_show','k9rcst5mhfymdnghuiae6kxtzh','true'),('31rru4f7opfdiji5hioxk59obw','direct_channel_show','mzgiaikzs3drdykhk3xbzhumja','true'),('31rru4f7opfdiji5hioxk59obw','direct_channel_show','nh7itdi3wfbdpnkoeewgtrqbjr','true'),('31rru4f7opfdiji5hioxk59obw','direct_channel_show','s6f1jsodxjbm8x13th1i6reqyh','true'),('31rru4f7opfdiji5hioxk59obw','direct_channel_show','szuruerm67nrfqut3tc4kqkqkh','true'),('31rru4f7opfdiji5hioxk59obw','direct_channel_show','wagc85qtnj8mmftzbkpdqcpwxo','true'),('31rru4f7opfdiji5hioxk59obw','tutorial_step','31rru4f7opfdiji5hioxk59obw','0'),('3cempqqzcpns8yzz8w9x4iguzc','direct_channel_show','18mkgjuurp819jaaa67hhoyikr','true'),('3cempqqzcpns8yzz8w9x4iguzc','direct_channel_show','3mdfpg63cigd8ryxjxstt4prrw','true'),('3cempqqzcpns8yzz8w9x4iguzc','direct_channel_show','btqmoens1tbs3xirhmuzmde93h','true'),('3cempqqzcpns8yzz8w9x4iguzc','direct_channel_show','g833cud6k3bc9nce7wgmj7mtpa','true'),('3cempqqzcpns8yzz8w9x4iguzc','direct_channel_show','ge953sbnu7ropjpj9u3khjtm5e','true'),('3cempqqzcpns8yzz8w9x4iguzc','direct_channel_show','h9drm8pze3rhfr8yynaoe5kd4a','true'),('3cempqqzcpns8yzz8w9x4iguzc','direct_channel_show','nh7itdi3wfbdpnkoeewgtrqbjr','true'),('3cempqqzcpns8yzz8w9x4iguzc','direct_channel_show','wagc85qtnj8mmftzbkpdqcpwxo','true'),('3cempqqzcpns8yzz8w9x4iguzc','direct_channel_show','xcff6oze33frzfopbhm18874ar','true'),('3cempqqzcpns8yzz8w9x4iguzc','direct_channel_show','za7miy1fdjf5ufp9o5bc7dzywe','true'),('3cempqqzcpns8yzz8w9x4iguzc','tutorial_step','3cempqqzcpns8yzz8w9x4iguzc','0'),('3mdfpg63cigd8ryxjxstt4prrw','direct_channel_show','18mkgjuurp819jaaa67hhoyikr','true'),('3mdfpg63cigd8ryxjxstt4prrw','direct_channel_show','7ouxha1pwpb3ieecmwiedhymih','true'),('3mdfpg63cigd8ryxjxstt4prrw','direct_channel_show','ge953sbnu7ropjpj9u3khjtm5e','true'),('3mdfpg63cigd8ryxjxstt4prrw','direct_channel_show','k35cwhf35t8a5cfig6bhdh8zty','true'),('3mdfpg63cigd8ryxjxstt4prrw','direct_channel_show','nbns3pdy1pnijmqh3iiiyyq9qr','true'),('3mdfpg63cigd8ryxjxstt4prrw','direct_channel_show','s6p9yxjk3prtzf5dy6kp8aj55w','true'),('3mdfpg63cigd8ryxjxstt4prrw','direct_channel_show','wagc85qtnj8mmftzbkpdqcpwxo','true'),('3mdfpg63cigd8ryxjxstt4prrw','direct_channel_show','wjmu6z8dnjru7fdqs4npg4q6mw','true'),('3mdfpg63cigd8ryxjxstt4prrw','direct_channel_show','xcff6oze33frzfopbhm18874ar','true'),('3mdfpg63cigd8ryxjxstt4prrw','direct_channel_show','za7miy1fdjf5ufp9o5bc7dzywe','true'),('3mdfpg63cigd8ryxjxstt4prrw','tutorial_step','3mdfpg63cigd8ryxjxstt4prrw','0'),('4regykcf4ifouki1wfbiyb8stw','direct_channel_show','18mkgjuurp819jaaa67hhoyikr','true'),('4regykcf4ifouki1wfbiyb8stw','direct_channel_show','3mdfpg63cigd8ryxjxstt4prrw','true'),('4regykcf4ifouki1wfbiyb8stw','direct_channel_show','7j3qg5nzffbz9bnenoji3a83ha','true'),('4regykcf4ifouki1wfbiyb8stw','direct_channel_show','e1un6gcpjbn6txpcfpgtuqgbka','true'),('4regykcf4ifouki1wfbiyb8stw','direct_channel_show','f4ppnmx5eibj5fweiikcezfcrw','true'),('4regykcf4ifouki1wfbiyb8stw','direct_channel_show','fjxhag4eq3bzmnb8tjbetkjxbr','true'),('4regykcf4ifouki1wfbiyb8stw','direct_channel_show','nh7itdi3wfbdpnkoeewgtrqbjr','true'),('4regykcf4ifouki1wfbiyb8stw','direct_channel_show','s6f1jsodxjbm8x13th1i6reqyh','true'),('4regykcf4ifouki1wfbiyb8stw','direct_channel_show','szuruerm67nrfqut3tc4kqkqkh','true'),('4regykcf4ifouki1wfbiyb8stw','direct_channel_show','wagc85qtnj8mmftzbkpdqcpwxo','true'),('4regykcf4ifouki1wfbiyb8stw','tutorial_step','4regykcf4ifouki1wfbiyb8stw','0'),('5ketnsjrgfr88ydf1i6gtcgcro','direct_channel_show','18mkgjuurp819jaaa67hhoyikr','true'),('5ketnsjrgfr88ydf1i6gtcgcro','direct_channel_show','3mdfpg63cigd8ryxjxstt4prrw','true'),('5ketnsjrgfr88ydf1i6gtcgcro','direct_channel_show','f4ppnmx5eibj5fweiikcezfcrw','true'),('5ketnsjrgfr88ydf1i6gtcgcro','direct_channel_show','ge953sbnu7ropjpj9u3khjtm5e','true'),('5ketnsjrgfr88ydf1i6gtcgcro','direct_channel_show','nh7itdi3wfbdpnkoeewgtrqbjr','true'),('5ketnsjrgfr88ydf1i6gtcgcro','direct_channel_show','s6f1jsodxjbm8x13th1i6reqyh','true'),('5ketnsjrgfr88ydf1i6gtcgcro','direct_channel_show','szuruerm67nrfqut3tc4kqkqkh','true'),('5ketnsjrgfr88ydf1i6gtcgcro','direct_channel_show','uxk6qatygty5mmxysip6t79i5w','true'),('5ketnsjrgfr88ydf1i6gtcgcro','direct_channel_show','wagc85qtnj8mmftzbkpdqcpwxo','true'),('5ketnsjrgfr88ydf1i6gtcgcro','direct_channel_show','za7miy1fdjf5ufp9o5bc7dzywe','true'),('5ketnsjrgfr88ydf1i6gtcgcro','tutorial_step','5ketnsjrgfr88ydf1i6gtcgcro','0'),('5rxm7qkem3y8fmsfruo6ajz48c','direct_channel_show','18mkgjuurp819jaaa67hhoyikr','true'),('5rxm7qkem3y8fmsfruo6ajz48c','direct_channel_show','3mdfpg63cigd8ryxjxstt4prrw','true'),('5rxm7qkem3y8fmsfruo6ajz48c','direct_channel_show','btqmoens1tbs3xirhmuzmde93h','true'),('5rxm7qkem3y8fmsfruo6ajz48c','direct_channel_show','g833cud6k3bc9nce7wgmj7mtpa','true'),('5rxm7qkem3y8fmsfruo6ajz48c','direct_channel_show','ge953sbnu7ropjpj9u3khjtm5e','true'),('5rxm7qkem3y8fmsfruo6ajz48c','direct_channel_show','h9drm8pze3rhfr8yynaoe5kd4a','true'),('5rxm7qkem3y8fmsfruo6ajz48c','direct_channel_show','nh7itdi3wfbdpnkoeewgtrqbjr','true'),('5rxm7qkem3y8fmsfruo6ajz48c','direct_channel_show','wagc85qtnj8mmftzbkpdqcpwxo','true'),('5rxm7qkem3y8fmsfruo6ajz48c','direct_channel_show','xcff6oze33frzfopbhm18874ar','true'),('5rxm7qkem3y8fmsfruo6ajz48c','direct_channel_show','za7miy1fdjf5ufp9o5bc7dzywe','true'),('5rxm7qkem3y8fmsfruo6ajz48c','tutorial_step','5rxm7qkem3y8fmsfruo6ajz48c','0'),('7j3qg5nzffbz9bnenoji3a83ha','direct_channel_show','18mkgjuurp819jaaa67hhoyikr','true'),('7j3qg5nzffbz9bnenoji3a83ha','direct_channel_show','3mdfpg63cigd8ryxjxstt4prrw','true'),('7j3qg5nzffbz9bnenoji3a83ha','direct_channel_show','e1un6gcpjbn6txpcfpgtuqgbka','true'),('7j3qg5nzffbz9bnenoji3a83ha','direct_channel_show','f4ppnmx5eibj5fweiikcezfcrw','true'),('7j3qg5nzffbz9bnenoji3a83ha','direct_channel_show','fjxhag4eq3bzmnb8tjbetkjxbr','true'),('7j3qg5nzffbz9bnenoji3a83ha','direct_channel_show','k9rcst5mhfymdnghuiae6kxtzh','true'),('7j3qg5nzffbz9bnenoji3a83ha','direct_channel_show','nh7itdi3wfbdpnkoeewgtrqbjr','true'),('7j3qg5nzffbz9bnenoji3a83ha','direct_channel_show','s6f1jsodxjbm8x13th1i6reqyh','true'),('7j3qg5nzffbz9bnenoji3a83ha','direct_channel_show','szuruerm67nrfqut3tc4kqkqkh','true'),('7j3qg5nzffbz9bnenoji3a83ha','direct_channel_show','wagc85qtnj8mmftzbkpdqcpwxo','true'),('7j3qg5nzffbz9bnenoji3a83ha','tutorial_step','7j3qg5nzffbz9bnenoji3a83ha','0'),('7ouxha1pwpb3ieecmwiedhymih','direct_channel_show','d7iwbi9akiyy8pritwwaqg7qyy','true'),('7ouxha1pwpb3ieecmwiedhymih','direct_channel_show','ge953sbnu7ropjpj9u3khjtm5e','true'),('7ouxha1pwpb3ieecmwiedhymih','direct_channel_show','k35cwhf35t8a5cfig6bhdh8zty','true'),('7ouxha1pwpb3ieecmwiedhymih','direct_channel_show','kuxdxrapa7redcmgh4d4xj8pew','true'),('7ouxha1pwpb3ieecmwiedhymih','direct_channel_show','nbns3pdy1pnijmqh3iiiyyq9qr','true'),('7ouxha1pwpb3ieecmwiedhymih','direct_channel_show','s6p9yxjk3prtzf5dy6kp8aj55w','true'),('7ouxha1pwpb3ieecmwiedhymih','direct_channel_show','wagc85qtnj8mmftzbkpdqcpwxo','true'),('7ouxha1pwpb3ieecmwiedhymih','direct_channel_show','wjmu6z8dnjru7fdqs4npg4q6mw','true'),('7ouxha1pwpb3ieecmwiedhymih','direct_channel_show','yk1akm3i57d4uxr7a1gwo7ug1r','true'),('7ouxha1pwpb3ieecmwiedhymih','direct_channel_show','za7miy1fdjf5ufp9o5bc7dzywe','true'),('7ouxha1pwpb3ieecmwiedhymih','tutorial_step','7ouxha1pwpb3ieecmwiedhymih','0'),('867xmq6wcpbuzcpibnjha3n8eo','direct_channel_show','18mkgjuurp819jaaa67hhoyikr','true'),('867xmq6wcpbuzcpibnjha3n8eo','direct_channel_show','3mdfpg63cigd8ryxjxstt4prrw','true'),('867xmq6wcpbuzcpibnjha3n8eo','direct_channel_show','7ouxha1pwpb3ieecmwiedhymih','true'),('867xmq6wcpbuzcpibnjha3n8eo','direct_channel_show','ge953sbnu7ropjpj9u3khjtm5e','true'),('867xmq6wcpbuzcpibnjha3n8eo','direct_channel_show','ijh3wp7pcjbyzmmyuf6bc7xxsa','true'),('867xmq6wcpbuzcpibnjha3n8eo','direct_channel_show','o6jmug1fppb1zgzj48b85zc6se','true'),('867xmq6wcpbuzcpibnjha3n8eo','direct_channel_show','s6p9yxjk3prtzf5dy6kp8aj55w','true'),('867xmq6wcpbuzcpibnjha3n8eo','direct_channel_show','wagc85qtnj8mmftzbkpdqcpwxo','true'),('867xmq6wcpbuzcpibnjha3n8eo','direct_channel_show','xcff6oze33frzfopbhm18874ar','true'),('867xmq6wcpbuzcpibnjha3n8eo','direct_channel_show','za7miy1fdjf5ufp9o5bc7dzywe','true'),('867xmq6wcpbuzcpibnjha3n8eo','tutorial_step','867xmq6wcpbuzcpibnjha3n8eo','0'),('8z7esgm6xpdwdxo1ntk3saah6y','direct_channel_show','18mkgjuurp819jaaa67hhoyikr','true'),('8z7esgm6xpdwdxo1ntk3saah6y','direct_channel_show','7ouxha1pwpb3ieecmwiedhymih','true'),('8z7esgm6xpdwdxo1ntk3saah6y','direct_channel_show','ge953sbnu7ropjpj9u3khjtm5e','true'),('8z7esgm6xpdwdxo1ntk3saah6y','direct_channel_show','k35cwhf35t8a5cfig6bhdh8zty','true'),('8z7esgm6xpdwdxo1ntk3saah6y','direct_channel_show','nbns3pdy1pnijmqh3iiiyyq9qr','true'),('8z7esgm6xpdwdxo1ntk3saah6y','direct_channel_show','s6p9yxjk3prtzf5dy6kp8aj55w','true'),('8z7esgm6xpdwdxo1ntk3saah6y','direct_channel_show','wagc85qtnj8mmftzbkpdqcpwxo','true'),('8z7esgm6xpdwdxo1ntk3saah6y','direct_channel_show','wjmu6z8dnjru7fdqs4npg4q6mw','true'),('8z7esgm6xpdwdxo1ntk3saah6y','direct_channel_show','xcff6oze33frzfopbhm18874ar','true'),('8z7esgm6xpdwdxo1ntk3saah6y','direct_channel_show','za7miy1fdjf5ufp9o5bc7dzywe','true'),('8z7esgm6xpdwdxo1ntk3saah6y','tutorial_step','8z7esgm6xpdwdxo1ntk3saah6y','0'),('9ja9qsyibigkjfuwb7ot5w5cey','direct_channel_show','18mkgjuurp819jaaa67hhoyikr','true'),('9ja9qsyibigkjfuwb7ot5w5cey','direct_channel_show','3mdfpg63cigd8ryxjxstt4prrw','true'),('9ja9qsyibigkjfuwb7ot5w5cey','direct_channel_show','f4ppnmx5eibj5fweiikcezfcrw','true'),('9ja9qsyibigkjfuwb7ot5w5cey','direct_channel_show','ge953sbnu7ropjpj9u3khjtm5e','true'),('9ja9qsyibigkjfuwb7ot5w5cey','direct_channel_show','nh7itdi3wfbdpnkoeewgtrqbjr','true'),('9ja9qsyibigkjfuwb7ot5w5cey','direct_channel_show','s6f1jsodxjbm8x13th1i6reqyh','true'),('9ja9qsyibigkjfuwb7ot5w5cey','direct_channel_show','szuruerm67nrfqut3tc4kqkqkh','true'),('9ja9qsyibigkjfuwb7ot5w5cey','direct_channel_show','uxk6qatygty5mmxysip6t79i5w','true'),('9ja9qsyibigkjfuwb7ot5w5cey','direct_channel_show','wagc85qtnj8mmftzbkpdqcpwxo','true'),('9ja9qsyibigkjfuwb7ot5w5cey','direct_channel_show','za7miy1fdjf5ufp9o5bc7dzywe','true'),('9ja9qsyibigkjfuwb7ot5w5cey','tutorial_step','9ja9qsyibigkjfuwb7ot5w5cey','0'),('btqmoens1tbs3xirhmuzmde93h','direct_channel_show','18mkgjuurp819jaaa67hhoyikr','true'),('btqmoens1tbs3xirhmuzmde93h','direct_channel_show','3mdfpg63cigd8ryxjxstt4prrw','true'),('btqmoens1tbs3xirhmuzmde93h','direct_channel_show','7ouxha1pwpb3ieecmwiedhymih','true'),('btqmoens1tbs3xirhmuzmde93h','direct_channel_show','ge953sbnu7ropjpj9u3khjtm5e','true'),('btqmoens1tbs3xirhmuzmde93h','direct_channel_show','ijh3wp7pcjbyzmmyuf6bc7xxsa','true'),('btqmoens1tbs3xirhmuzmde93h','direct_channel_show','o6jmug1fppb1zgzj48b85zc6se','true'),('btqmoens1tbs3xirhmuzmde93h','direct_channel_show','s6p9yxjk3prtzf5dy6kp8aj55w','true'),('btqmoens1tbs3xirhmuzmde93h','direct_channel_show','wagc85qtnj8mmftzbkpdqcpwxo','true'),('btqmoens1tbs3xirhmuzmde93h','direct_channel_show','xcff6oze33frzfopbhm18874ar','true'),('btqmoens1tbs3xirhmuzmde93h','direct_channel_show','za7miy1fdjf5ufp9o5bc7dzywe','true'),('btqmoens1tbs3xirhmuzmde93h','tutorial_step','btqmoens1tbs3xirhmuzmde93h','0'),('c81kr6q4epdp8y78dphxgtfy8a','direct_channel_show','18mkgjuurp819jaaa67hhoyikr','true'),('c81kr6q4epdp8y78dphxgtfy8a','direct_channel_show','3mdfpg63cigd8ryxjxstt4prrw','true'),('c81kr6q4epdp8y78dphxgtfy8a','direct_channel_show','e1un6gcpjbn6txpcfpgtuqgbka','true'),('c81kr6q4epdp8y78dphxgtfy8a','direct_channel_show','f4ppnmx5eibj5fweiikcezfcrw','true'),('c81kr6q4epdp8y78dphxgtfy8a','direct_channel_show','fjxhag4eq3bzmnb8tjbetkjxbr','true'),('c81kr6q4epdp8y78dphxgtfy8a','direct_channel_show','k9rcst5mhfymdnghuiae6kxtzh','true'),('c81kr6q4epdp8y78dphxgtfy8a','direct_channel_show','nh7itdi3wfbdpnkoeewgtrqbjr','true'),('c81kr6q4epdp8y78dphxgtfy8a','direct_channel_show','s6f1jsodxjbm8x13th1i6reqyh','true'),('c81kr6q4epdp8y78dphxgtfy8a','direct_channel_show','szuruerm67nrfqut3tc4kqkqkh','true'),('c81kr6q4epdp8y78dphxgtfy8a','direct_channel_show','wagc85qtnj8mmftzbkpdqcpwxo','true'),('c81kr6q4epdp8y78dphxgtfy8a','tutorial_step','c81kr6q4epdp8y78dphxgtfy8a','0'),('cejpxaryz3yi8p4b79hop4bsoh','direct_channel_show','18mkgjuurp819jaaa67hhoyikr','true'),('cejpxaryz3yi8p4b79hop4bsoh','direct_channel_show','3mdfpg63cigd8ryxjxstt4prrw','true'),('cejpxaryz3yi8p4b79hop4bsoh','direct_channel_show','e1un6gcpjbn6txpcfpgtuqgbka','true'),('cejpxaryz3yi8p4b79hop4bsoh','direct_channel_show','f4ppnmx5eibj5fweiikcezfcrw','true'),('cejpxaryz3yi8p4b79hop4bsoh','direct_channel_show','fjxhag4eq3bzmnb8tjbetkjxbr','true'),('cejpxaryz3yi8p4b79hop4bsoh','direct_channel_show','k9rcst5mhfymdnghuiae6kxtzh','true'),('cejpxaryz3yi8p4b79hop4bsoh','direct_channel_show','nh7itdi3wfbdpnkoeewgtrqbjr','true'),('cejpxaryz3yi8p4b79hop4bsoh','direct_channel_show','s6f1jsodxjbm8x13th1i6reqyh','true'),('cejpxaryz3yi8p4b79hop4bsoh','direct_channel_show','szuruerm67nrfqut3tc4kqkqkh','true'),('cejpxaryz3yi8p4b79hop4bsoh','direct_channel_show','wagc85qtnj8mmftzbkpdqcpwxo','true'),('cejpxaryz3yi8p4b79hop4bsoh','tutorial_step','cejpxaryz3yi8p4b79hop4bsoh','0'),('d7iwbi9akiyy8pritwwaqg7qyy','direct_channel_show','ge953sbnu7ropjpj9u3khjtm5e','true'),('d7iwbi9akiyy8pritwwaqg7qyy','direct_channel_show','k35cwhf35t8a5cfig6bhdh8zty','true'),('d7iwbi9akiyy8pritwwaqg7qyy','direct_channel_show','kuxdxrapa7redcmgh4d4xj8pew','true'),('d7iwbi9akiyy8pritwwaqg7qyy','direct_channel_show','nbns3pdy1pnijmqh3iiiyyq9qr','true'),('d7iwbi9akiyy8pritwwaqg7qyy','direct_channel_show','s6p9yxjk3prtzf5dy6kp8aj55w','true'),('d7iwbi9akiyy8pritwwaqg7qyy','direct_channel_show','wagc85qtnj8mmftzbkpdqcpwxo','true'),('d7iwbi9akiyy8pritwwaqg7qyy','direct_channel_show','wjmu6z8dnjru7fdqs4npg4q6mw','true'),('d7iwbi9akiyy8pritwwaqg7qyy','direct_channel_show','yk1akm3i57d4uxr7a1gwo7ug1r','true'),('d7iwbi9akiyy8pritwwaqg7qyy','direct_channel_show','za7miy1fdjf5ufp9o5bc7dzywe','true'),('d7iwbi9akiyy8pritwwaqg7qyy','tutorial_step','d7iwbi9akiyy8pritwwaqg7qyy','0'),('dto6rnho378jumfr14w8bqbqeh','direct_channel_show','18mkgjuurp819jaaa67hhoyikr','true'),('dto6rnho378jumfr14w8bqbqeh','direct_channel_show','3mdfpg63cigd8ryxjxstt4prrw','true'),('dto6rnho378jumfr14w8bqbqeh','direct_channel_show','f4ppnmx5eibj5fweiikcezfcrw','true'),('dto6rnho378jumfr14w8bqbqeh','direct_channel_show','ge953sbnu7ropjpj9u3khjtm5e','true'),('dto6rnho378jumfr14w8bqbqeh','direct_channel_show','nh7itdi3wfbdpnkoeewgtrqbjr','true'),('dto6rnho378jumfr14w8bqbqeh','direct_channel_show','s6f1jsodxjbm8x13th1i6reqyh','true'),('dto6rnho378jumfr14w8bqbqeh','direct_channel_show','szuruerm67nrfqut3tc4kqkqkh','true'),('dto6rnho378jumfr14w8bqbqeh','direct_channel_show','uxk6qatygty5mmxysip6t79i5w','true'),('dto6rnho378jumfr14w8bqbqeh','direct_channel_show','wagc85qtnj8mmftzbkpdqcpwxo','true'),('dto6rnho378jumfr14w8bqbqeh','direct_channel_show','za7miy1fdjf5ufp9o5bc7dzywe','true'),('dto6rnho378jumfr14w8bqbqeh','tutorial_step','dto6rnho378jumfr14w8bqbqeh','0'),('e1un6gcpjbn6txpcfpgtuqgbka','direct_channel_show','18mkgjuurp819jaaa67hhoyikr','true'),('e1un6gcpjbn6txpcfpgtuqgbka','direct_channel_show','3mdfpg63cigd8ryxjxstt4prrw','true'),('e1un6gcpjbn6txpcfpgtuqgbka','direct_channel_show','f4ppnmx5eibj5fweiikcezfcrw','true'),('e1un6gcpjbn6txpcfpgtuqgbka','direct_channel_show','ge953sbnu7ropjpj9u3khjtm5e','true'),('e1un6gcpjbn6txpcfpgtuqgbka','direct_channel_show','nh7itdi3wfbdpnkoeewgtrqbjr','true'),('e1un6gcpjbn6txpcfpgtuqgbka','direct_channel_show','s6f1jsodxjbm8x13th1i6reqyh','true'),('e1un6gcpjbn6txpcfpgtuqgbka','direct_channel_show','szuruerm67nrfqut3tc4kqkqkh','true'),('e1un6gcpjbn6txpcfpgtuqgbka','direct_channel_show','uxk6qatygty5mmxysip6t79i5w','true'),('e1un6gcpjbn6txpcfpgtuqgbka','direct_channel_show','wagc85qtnj8mmftzbkpdqcpwxo','true'),('e1un6gcpjbn6txpcfpgtuqgbka','direct_channel_show','za7miy1fdjf5ufp9o5bc7dzywe','true'),('e1un6gcpjbn6txpcfpgtuqgbka','tutorial_step','e1un6gcpjbn6txpcfpgtuqgbka','0'),('f4ppnmx5eibj5fweiikcezfcrw','direct_channel_show','18mkgjuurp819jaaa67hhoyikr','true'),('f4ppnmx5eibj5fweiikcezfcrw','direct_channel_show','3mdfpg63cigd8ryxjxstt4prrw','true'),('f4ppnmx5eibj5fweiikcezfcrw','direct_channel_show','btqmoens1tbs3xirhmuzmde93h','true'),('f4ppnmx5eibj5fweiikcezfcrw','direct_channel_show','ge953sbnu7ropjpj9u3khjtm5e','true'),('f4ppnmx5eibj5fweiikcezfcrw','direct_channel_show','nh7itdi3wfbdpnkoeewgtrqbjr','true'),('f4ppnmx5eibj5fweiikcezfcrw','direct_channel_show','s6f1jsodxjbm8x13th1i6reqyh','true'),('f4ppnmx5eibj5fweiikcezfcrw','direct_channel_show','szuruerm67nrfqut3tc4kqkqkh','true'),('f4ppnmx5eibj5fweiikcezfcrw','direct_channel_show','uxk6qatygty5mmxysip6t79i5w','true'),('f4ppnmx5eibj5fweiikcezfcrw','direct_channel_show','wagc85qtnj8mmftzbkpdqcpwxo','true'),('f4ppnmx5eibj5fweiikcezfcrw','direct_channel_show','za7miy1fdjf5ufp9o5bc7dzywe','true'),('f4ppnmx5eibj5fweiikcezfcrw','tutorial_step','f4ppnmx5eibj5fweiikcezfcrw','0'),('fbyz17531bynfq66somfhuuofr','direct_channel_show','18mkgjuurp819jaaa67hhoyikr','true'),('fbyz17531bynfq66somfhuuofr','direct_channel_show','3mdfpg63cigd8ryxjxstt4prrw','true'),('fbyz17531bynfq66somfhuuofr','direct_channel_show','e1un6gcpjbn6txpcfpgtuqgbka','true'),('fbyz17531bynfq66somfhuuofr','direct_channel_show','f4ppnmx5eibj5fweiikcezfcrw','true'),('fbyz17531bynfq66somfhuuofr','direct_channel_show','k9rcst5mhfymdnghuiae6kxtzh','true'),('fbyz17531bynfq66somfhuuofr','direct_channel_show','mzgiaikzs3drdykhk3xbzhumja','true'),('fbyz17531bynfq66somfhuuofr','direct_channel_show','nh7itdi3wfbdpnkoeewgtrqbjr','true'),('fbyz17531bynfq66somfhuuofr','direct_channel_show','s6f1jsodxjbm8x13th1i6reqyh','true'),('fbyz17531bynfq66somfhuuofr','direct_channel_show','szuruerm67nrfqut3tc4kqkqkh','true'),('fbyz17531bynfq66somfhuuofr','direct_channel_show','wagc85qtnj8mmftzbkpdqcpwxo','true'),('fbyz17531bynfq66somfhuuofr','tutorial_step','fbyz17531bynfq66somfhuuofr','0'),('fjxhag4eq3bzmnb8tjbetkjxbr','direct_channel_show','18mkgjuurp819jaaa67hhoyikr','true'),('fjxhag4eq3bzmnb8tjbetkjxbr','direct_channel_show','3mdfpg63cigd8ryxjxstt4prrw','true'),('fjxhag4eq3bzmnb8tjbetkjxbr','direct_channel_show','e1un6gcpjbn6txpcfpgtuqgbka','true'),('fjxhag4eq3bzmnb8tjbetkjxbr','direct_channel_show','f4ppnmx5eibj5fweiikcezfcrw','true'),('fjxhag4eq3bzmnb8tjbetkjxbr','direct_channel_show','k9rcst5mhfymdnghuiae6kxtzh','true'),('fjxhag4eq3bzmnb8tjbetkjxbr','direct_channel_show','mzgiaikzs3drdykhk3xbzhumja','true'),('fjxhag4eq3bzmnb8tjbetkjxbr','direct_channel_show','nh7itdi3wfbdpnkoeewgtrqbjr','true'),('fjxhag4eq3bzmnb8tjbetkjxbr','direct_channel_show','s6f1jsodxjbm8x13th1i6reqyh','true'),('fjxhag4eq3bzmnb8tjbetkjxbr','direct_channel_show','szuruerm67nrfqut3tc4kqkqkh','true'),('fjxhag4eq3bzmnb8tjbetkjxbr','direct_channel_show','wagc85qtnj8mmftzbkpdqcpwxo','true'),('fjxhag4eq3bzmnb8tjbetkjxbr','tutorial_step','fjxhag4eq3bzmnb8tjbetkjxbr','0'),('g833cud6k3bc9nce7wgmj7mtpa','direct_channel_show','18mkgjuurp819jaaa67hhoyikr','true'),('g833cud6k3bc9nce7wgmj7mtpa','direct_channel_show','3mdfpg63cigd8ryxjxstt4prrw','true'),('g833cud6k3bc9nce7wgmj7mtpa','direct_channel_show','7ouxha1pwpb3ieecmwiedhymih','true'),('g833cud6k3bc9nce7wgmj7mtpa','direct_channel_show','btqmoens1tbs3xirhmuzmde93h','true'),('g833cud6k3bc9nce7wgmj7mtpa','direct_channel_show','ge953sbnu7ropjpj9u3khjtm5e','true'),('g833cud6k3bc9nce7wgmj7mtpa','direct_channel_show','h9drm8pze3rhfr8yynaoe5kd4a','true'),('g833cud6k3bc9nce7wgmj7mtpa','direct_channel_show','nh7itdi3wfbdpnkoeewgtrqbjr','true'),('g833cud6k3bc9nce7wgmj7mtpa','direct_channel_show','wagc85qtnj8mmftzbkpdqcpwxo','true'),('g833cud6k3bc9nce7wgmj7mtpa','direct_channel_show','xcff6oze33frzfopbhm18874ar','true'),('g833cud6k3bc9nce7wgmj7mtpa','direct_channel_show','za7miy1fdjf5ufp9o5bc7dzywe','true'),('g833cud6k3bc9nce7wgmj7mtpa','tutorial_step','g833cud6k3bc9nce7wgmj7mtpa','0'),('ge953sbnu7ropjpj9u3khjtm5e','direct_channel_show','k35cwhf35t8a5cfig6bhdh8zty','true'),('ge953sbnu7ropjpj9u3khjtm5e','direct_channel_show','kuxdxrapa7redcmgh4d4xj8pew','true'),('ge953sbnu7ropjpj9u3khjtm5e','direct_channel_show','nbns3pdy1pnijmqh3iiiyyq9qr','true'),('ge953sbnu7ropjpj9u3khjtm5e','direct_channel_show','s6p9yxjk3prtzf5dy6kp8aj55w','true'),('ge953sbnu7ropjpj9u3khjtm5e','direct_channel_show','wjmu6z8dnjru7fdqs4npg4q6mw','true'),('ge953sbnu7ropjpj9u3khjtm5e','direct_channel_show','yk1akm3i57d4uxr7a1gwo7ug1r','true'),('ge953sbnu7ropjpj9u3khjtm5e','direct_channel_show','za7miy1fdjf5ufp9o5bc7dzywe','true'),('ge953sbnu7ropjpj9u3khjtm5e','tutorial_step','ge953sbnu7ropjpj9u3khjtm5e','0'),('h9drm8pze3rhfr8yynaoe5kd4a','direct_channel_show','18mkgjuurp819jaaa67hhoyikr','true'),('h9drm8pze3rhfr8yynaoe5kd4a','direct_channel_show','3mdfpg63cigd8ryxjxstt4prrw','true'),('h9drm8pze3rhfr8yynaoe5kd4a','direct_channel_show','7ouxha1pwpb3ieecmwiedhymih','true'),('h9drm8pze3rhfr8yynaoe5kd4a','direct_channel_show','btqmoens1tbs3xirhmuzmde93h','true'),('h9drm8pze3rhfr8yynaoe5kd4a','direct_channel_show','ge953sbnu7ropjpj9u3khjtm5e','true'),('h9drm8pze3rhfr8yynaoe5kd4a','direct_channel_show','nh7itdi3wfbdpnkoeewgtrqbjr','true'),('h9drm8pze3rhfr8yynaoe5kd4a','direct_channel_show','s6p9yxjk3prtzf5dy6kp8aj55w','true'),('h9drm8pze3rhfr8yynaoe5kd4a','direct_channel_show','wagc85qtnj8mmftzbkpdqcpwxo','true'),('h9drm8pze3rhfr8yynaoe5kd4a','direct_channel_show','xcff6oze33frzfopbhm18874ar','true'),('h9drm8pze3rhfr8yynaoe5kd4a','direct_channel_show','za7miy1fdjf5ufp9o5bc7dzywe','true'),('h9drm8pze3rhfr8yynaoe5kd4a','tutorial_step','h9drm8pze3rhfr8yynaoe5kd4a','0'),('hth9yraurbysxdjy4s6c6rgiaa','tutorial_step','hth9yraurbysxdjy4s6c6rgiaa','0'),('ijh3wp7pcjbyzmmyuf6bc7xxsa','direct_channel_show','18mkgjuurp819jaaa67hhoyikr','true'),('ijh3wp7pcjbyzmmyuf6bc7xxsa','direct_channel_show','3mdfpg63cigd8ryxjxstt4prrw','true'),('ijh3wp7pcjbyzmmyuf6bc7xxsa','direct_channel_show','7ouxha1pwpb3ieecmwiedhymih','true'),('ijh3wp7pcjbyzmmyuf6bc7xxsa','direct_channel_show','ge953sbnu7ropjpj9u3khjtm5e','true'),('ijh3wp7pcjbyzmmyuf6bc7xxsa','direct_channel_show','k35cwhf35t8a5cfig6bhdh8zty','true'),('ijh3wp7pcjbyzmmyuf6bc7xxsa','direct_channel_show','nbns3pdy1pnijmqh3iiiyyq9qr','true'),('ijh3wp7pcjbyzmmyuf6bc7xxsa','direct_channel_show','s6p9yxjk3prtzf5dy6kp8aj55w','true'),('ijh3wp7pcjbyzmmyuf6bc7xxsa','direct_channel_show','wagc85qtnj8mmftzbkpdqcpwxo','true'),('ijh3wp7pcjbyzmmyuf6bc7xxsa','direct_channel_show','xcff6oze33frzfopbhm18874ar','true'),('ijh3wp7pcjbyzmmyuf6bc7xxsa','direct_channel_show','za7miy1fdjf5ufp9o5bc7dzywe','true'),('ijh3wp7pcjbyzmmyuf6bc7xxsa','tutorial_step','ijh3wp7pcjbyzmmyuf6bc7xxsa','0'),('k35cwhf35t8a5cfig6bhdh8zty','direct_channel_show','wjmu6z8dnjru7fdqs4npg4q6mw','true'),('k35cwhf35t8a5cfig6bhdh8zty','tutorial_step','k35cwhf35t8a5cfig6bhdh8zty','0'),('k9rcst5mhfymdnghuiae6kxtzh','direct_channel_show','18mkgjuurp819jaaa67hhoyikr','true'),('k9rcst5mhfymdnghuiae6kxtzh','direct_channel_show','3mdfpg63cigd8ryxjxstt4prrw','true'),('k9rcst5mhfymdnghuiae6kxtzh','direct_channel_show','e1un6gcpjbn6txpcfpgtuqgbka','true'),('k9rcst5mhfymdnghuiae6kxtzh','direct_channel_show','f4ppnmx5eibj5fweiikcezfcrw','true'),('k9rcst5mhfymdnghuiae6kxtzh','direct_channel_show','ge953sbnu7ropjpj9u3khjtm5e','true'),('k9rcst5mhfymdnghuiae6kxtzh','direct_channel_show','nh7itdi3wfbdpnkoeewgtrqbjr','true'),('k9rcst5mhfymdnghuiae6kxtzh','direct_channel_show','s6f1jsodxjbm8x13th1i6reqyh','true'),('k9rcst5mhfymdnghuiae6kxtzh','direct_channel_show','szuruerm67nrfqut3tc4kqkqkh','true'),('k9rcst5mhfymdnghuiae6kxtzh','direct_channel_show','wagc85qtnj8mmftzbkpdqcpwxo','true'),('k9rcst5mhfymdnghuiae6kxtzh','direct_channel_show','za7miy1fdjf5ufp9o5bc7dzywe','true'),('k9rcst5mhfymdnghuiae6kxtzh','tutorial_step','k9rcst5mhfymdnghuiae6kxtzh','0'),('khd9m7xss7bctjpfxqko9sujcw','direct_channel_show','18mkgjuurp819jaaa67hhoyikr','true'),('khd9m7xss7bctjpfxqko9sujcw','direct_channel_show','3mdfpg63cigd8ryxjxstt4prrw','true'),('khd9m7xss7bctjpfxqko9sujcw','direct_channel_show','f4ppnmx5eibj5fweiikcezfcrw','true'),('khd9m7xss7bctjpfxqko9sujcw','direct_channel_show','ge953sbnu7ropjpj9u3khjtm5e','true'),('khd9m7xss7bctjpfxqko9sujcw','direct_channel_show','nh7itdi3wfbdpnkoeewgtrqbjr','true'),('khd9m7xss7bctjpfxqko9sujcw','direct_channel_show','s6f1jsodxjbm8x13th1i6reqyh','true'),('khd9m7xss7bctjpfxqko9sujcw','direct_channel_show','szuruerm67nrfqut3tc4kqkqkh','true'),('khd9m7xss7bctjpfxqko9sujcw','direct_channel_show','uxk6qatygty5mmxysip6t79i5w','true'),('khd9m7xss7bctjpfxqko9sujcw','direct_channel_show','wagc85qtnj8mmftzbkpdqcpwxo','true'),('khd9m7xss7bctjpfxqko9sujcw','direct_channel_show','za7miy1fdjf5ufp9o5bc7dzywe','true'),('khd9m7xss7bctjpfxqko9sujcw','tutorial_step','khd9m7xss7bctjpfxqko9sujcw','0'),('kuxdxrapa7redcmgh4d4xj8pew','direct_channel_show','k35cwhf35t8a5cfig6bhdh8zty','true'),('kuxdxrapa7redcmgh4d4xj8pew','direct_channel_show','nbns3pdy1pnijmqh3iiiyyq9qr','true'),('kuxdxrapa7redcmgh4d4xj8pew','direct_channel_show','s6p9yxjk3prtzf5dy6kp8aj55w','true'),('kuxdxrapa7redcmgh4d4xj8pew','direct_channel_show','wjmu6z8dnjru7fdqs4npg4q6mw','true'),('kuxdxrapa7redcmgh4d4xj8pew','direct_channel_show','yk1akm3i57d4uxr7a1gwo7ug1r','true'),('kuxdxrapa7redcmgh4d4xj8pew','direct_channel_show','za7miy1fdjf5ufp9o5bc7dzywe','true'),('kuxdxrapa7redcmgh4d4xj8pew','tutorial_step','kuxdxrapa7redcmgh4d4xj8pew','0'),('mzgiaikzs3drdykhk3xbzhumja','direct_channel_show','18mkgjuurp819jaaa67hhoyikr','true'),('mzgiaikzs3drdykhk3xbzhumja','direct_channel_show','3mdfpg63cigd8ryxjxstt4prrw','true'),('mzgiaikzs3drdykhk3xbzhumja','direct_channel_show','e1un6gcpjbn6txpcfpgtuqgbka','true'),('mzgiaikzs3drdykhk3xbzhumja','direct_channel_show','f4ppnmx5eibj5fweiikcezfcrw','true'),('mzgiaikzs3drdykhk3xbzhumja','direct_channel_show','k9rcst5mhfymdnghuiae6kxtzh','true'),('mzgiaikzs3drdykhk3xbzhumja','direct_channel_show','nh7itdi3wfbdpnkoeewgtrqbjr','true'),('mzgiaikzs3drdykhk3xbzhumja','direct_channel_show','s6f1jsodxjbm8x13th1i6reqyh','true'),('mzgiaikzs3drdykhk3xbzhumja','direct_channel_show','szuruerm67nrfqut3tc4kqkqkh','true'),('mzgiaikzs3drdykhk3xbzhumja','direct_channel_show','wagc85qtnj8mmftzbkpdqcpwxo','true'),('mzgiaikzs3drdykhk3xbzhumja','direct_channel_show','za7miy1fdjf5ufp9o5bc7dzywe','true'),('mzgiaikzs3drdykhk3xbzhumja','tutorial_step','mzgiaikzs3drdykhk3xbzhumja','0'),('nbns3pdy1pnijmqh3iiiyyq9qr','direct_channel_show','k35cwhf35t8a5cfig6bhdh8zty','true'),('nbns3pdy1pnijmqh3iiiyyq9qr','direct_channel_show','wjmu6z8dnjru7fdqs4npg4q6mw','true'),('nbns3pdy1pnijmqh3iiiyyq9qr','tutorial_step','nbns3pdy1pnijmqh3iiiyyq9qr','0'),('nh7itdi3wfbdpnkoeewgtrqbjr','direct_channel_show','18mkgjuurp819jaaa67hhoyikr','true'),('nh7itdi3wfbdpnkoeewgtrqbjr','direct_channel_show','3mdfpg63cigd8ryxjxstt4prrw','true'),('nh7itdi3wfbdpnkoeewgtrqbjr','direct_channel_show','7ouxha1pwpb3ieecmwiedhymih','true'),('nh7itdi3wfbdpnkoeewgtrqbjr','direct_channel_show','btqmoens1tbs3xirhmuzmde93h','true'),('nh7itdi3wfbdpnkoeewgtrqbjr','direct_channel_show','ge953sbnu7ropjpj9u3khjtm5e','true'),('nh7itdi3wfbdpnkoeewgtrqbjr','direct_channel_show','o6jmug1fppb1zgzj48b85zc6se','true'),('nh7itdi3wfbdpnkoeewgtrqbjr','direct_channel_show','s6p9yxjk3prtzf5dy6kp8aj55w','true'),('nh7itdi3wfbdpnkoeewgtrqbjr','direct_channel_show','wagc85qtnj8mmftzbkpdqcpwxo','true'),('nh7itdi3wfbdpnkoeewgtrqbjr','direct_channel_show','xcff6oze33frzfopbhm18874ar','true'),('nh7itdi3wfbdpnkoeewgtrqbjr','direct_channel_show','za7miy1fdjf5ufp9o5bc7dzywe','true'),('nh7itdi3wfbdpnkoeewgtrqbjr','tutorial_step','nh7itdi3wfbdpnkoeewgtrqbjr','0'),('o6jmug1fppb1zgzj48b85zc6se','direct_channel_show','18mkgjuurp819jaaa67hhoyikr','true'),('o6jmug1fppb1zgzj48b85zc6se','direct_channel_show','3mdfpg63cigd8ryxjxstt4prrw','true'),('o6jmug1fppb1zgzj48b85zc6se','direct_channel_show','7ouxha1pwpb3ieecmwiedhymih','true'),('o6jmug1fppb1zgzj48b85zc6se','direct_channel_show','ge953sbnu7ropjpj9u3khjtm5e','true'),('o6jmug1fppb1zgzj48b85zc6se','direct_channel_show','ijh3wp7pcjbyzmmyuf6bc7xxsa','true'),('o6jmug1fppb1zgzj48b85zc6se','direct_channel_show','k35cwhf35t8a5cfig6bhdh8zty','true'),('o6jmug1fppb1zgzj48b85zc6se','direct_channel_show','s6p9yxjk3prtzf5dy6kp8aj55w','true'),('o6jmug1fppb1zgzj48b85zc6se','direct_channel_show','wagc85qtnj8mmftzbkpdqcpwxo','true'),('o6jmug1fppb1zgzj48b85zc6se','direct_channel_show','xcff6oze33frzfopbhm18874ar','true'),('o6jmug1fppb1zgzj48b85zc6se','direct_channel_show','za7miy1fdjf5ufp9o5bc7dzywe','true'),('o6jmug1fppb1zgzj48b85zc6se','tutorial_step','o6jmug1fppb1zgzj48b85zc6se','0'),('s6f1jsodxjbm8x13th1i6reqyh','direct_channel_show','18mkgjuurp819jaaa67hhoyikr','true'),('s6f1jsodxjbm8x13th1i6reqyh','direct_channel_show','3mdfpg63cigd8ryxjxstt4prrw','true'),('s6f1jsodxjbm8x13th1i6reqyh','direct_channel_show','btqmoens1tbs3xirhmuzmde93h','true'),('s6f1jsodxjbm8x13th1i6reqyh','direct_channel_show','g833cud6k3bc9nce7wgmj7mtpa','true'),('s6f1jsodxjbm8x13th1i6reqyh','direct_channel_show','ge953sbnu7ropjpj9u3khjtm5e','true'),('s6f1jsodxjbm8x13th1i6reqyh','direct_channel_show','h9drm8pze3rhfr8yynaoe5kd4a','true'),('s6f1jsodxjbm8x13th1i6reqyh','direct_channel_show','nh7itdi3wfbdpnkoeewgtrqbjr','true'),('s6f1jsodxjbm8x13th1i6reqyh','direct_channel_show','wagc85qtnj8mmftzbkpdqcpwxo','true'),('s6f1jsodxjbm8x13th1i6reqyh','direct_channel_show','xcff6oze33frzfopbhm18874ar','true'),('s6f1jsodxjbm8x13th1i6reqyh','direct_channel_show','za7miy1fdjf5ufp9o5bc7dzywe','true'),('s6f1jsodxjbm8x13th1i6reqyh','tutorial_step','s6f1jsodxjbm8x13th1i6reqyh','0'),('s6p9yxjk3prtzf5dy6kp8aj55w','direct_channel_show','k35cwhf35t8a5cfig6bhdh8zty','true'),('s6p9yxjk3prtzf5dy6kp8aj55w','direct_channel_show','nbns3pdy1pnijmqh3iiiyyq9qr','true'),('s6p9yxjk3prtzf5dy6kp8aj55w','direct_channel_show','wjmu6z8dnjru7fdqs4npg4q6mw','true'),('s6p9yxjk3prtzf5dy6kp8aj55w','direct_channel_show','yk1akm3i57d4uxr7a1gwo7ug1r','true'),('s6p9yxjk3prtzf5dy6kp8aj55w','direct_channel_show','za7miy1fdjf5ufp9o5bc7dzywe','true'),('s6p9yxjk3prtzf5dy6kp8aj55w','tutorial_step','s6p9yxjk3prtzf5dy6kp8aj55w','0'),('sqhg4ci1mtbdjyswyikjhtmrph','direct_channel_show','18mkgjuurp819jaaa67hhoyikr','true'),('sqhg4ci1mtbdjyswyikjhtmrph','direct_channel_show','3mdfpg63cigd8ryxjxstt4prrw','true'),('sqhg4ci1mtbdjyswyikjhtmrph','direct_channel_show','f4ppnmx5eibj5fweiikcezfcrw','true'),('sqhg4ci1mtbdjyswyikjhtmrph','direct_channel_show','ge953sbnu7ropjpj9u3khjtm5e','true'),('sqhg4ci1mtbdjyswyikjhtmrph','direct_channel_show','nh7itdi3wfbdpnkoeewgtrqbjr','true'),('sqhg4ci1mtbdjyswyikjhtmrph','direct_channel_show','s6f1jsodxjbm8x13th1i6reqyh','true'),('sqhg4ci1mtbdjyswyikjhtmrph','direct_channel_show','szuruerm67nrfqut3tc4kqkqkh','true'),('sqhg4ci1mtbdjyswyikjhtmrph','direct_channel_show','uxk6qatygty5mmxysip6t79i5w','true'),('sqhg4ci1mtbdjyswyikjhtmrph','direct_channel_show','wagc85qtnj8mmftzbkpdqcpwxo','true'),('sqhg4ci1mtbdjyswyikjhtmrph','direct_channel_show','za7miy1fdjf5ufp9o5bc7dzywe','true'),('sqhg4ci1mtbdjyswyikjhtmrph','tutorial_step','sqhg4ci1mtbdjyswyikjhtmrph','0'),('szuruerm67nrfqut3tc4kqkqkh','direct_channel_show','18mkgjuurp819jaaa67hhoyikr','true'),('szuruerm67nrfqut3tc4kqkqkh','direct_channel_show','3mdfpg63cigd8ryxjxstt4prrw','true'),('szuruerm67nrfqut3tc4kqkqkh','direct_channel_show','btqmoens1tbs3xirhmuzmde93h','true'),('szuruerm67nrfqut3tc4kqkqkh','direct_channel_show','g833cud6k3bc9nce7wgmj7mtpa','true'),('szuruerm67nrfqut3tc4kqkqkh','direct_channel_show','ge953sbnu7ropjpj9u3khjtm5e','true'),('szuruerm67nrfqut3tc4kqkqkh','direct_channel_show','nh7itdi3wfbdpnkoeewgtrqbjr','true'),('szuruerm67nrfqut3tc4kqkqkh','direct_channel_show','s6f1jsodxjbm8x13th1i6reqyh','true'),('szuruerm67nrfqut3tc4kqkqkh','direct_channel_show','uxk6qatygty5mmxysip6t79i5w','true'),('szuruerm67nrfqut3tc4kqkqkh','direct_channel_show','wagc85qtnj8mmftzbkpdqcpwxo','true'),('szuruerm67nrfqut3tc4kqkqkh','direct_channel_show','za7miy1fdjf5ufp9o5bc7dzywe','true'),('szuruerm67nrfqut3tc4kqkqkh','tutorial_step','szuruerm67nrfqut3tc4kqkqkh','0'),('tgh3feoiefgr5qb3u4y4ruxk7o','direct_channel_show','18mkgjuurp819jaaa67hhoyikr','true'),('tgh3feoiefgr5qb3u4y4ruxk7o','direct_channel_show','3mdfpg63cigd8ryxjxstt4prrw','true'),('tgh3feoiefgr5qb3u4y4ruxk7o','direct_channel_show','7j3qg5nzffbz9bnenoji3a83ha','true'),('tgh3feoiefgr5qb3u4y4ruxk7o','direct_channel_show','e1un6gcpjbn6txpcfpgtuqgbka','true'),('tgh3feoiefgr5qb3u4y4ruxk7o','direct_channel_show','f4ppnmx5eibj5fweiikcezfcrw','true'),('tgh3feoiefgr5qb3u4y4ruxk7o','direct_channel_show','fjxhag4eq3bzmnb8tjbetkjxbr','true'),('tgh3feoiefgr5qb3u4y4ruxk7o','direct_channel_show','nh7itdi3wfbdpnkoeewgtrqbjr','true'),('tgh3feoiefgr5qb3u4y4ruxk7o','direct_channel_show','s6f1jsodxjbm8x13th1i6reqyh','true'),('tgh3feoiefgr5qb3u4y4ruxk7o','direct_channel_show','szuruerm67nrfqut3tc4kqkqkh','true'),('tgh3feoiefgr5qb3u4y4ruxk7o','direct_channel_show','wagc85qtnj8mmftzbkpdqcpwxo','true'),('tgh3feoiefgr5qb3u4y4ruxk7o','tutorial_step','tgh3feoiefgr5qb3u4y4ruxk7o','0'),('tgiijcm54pbpiek81ac38qhzwh','direct_channel_show','18mkgjuurp819jaaa67hhoyikr','true'),('tgiijcm54pbpiek81ac38qhzwh','direct_channel_show','3mdfpg63cigd8ryxjxstt4prrw','true'),('tgiijcm54pbpiek81ac38qhzwh','direct_channel_show','btqmoens1tbs3xirhmuzmde93h','true'),('tgiijcm54pbpiek81ac38qhzwh','direct_channel_show','g833cud6k3bc9nce7wgmj7mtpa','true'),('tgiijcm54pbpiek81ac38qhzwh','direct_channel_show','ge953sbnu7ropjpj9u3khjtm5e','true'),('tgiijcm54pbpiek81ac38qhzwh','direct_channel_show','h9drm8pze3rhfr8yynaoe5kd4a','true'),('tgiijcm54pbpiek81ac38qhzwh','direct_channel_show','nh7itdi3wfbdpnkoeewgtrqbjr','true'),('tgiijcm54pbpiek81ac38qhzwh','direct_channel_show','wagc85qtnj8mmftzbkpdqcpwxo','true'),('tgiijcm54pbpiek81ac38qhzwh','direct_channel_show','xcff6oze33frzfopbhm18874ar','true'),('tgiijcm54pbpiek81ac38qhzwh','direct_channel_show','za7miy1fdjf5ufp9o5bc7dzywe','true'),('tgiijcm54pbpiek81ac38qhzwh','tutorial_step','tgiijcm54pbpiek81ac38qhzwh','0'),('uxk6qatygty5mmxysip6t79i5w','direct_channel_show','18mkgjuurp819jaaa67hhoyikr','true'),('uxk6qatygty5mmxysip6t79i5w','direct_channel_show','3mdfpg63cigd8ryxjxstt4prrw','true'),('uxk6qatygty5mmxysip6t79i5w','direct_channel_show','btqmoens1tbs3xirhmuzmde93h','true'),('uxk6qatygty5mmxysip6t79i5w','direct_channel_show','g833cud6k3bc9nce7wgmj7mtpa','true'),('uxk6qatygty5mmxysip6t79i5w','direct_channel_show','ge953sbnu7ropjpj9u3khjtm5e','true'),('uxk6qatygty5mmxysip6t79i5w','direct_channel_show','h9drm8pze3rhfr8yynaoe5kd4a','true'),('uxk6qatygty5mmxysip6t79i5w','direct_channel_show','nh7itdi3wfbdpnkoeewgtrqbjr','true'),('uxk6qatygty5mmxysip6t79i5w','direct_channel_show','s6f1jsodxjbm8x13th1i6reqyh','true'),('uxk6qatygty5mmxysip6t79i5w','direct_channel_show','wagc85qtnj8mmftzbkpdqcpwxo','true'),('uxk6qatygty5mmxysip6t79i5w','direct_channel_show','za7miy1fdjf5ufp9o5bc7dzywe','true'),('uxk6qatygty5mmxysip6t79i5w','tutorial_step','uxk6qatygty5mmxysip6t79i5w','0'),('uxycdhy41fy4ubaxozoaxergar','direct_channel_show','18mkgjuurp819jaaa67hhoyikr','true'),('uxycdhy41fy4ubaxozoaxergar','direct_channel_show','3mdfpg63cigd8ryxjxstt4prrw','true'),('uxycdhy41fy4ubaxozoaxergar','direct_channel_show','7ouxha1pwpb3ieecmwiedhymih','true'),('uxycdhy41fy4ubaxozoaxergar','direct_channel_show','ge953sbnu7ropjpj9u3khjtm5e','true'),('uxycdhy41fy4ubaxozoaxergar','direct_channel_show','ijh3wp7pcjbyzmmyuf6bc7xxsa','true'),('uxycdhy41fy4ubaxozoaxergar','direct_channel_show','o6jmug1fppb1zgzj48b85zc6se','true'),('uxycdhy41fy4ubaxozoaxergar','direct_channel_show','s6p9yxjk3prtzf5dy6kp8aj55w','true'),('uxycdhy41fy4ubaxozoaxergar','direct_channel_show','wagc85qtnj8mmftzbkpdqcpwxo','true'),('uxycdhy41fy4ubaxozoaxergar','direct_channel_show','xcff6oze33frzfopbhm18874ar','true'),('uxycdhy41fy4ubaxozoaxergar','direct_channel_show','za7miy1fdjf5ufp9o5bc7dzywe','true'),('uxycdhy41fy4ubaxozoaxergar','tutorial_step','uxycdhy41fy4ubaxozoaxergar','0'),('wagc85qtnj8mmftzbkpdqcpwxo','direct_channel_show','ge953sbnu7ropjpj9u3khjtm5e','true'),('wagc85qtnj8mmftzbkpdqcpwxo','direct_channel_show','k35cwhf35t8a5cfig6bhdh8zty','true'),('wagc85qtnj8mmftzbkpdqcpwxo','direct_channel_show','kuxdxrapa7redcmgh4d4xj8pew','true'),('wagc85qtnj8mmftzbkpdqcpwxo','direct_channel_show','nbns3pdy1pnijmqh3iiiyyq9qr','true'),('wagc85qtnj8mmftzbkpdqcpwxo','direct_channel_show','s6p9yxjk3prtzf5dy6kp8aj55w','true'),('wagc85qtnj8mmftzbkpdqcpwxo','direct_channel_show','wjmu6z8dnjru7fdqs4npg4q6mw','true'),('wagc85qtnj8mmftzbkpdqcpwxo','direct_channel_show','yk1akm3i57d4uxr7a1gwo7ug1r','true'),('wagc85qtnj8mmftzbkpdqcpwxo','direct_channel_show','za7miy1fdjf5ufp9o5bc7dzywe','true'),('wagc85qtnj8mmftzbkpdqcpwxo','tutorial_step','wagc85qtnj8mmftzbkpdqcpwxo','0'),('wgf1kcoqk7bbf841jnnmagi15h','direct_channel_show','18mkgjuurp819jaaa67hhoyikr','true'),('wgf1kcoqk7bbf841jnnmagi15h','direct_channel_show','3mdfpg63cigd8ryxjxstt4prrw','true'),('wgf1kcoqk7bbf841jnnmagi15h','direct_channel_show','f4ppnmx5eibj5fweiikcezfcrw','true'),('wgf1kcoqk7bbf841jnnmagi15h','direct_channel_show','ge953sbnu7ropjpj9u3khjtm5e','true'),('wgf1kcoqk7bbf841jnnmagi15h','direct_channel_show','nh7itdi3wfbdpnkoeewgtrqbjr','true'),('wgf1kcoqk7bbf841jnnmagi15h','direct_channel_show','s6f1jsodxjbm8x13th1i6reqyh','true'),('wgf1kcoqk7bbf841jnnmagi15h','direct_channel_show','szuruerm67nrfqut3tc4kqkqkh','true'),('wgf1kcoqk7bbf841jnnmagi15h','direct_channel_show','uxk6qatygty5mmxysip6t79i5w','true'),('wgf1kcoqk7bbf841jnnmagi15h','direct_channel_show','wagc85qtnj8mmftzbkpdqcpwxo','true'),('wgf1kcoqk7bbf841jnnmagi15h','direct_channel_show','za7miy1fdjf5ufp9o5bc7dzywe','true'),('wgf1kcoqk7bbf841jnnmagi15h','tutorial_step','wgf1kcoqk7bbf841jnnmagi15h','0'),('wjmu6z8dnjru7fdqs4npg4q6mw','channel_approximate_view_time','','1513633814934'),('wjmu6z8dnjru7fdqs4npg4q6mw','channel_approximate_view_time','3fomfsa8sbfi7k4wnoa7ig4rhr','1513633921558'),('wjmu6z8dnjru7fdqs4npg4q6mw','channel_approximate_view_time','4tqx1ha5qbfj5mqhnqsxqawj7e','1513633908660'),('wjmu6z8dnjru7fdqs4npg4q6mw','channel_approximate_view_time','5hwo1tg5s38f5fwfoza6rgekey','1513633945275'),('wjmu6z8dnjru7fdqs4npg4q6mw','channel_approximate_view_time','5rnhui1p1pybxnjd5aaffrataw','1513633906597'),('wjmu6z8dnjru7fdqs4npg4q6mw','channel_approximate_view_time','9p7m5fwabbd5jchombeh19jsde','1513633902570'),('wjmu6z8dnjru7fdqs4npg4q6mw','channel_approximate_view_time','b3zym97zupfebktyzm67keu1uo','1513633911103'),('wjmu6z8dnjru7fdqs4npg4q6mw','channel_approximate_view_time','bqx6t95xkpgumbw91ipjy3c44w','1513633915817'),('wjmu6z8dnjru7fdqs4npg4q6mw','channel_approximate_view_time','eehzyiiddirpzboubbmm3s5b6r','1513633731912'),('wjmu6z8dnjru7fdqs4npg4q6mw','channel_approximate_view_time','ffpa7wtmy3b75nsmq91q8de7nh','1513633783967'),('wjmu6z8dnjru7fdqs4npg4q6mw','channel_approximate_view_time','g6b8fkp57fy19bz9a8zmxkdktc','1513633918661'),('wjmu6z8dnjru7fdqs4npg4q6mw','channel_approximate_view_time','ht89p63tybydbfygqryd5ducfc','1513633671516'),('wjmu6z8dnjru7fdqs4npg4q6mw','channel_approximate_view_time','i4ju9owhobrtdxcspjncogphcc','1513633932613'),('wjmu6z8dnjru7fdqs4npg4q6mw','channel_approximate_view_time','porsuwba7bgz8nb1xcmjm9gxjc','1513633853344'),('wjmu6z8dnjru7fdqs4npg4q6mw','channel_approximate_view_time','q35p8h6cutfmbqtn4yyxmxd13r','1513633942943'),('wjmu6z8dnjru7fdqs4npg4q6mw','channel_approximate_view_time','wuss4sb6abdzfnyrtwj5y4jbhh','1513633936198'),('wjmu6z8dnjru7fdqs4npg4q6mw','channel_approximate_view_time','wyah9a5zdtg8fmk8mj8yj84geo','1513633924103'),('wjmu6z8dnjru7fdqs4npg4q6mw','channel_open_time','3fomfsa8sbfi7k4wnoa7ig4rhr','1513633921226'),('wjmu6z8dnjru7fdqs4npg4q6mw','channel_open_time','4tqx1ha5qbfj5mqhnqsxqawj7e','1513633908326'),('wjmu6z8dnjru7fdqs4npg4q6mw','channel_open_time','5rnhui1p1pybxnjd5aaffrataw','1513633906263'),('wjmu6z8dnjru7fdqs4npg4q6mw','channel_open_time','9p7m5fwabbd5jchombeh19jsde','1513633904324'),('wjmu6z8dnjru7fdqs4npg4q6mw','channel_open_time','b3zym97zupfebktyzm67keu1uo','1513633910818'),('wjmu6z8dnjru7fdqs4npg4q6mw','channel_open_time','bqx6t95xkpgumbw91ipjy3c44w','1513633915550'),('wjmu6z8dnjru7fdqs4npg4q6mw','channel_open_time','g6b8fkp57fy19bz9a8zmxkdktc','1513633918343'),('wjmu6z8dnjru7fdqs4npg4q6mw','channel_open_time','wyah9a5zdtg8fmk8mj8yj84geo','1513633923790'),('wjmu6z8dnjru7fdqs4npg4q6mw','direct_channel_show','18mkgjuurp819jaaa67hhoyikr','true'),('wjmu6z8dnjru7fdqs4npg4q6mw','direct_channel_show','4regykcf4ifouki1wfbiyb8stw','true'),('wjmu6z8dnjru7fdqs4npg4q6mw','direct_channel_show','7j3qg5nzffbz9bnenoji3a83ha','true'),('wjmu6z8dnjru7fdqs4npg4q6mw','direct_channel_show','9ja9qsyibigkjfuwb7ot5w5cey','true'),('wjmu6z8dnjru7fdqs4npg4q6mw','direct_channel_show','s6f1jsodxjbm8x13th1i6reqyh','true'),('wjmu6z8dnjru7fdqs4npg4q6mw','direct_channel_show','szuruerm67nrfqut3tc4kqkqkh','true'),('wjmu6z8dnjru7fdqs4npg4q6mw','group_channel_show','b3zym97zupfebktyzm67keu1uo','true'),('wjmu6z8dnjru7fdqs4npg4q6mw','group_channel_show','bqx6t95xkpgumbw91ipjy3c44w','true'),('wjmu6z8dnjru7fdqs4npg4q6mw','tutorial_step','wjmu6z8dnjru7fdqs4npg4q6mw','999'),('wsu1cqh96fryzpexkfg586n53h','direct_channel_show','18mkgjuurp819jaaa67hhoyikr','true'),('wsu1cqh96fryzpexkfg586n53h','direct_channel_show','3mdfpg63cigd8ryxjxstt4prrw','true'),('wsu1cqh96fryzpexkfg586n53h','direct_channel_show','btqmoens1tbs3xirhmuzmde93h','true'),('wsu1cqh96fryzpexkfg586n53h','direct_channel_show','g833cud6k3bc9nce7wgmj7mtpa','true'),('wsu1cqh96fryzpexkfg586n53h','direct_channel_show','ge953sbnu7ropjpj9u3khjtm5e','true'),('wsu1cqh96fryzpexkfg586n53h','direct_channel_show','nh7itdi3wfbdpnkoeewgtrqbjr','true'),('wsu1cqh96fryzpexkfg586n53h','direct_channel_show','s6f1jsodxjbm8x13th1i6reqyh','true'),('wsu1cqh96fryzpexkfg586n53h','direct_channel_show','uxk6qatygty5mmxysip6t79i5w','true'),('wsu1cqh96fryzpexkfg586n53h','direct_channel_show','wagc85qtnj8mmftzbkpdqcpwxo','true'),('wsu1cqh96fryzpexkfg586n53h','direct_channel_show','za7miy1fdjf5ufp9o5bc7dzywe','true'),('wsu1cqh96fryzpexkfg586n53h','tutorial_step','wsu1cqh96fryzpexkfg586n53h','0'),('wx5ft3wcbtgiugsypwmwtz691a','direct_channel_show','18mkgjuurp819jaaa67hhoyikr','true'),('wx5ft3wcbtgiugsypwmwtz691a','direct_channel_show','3mdfpg63cigd8ryxjxstt4prrw','true'),('wx5ft3wcbtgiugsypwmwtz691a','direct_channel_show','e1un6gcpjbn6txpcfpgtuqgbka','true'),('wx5ft3wcbtgiugsypwmwtz691a','direct_channel_show','f4ppnmx5eibj5fweiikcezfcrw','true'),('wx5ft3wcbtgiugsypwmwtz691a','direct_channel_show','fjxhag4eq3bzmnb8tjbetkjxbr','true'),('wx5ft3wcbtgiugsypwmwtz691a','direct_channel_show','k9rcst5mhfymdnghuiae6kxtzh','true'),('wx5ft3wcbtgiugsypwmwtz691a','direct_channel_show','nh7itdi3wfbdpnkoeewgtrqbjr','true'),('wx5ft3wcbtgiugsypwmwtz691a','direct_channel_show','s6f1jsodxjbm8x13th1i6reqyh','true'),('wx5ft3wcbtgiugsypwmwtz691a','direct_channel_show','szuruerm67nrfqut3tc4kqkqkh','true'),('wx5ft3wcbtgiugsypwmwtz691a','direct_channel_show','wagc85qtnj8mmftzbkpdqcpwxo','true'),('wx5ft3wcbtgiugsypwmwtz691a','tutorial_step','wx5ft3wcbtgiugsypwmwtz691a','0'),('xcff6oze33frzfopbhm18874ar','direct_channel_show','7ouxha1pwpb3ieecmwiedhymih','true'),('xcff6oze33frzfopbhm18874ar','direct_channel_show','d7iwbi9akiyy8pritwwaqg7qyy','true'),('xcff6oze33frzfopbhm18874ar','direct_channel_show','ge953sbnu7ropjpj9u3khjtm5e','true'),('xcff6oze33frzfopbhm18874ar','direct_channel_show','k35cwhf35t8a5cfig6bhdh8zty','true'),('xcff6oze33frzfopbhm18874ar','direct_channel_show','kuxdxrapa7redcmgh4d4xj8pew','true'),('xcff6oze33frzfopbhm18874ar','direct_channel_show','nbns3pdy1pnijmqh3iiiyyq9qr','true'),('xcff6oze33frzfopbhm18874ar','direct_channel_show','s6p9yxjk3prtzf5dy6kp8aj55w','true'),('xcff6oze33frzfopbhm18874ar','direct_channel_show','wagc85qtnj8mmftzbkpdqcpwxo','true'),('xcff6oze33frzfopbhm18874ar','direct_channel_show','wjmu6z8dnjru7fdqs4npg4q6mw','true'),('xcff6oze33frzfopbhm18874ar','direct_channel_show','za7miy1fdjf5ufp9o5bc7dzywe','true'),('xcff6oze33frzfopbhm18874ar','tutorial_step','xcff6oze33frzfopbhm18874ar','0'),('yk1akm3i57d4uxr7a1gwo7ug1r','direct_channel_show','k35cwhf35t8a5cfig6bhdh8zty','true'),('yk1akm3i57d4uxr7a1gwo7ug1r','direct_channel_show','nbns3pdy1pnijmqh3iiiyyq9qr','true'),('yk1akm3i57d4uxr7a1gwo7ug1r','direct_channel_show','wjmu6z8dnjru7fdqs4npg4q6mw','true'),('yk1akm3i57d4uxr7a1gwo7ug1r','direct_channel_show','za7miy1fdjf5ufp9o5bc7dzywe','true'),('yk1akm3i57d4uxr7a1gwo7ug1r','tutorial_step','yk1akm3i57d4uxr7a1gwo7ug1r','0'),('yu9psb8yrirndbhixeisuj9ydh','direct_channel_show','18mkgjuurp819jaaa67hhoyikr','true'),('yu9psb8yrirndbhixeisuj9ydh','direct_channel_show','3mdfpg63cigd8ryxjxstt4prrw','true'),('yu9psb8yrirndbhixeisuj9ydh','direct_channel_show','e1un6gcpjbn6txpcfpgtuqgbka','true'),('yu9psb8yrirndbhixeisuj9ydh','direct_channel_show','f4ppnmx5eibj5fweiikcezfcrw','true'),('yu9psb8yrirndbhixeisuj9ydh','direct_channel_show','fjxhag4eq3bzmnb8tjbetkjxbr','true'),('yu9psb8yrirndbhixeisuj9ydh','direct_channel_show','k9rcst5mhfymdnghuiae6kxtzh','true'),('yu9psb8yrirndbhixeisuj9ydh','direct_channel_show','nh7itdi3wfbdpnkoeewgtrqbjr','true'),('yu9psb8yrirndbhixeisuj9ydh','direct_channel_show','s6f1jsodxjbm8x13th1i6reqyh','true'),('yu9psb8yrirndbhixeisuj9ydh','direct_channel_show','szuruerm67nrfqut3tc4kqkqkh','true'),('yu9psb8yrirndbhixeisuj9ydh','direct_channel_show','wagc85qtnj8mmftzbkpdqcpwxo','true'),('yu9psb8yrirndbhixeisuj9ydh','tutorial_step','yu9psb8yrirndbhixeisuj9ydh','0'),('za7miy1fdjf5ufp9o5bc7dzywe','direct_channel_show','k35cwhf35t8a5cfig6bhdh8zty','true'),('za7miy1fdjf5ufp9o5bc7dzywe','direct_channel_show','nbns3pdy1pnijmqh3iiiyyq9qr','true'),('za7miy1fdjf5ufp9o5bc7dzywe','direct_channel_show','wjmu6z8dnjru7fdqs4npg4q6mw','true'),('za7miy1fdjf5ufp9o5bc7dzywe','tutorial_step','za7miy1fdjf5ufp9o5bc7dzywe','0');
/*!40000 ALTER TABLE `Preferences` ENABLE KEYS */;
UNLOCK TABLES;

--
-- Table structure for table `Reactions`
--

DROP TABLE IF EXISTS `Reactions`;
/*!40101 SET @saved_cs_client     = @@character_set_client */;
/*!40101 SET character_set_client = utf8 */;
CREATE TABLE `Reactions` (
  `UserId` varchar(26) NOT NULL,
  `PostId` varchar(26) NOT NULL,
  `EmojiName` varchar(64) NOT NULL,
  `CreateAt` bigint(20) DEFAULT NULL,
  PRIMARY KEY (`UserId`,`PostId`,`EmojiName`)
) ENGINE=InnoDB DEFAULT CHARSET=utf8mb4;
/*!40101 SET character_set_client = @saved_cs_client */;

--
-- Dumping data for table `Reactions`
--

LOCK TABLES `Reactions` WRITE;
/*!40000 ALTER TABLE `Reactions` DISABLE KEYS */;
/*!40000 ALTER TABLE `Reactions` ENABLE KEYS */;
UNLOCK TABLES;

--
-- Table structure for table `Sessions`
--

DROP TABLE IF EXISTS `Sessions`;
/*!40101 SET @saved_cs_client     = @@character_set_client */;
/*!40101 SET character_set_client = utf8 */;
CREATE TABLE `Sessions` (
  `Id` varchar(26) NOT NULL,
  `Token` varchar(26) DEFAULT NULL,
  `CreateAt` bigint(20) DEFAULT NULL,
  `ExpiresAt` bigint(20) DEFAULT NULL,
  `LastActivityAt` bigint(20) DEFAULT NULL,
  `UserId` varchar(26) DEFAULT NULL,
  `DeviceId` text,
  `Roles` varchar(64) DEFAULT NULL,
  `IsOAuth` tinyint(1) DEFAULT NULL,
  `Props` text,
  PRIMARY KEY (`Id`),
  KEY `idx_sessions_user_id` (`UserId`),
  KEY `idx_sessions_token` (`Token`),
  KEY `idx_sessions_expires_at` (`ExpiresAt`),
  KEY `idx_sessions_create_at` (`CreateAt`),
  KEY `idx_sessions_last_activity_at` (`LastActivityAt`)
) ENGINE=InnoDB DEFAULT CHARSET=utf8mb4;
/*!40101 SET character_set_client = @saved_cs_client */;

--
-- Dumping data for table `Sessions`
--

LOCK TABLES `Sessions` WRITE;
/*!40000 ALTER TABLE `Sessions` DISABLE KEYS */;
INSERT INTO `Sessions` VALUES ('n5i5z91rqfrdzbxpbo6wxirisw','dsgu8bxnep8qj874rggbwsynmy',1513633666816,1516225666816,1513633666816,'wjmu6z8dnjru7fdqs4npg4q6mw','','system_admin system_user',0,'{\"browser\":\"Chrome/63.0.3239.84\",\"os\":\"Intel Mac OS X 10_12_6\",\"platform\":\"Macintosh\"}'),('u3x1sdupabfru8kone4qb8rw3c','maju5t4k8irxbnbk4qzu1xfshw',1513633973314,1516225973314,1513633973314,'wjmu6z8dnjru7fdqs4npg4q6mw','','system_admin system_user',0,'{\"browser\":\"node-fetch/0.0\",\"os\":\"unknown\",\"platform\":\"unknown\"}');
/*!40000 ALTER TABLE `Sessions` ENABLE KEYS */;
UNLOCK TABLES;

--
-- Table structure for table `Status`
--

DROP TABLE IF EXISTS `Status`;
/*!40101 SET @saved_cs_client     = @@character_set_client */;
/*!40101 SET character_set_client = utf8 */;
CREATE TABLE `Status` (
  `UserId` varchar(26) NOT NULL,
  `Status` varchar(32) DEFAULT NULL,
  `Manual` tinyint(1) DEFAULT NULL,
  `LastActivityAt` bigint(20) DEFAULT NULL,
  PRIMARY KEY (`UserId`),
  KEY `idx_status_user_id` (`UserId`),
  KEY `idx_status_status` (`Status`)
) ENGINE=InnoDB DEFAULT CHARSET=utf8mb4;
/*!40101 SET character_set_client = @saved_cs_client */;

--
-- Dumping data for table `Status`
--

LOCK TABLES `Status` WRITE;
/*!40000 ALTER TABLE `Status` DISABLE KEYS */;
INSERT INTO `Status` VALUES ('18mkgjuurp819jaaa67hhoyikr','online',0,1513633704786),('31rru4f7opfdiji5hioxk59obw','online',0,1513633708938),('3cempqqzcpns8yzz8w9x4iguzc','online',0,1513633706489),('3mdfpg63cigd8ryxjxstt4prrw','online',0,1513633705119),('4regykcf4ifouki1wfbiyb8stw','online',0,1513633710023),('5ketnsjrgfr88ydf1i6gtcgcro','online',0,1513633707886),('5rxm7qkem3y8fmsfruo6ajz48c','online',0,1513633706795),('7j3qg5nzffbz9bnenoji3a83ha','online',0,1513633709737),('7ouxha1pwpb3ieecmwiedhymih','online',0,1513633704490),('867xmq6wcpbuzcpibnjha3n8eo','online',0,1513633705735),('8z7esgm6xpdwdxo1ntk3saah6y','online',0,1513633704951),('9ja9qsyibigkjfuwb7ot5w5cey','online',0,1513633707620),('btqmoens1tbs3xirhmuzmde93h','online',0,1513633705882),('c81kr6q4epdp8y78dphxgtfy8a','online',0,1513633709208),('cejpxaryz3yi8p4b79hop4bsoh','online',0,1513633709338),('d7iwbi9akiyy8pritwwaqg7qyy','online',0,1513633704341),('dto6rnho378jumfr14w8bqbqeh','online',0,1513633708282),('e1un6gcpjbn6txpcfpgtuqgbka','online',0,1513633708411),('f4ppnmx5eibj5fweiikcezfcrw','online',0,1513633707480),('fbyz17531bynfq66somfhuuofr','online',0,1513633708808),('fjxhag4eq3bzmnb8tjbetkjxbr','online',0,1513633709074),('g833cud6k3bc9nce7wgmj7mtpa','online',0,1513633706335),('ge953sbnu7ropjpj9u3khjtm5e','online',0,1513633704025),('h9drm8pze3rhfr8yynaoe5kd4a','online',0,1513633706179),('ijh3wp7pcjbyzmmyuf6bc7xxsa','online',0,1513633705281),('k35cwhf35t8a5cfig6bhdh8zty','online',0,1513633703059),('k9rcst5mhfymdnghuiae6kxtzh','online',0,1513633708545),('khd9m7xss7bctjpfxqko9sujcw','online',0,1513633708019),('kuxdxrapa7redcmgh4d4xj8pew','online',0,1513633703867),('mzgiaikzs3drdykhk3xbzhumja','online',0,1513633708677),('nbns3pdy1pnijmqh3iiiyyq9qr','online',0,1513633703218),('nh7itdi3wfbdpnkoeewgtrqbjr','online',0,1513633706030),('o6jmug1fppb1zgzj48b85zc6se','online',0,1513633705439),('s6f1jsodxjbm8x13th1i6reqyh','online',0,1513633706935),('s6p9yxjk3prtzf5dy6kp8aj55w','online',0,1513633703701),('sqhg4ci1mtbdjyswyikjhtmrph','online',0,1513633708152),('szuruerm67nrfqut3tc4kqkqkh','online',0,1513633707340),('tgh3feoiefgr5qb3u4y4ruxk7o','online',0,1513633709868),('tgiijcm54pbpiek81ac38qhzwh','online',0,1513633706644),('uxk6qatygty5mmxysip6t79i5w','online',0,1513633707068),('uxycdhy41fy4ubaxozoaxergar','online',0,1513633705587),('wagc85qtnj8mmftzbkpdqcpwxo','online',0,1513633704193),('wgf1kcoqk7bbf841jnnmagi15h','online',0,1513633707753),('wjmu6z8dnjru7fdqs4npg4q6mw','offline',0,1513634027243),('wsu1cqh96fryzpexkfg586n53h','online',0,1513633707202),('wx5ft3wcbtgiugsypwmwtz691a','online',0,1513633709601),('xcff6oze33frzfopbhm18874ar','online',0,1513633704637),('yk1akm3i57d4uxr7a1gwo7ug1r','online',0,1513633703529),('yu9psb8yrirndbhixeisuj9ydh','online',0,1513633709469),('za7miy1fdjf5ufp9o5bc7dzywe','online',0,1513633703365);
/*!40000 ALTER TABLE `Status` ENABLE KEYS */;
UNLOCK TABLES;

--
-- Table structure for table `Systems`
--

DROP TABLE IF EXISTS `Systems`;
/*!40101 SET @saved_cs_client     = @@character_set_client */;
/*!40101 SET character_set_client = utf8 */;
CREATE TABLE `Systems` (
  `Name` varchar(64) NOT NULL,
  `Value` text,
  PRIMARY KEY (`Name`)
) ENGINE=InnoDB DEFAULT CHARSET=utf8mb4;
/*!40101 SET character_set_client = @saved_cs_client */;

--
-- Dumping data for table `Systems`
--

LOCK TABLES `Systems` WRITE;
/*!40000 ALTER TABLE `Systems` DISABLE KEYS */;
INSERT INTO `Systems` VALUES ('DiagnosticId','e9t1deb5ai8n98cq3f8zdaiw8w'),('LastSecurityTime','1513633642198'),('Version','4.5.0');
/*!40000 ALTER TABLE `Systems` ENABLE KEYS */;
UNLOCK TABLES;

--
-- Table structure for table `TeamMembers`
--

DROP TABLE IF EXISTS `TeamMembers`;
/*!40101 SET @saved_cs_client     = @@character_set_client */;
/*!40101 SET character_set_client = utf8 */;
CREATE TABLE `TeamMembers` (
  `TeamId` varchar(26) NOT NULL,
  `UserId` varchar(26) NOT NULL,
  `Roles` varchar(64) DEFAULT NULL,
  `DeleteAt` bigint(20) DEFAULT NULL,
  PRIMARY KEY (`TeamId`,`UserId`),
  KEY `idx_teammembers_team_id` (`TeamId`),
  KEY `idx_teammembers_user_id` (`UserId`),
  KEY `idx_teammembers_delete_at` (`DeleteAt`)
) ENGINE=InnoDB DEFAULT CHARSET=utf8mb4;
/*!40101 SET character_set_client = @saved_cs_client */;

--
-- Dumping data for table `TeamMembers`
--

LOCK TABLES `TeamMembers` WRITE;
/*!40000 ALTER TABLE `TeamMembers` DISABLE KEYS */;
INSERT INTO `TeamMembers` VALUES ('mkwky5madpfu58abiqzx699xqh','wjmu6z8dnjru7fdqs4npg4q6mw','team_user team_admin',0),('xmw8xgmqg7rb7fjiyz1okr93ca','18mkgjuurp819jaaa67hhoyikr','team_user',0),('xmw8xgmqg7rb7fjiyz1okr93ca','31rru4f7opfdiji5hioxk59obw','team_user',0),('xmw8xgmqg7rb7fjiyz1okr93ca','3cempqqzcpns8yzz8w9x4iguzc','team_user',0),('xmw8xgmqg7rb7fjiyz1okr93ca','3mdfpg63cigd8ryxjxstt4prrw','team_user',0),('xmw8xgmqg7rb7fjiyz1okr93ca','4regykcf4ifouki1wfbiyb8stw','team_user',0),('xmw8xgmqg7rb7fjiyz1okr93ca','5ketnsjrgfr88ydf1i6gtcgcro','team_user',0),('xmw8xgmqg7rb7fjiyz1okr93ca','5rxm7qkem3y8fmsfruo6ajz48c','team_user',0),('xmw8xgmqg7rb7fjiyz1okr93ca','7j3qg5nzffbz9bnenoji3a83ha','team_user',0),('xmw8xgmqg7rb7fjiyz1okr93ca','7ouxha1pwpb3ieecmwiedhymih','team_user',0),('xmw8xgmqg7rb7fjiyz1okr93ca','867xmq6wcpbuzcpibnjha3n8eo','team_user',0),('xmw8xgmqg7rb7fjiyz1okr93ca','8z7esgm6xpdwdxo1ntk3saah6y','team_user',0),('xmw8xgmqg7rb7fjiyz1okr93ca','9ja9qsyibigkjfuwb7ot5w5cey','team_user',0),('xmw8xgmqg7rb7fjiyz1okr93ca','btqmoens1tbs3xirhmuzmde93h','team_user',0),('xmw8xgmqg7rb7fjiyz1okr93ca','c81kr6q4epdp8y78dphxgtfy8a','team_user',0),('xmw8xgmqg7rb7fjiyz1okr93ca','cejpxaryz3yi8p4b79hop4bsoh','team_user',0),('xmw8xgmqg7rb7fjiyz1okr93ca','d7iwbi9akiyy8pritwwaqg7qyy','team_user',0),('xmw8xgmqg7rb7fjiyz1okr93ca','dto6rnho378jumfr14w8bqbqeh','team_user',0),('xmw8xgmqg7rb7fjiyz1okr93ca','e1un6gcpjbn6txpcfpgtuqgbka','team_user',0),('xmw8xgmqg7rb7fjiyz1okr93ca','f4ppnmx5eibj5fweiikcezfcrw','team_user',0),('xmw8xgmqg7rb7fjiyz1okr93ca','fbyz17531bynfq66somfhuuofr','team_user',0),('xmw8xgmqg7rb7fjiyz1okr93ca','fjxhag4eq3bzmnb8tjbetkjxbr','team_user',0),('xmw8xgmqg7rb7fjiyz1okr93ca','g833cud6k3bc9nce7wgmj7mtpa','team_user',0),('xmw8xgmqg7rb7fjiyz1okr93ca','ge953sbnu7ropjpj9u3khjtm5e','team_user',0),('xmw8xgmqg7rb7fjiyz1okr93ca','h9drm8pze3rhfr8yynaoe5kd4a','team_user',0),('xmw8xgmqg7rb7fjiyz1okr93ca','ijh3wp7pcjbyzmmyuf6bc7xxsa','team_user',0),('xmw8xgmqg7rb7fjiyz1okr93ca','k35cwhf35t8a5cfig6bhdh8zty','team_user',0),('xmw8xgmqg7rb7fjiyz1okr93ca','k9rcst5mhfymdnghuiae6kxtzh','team_user',0),('xmw8xgmqg7rb7fjiyz1okr93ca','khd9m7xss7bctjpfxqko9sujcw','team_user',0),('xmw8xgmqg7rb7fjiyz1okr93ca','kuxdxrapa7redcmgh4d4xj8pew','team_user',0),('xmw8xgmqg7rb7fjiyz1okr93ca','mzgiaikzs3drdykhk3xbzhumja','team_user',0),('xmw8xgmqg7rb7fjiyz1okr93ca','nbns3pdy1pnijmqh3iiiyyq9qr','team_user',0),('xmw8xgmqg7rb7fjiyz1okr93ca','nh7itdi3wfbdpnkoeewgtrqbjr','team_user',0),('xmw8xgmqg7rb7fjiyz1okr93ca','o6jmug1fppb1zgzj48b85zc6se','team_user',0),('xmw8xgmqg7rb7fjiyz1okr93ca','s6f1jsodxjbm8x13th1i6reqyh','team_user',0),('xmw8xgmqg7rb7fjiyz1okr93ca','s6p9yxjk3prtzf5dy6kp8aj55w','team_user',0),('xmw8xgmqg7rb7fjiyz1okr93ca','sqhg4ci1mtbdjyswyikjhtmrph','team_user',0),('xmw8xgmqg7rb7fjiyz1okr93ca','szuruerm67nrfqut3tc4kqkqkh','team_user',0),('xmw8xgmqg7rb7fjiyz1okr93ca','tgh3feoiefgr5qb3u4y4ruxk7o','team_user',0),('xmw8xgmqg7rb7fjiyz1okr93ca','tgiijcm54pbpiek81ac38qhzwh','team_user',0),('xmw8xgmqg7rb7fjiyz1okr93ca','uxk6qatygty5mmxysip6t79i5w','team_user',0),('xmw8xgmqg7rb7fjiyz1okr93ca','uxycdhy41fy4ubaxozoaxergar','team_user',0),('xmw8xgmqg7rb7fjiyz1okr93ca','wagc85qtnj8mmftzbkpdqcpwxo','team_user',0),('xmw8xgmqg7rb7fjiyz1okr93ca','wgf1kcoqk7bbf841jnnmagi15h','team_user',0),('xmw8xgmqg7rb7fjiyz1okr93ca','wjmu6z8dnjru7fdqs4npg4q6mw','team_user team_admin',0),('xmw8xgmqg7rb7fjiyz1okr93ca','wsu1cqh96fryzpexkfg586n53h','team_user',0),('xmw8xgmqg7rb7fjiyz1okr93ca','wx5ft3wcbtgiugsypwmwtz691a','team_user',0),('xmw8xgmqg7rb7fjiyz1okr93ca','xcff6oze33frzfopbhm18874ar','team_user',0),('xmw8xgmqg7rb7fjiyz1okr93ca','yk1akm3i57d4uxr7a1gwo7ug1r','team_user',0),('xmw8xgmqg7rb7fjiyz1okr93ca','yu9psb8yrirndbhixeisuj9ydh','team_user',0),('xmw8xgmqg7rb7fjiyz1okr93ca','za7miy1fdjf5ufp9o5bc7dzywe','team_user',0);
/*!40000 ALTER TABLE `TeamMembers` ENABLE KEYS */;
UNLOCK TABLES;

--
-- Table structure for table `Teams`
--

DROP TABLE IF EXISTS `Teams`;
/*!40101 SET @saved_cs_client     = @@character_set_client */;
/*!40101 SET character_set_client = utf8 */;
CREATE TABLE `Teams` (
  `Id` varchar(26) NOT NULL,
  `CreateAt` bigint(20) DEFAULT NULL,
  `UpdateAt` bigint(20) DEFAULT NULL,
  `DeleteAt` bigint(20) DEFAULT NULL,
  `DisplayName` varchar(64) DEFAULT NULL,
  `Name` varchar(64) DEFAULT NULL,
  `Description` varchar(255) DEFAULT NULL,
  `Email` varchar(128) DEFAULT NULL,
  `Type` varchar(255) DEFAULT NULL,
  `CompanyName` varchar(64) DEFAULT NULL,
  `AllowedDomains` text,
  `InviteId` varchar(32) DEFAULT NULL,
  `AllowOpenInvite` tinyint(1) DEFAULT NULL,
  PRIMARY KEY (`Id`),
  UNIQUE KEY `Name` (`Name`),
  KEY `idx_teams_name` (`Name`),
  KEY `idx_teams_invite_id` (`InviteId`),
  KEY `idx_teams_update_at` (`UpdateAt`),
  KEY `idx_teams_create_at` (`CreateAt`),
  KEY `idx_teams_delete_at` (`DeleteAt`)
) ENGINE=InnoDB DEFAULT CHARSET=utf8mb4;
/*!40101 SET character_set_client = @saved_cs_client */;

--
-- Dumping data for table `Teams`
--

LOCK TABLES `Teams` WRITE;
/*!40000 ALTER TABLE `Teams` DISABLE KEYS */;
INSERT INTO `Teams` VALUES ('mkwky5madpfu58abiqzx699xqh',1513633853033,1513633853033,0,'testteam2','testteam2','','test@test.com','O','','','4yrdk8h7nbg7mc17dfduwf8z8r',0),('xmw8xgmqg7rb7fjiyz1okr93ca',1513633671410,1513633671410,0,'testteam','testteam','','test@test.com','O','','','m6qmymdbfj8zxejw3qqc4s3cie',0);
/*!40000 ALTER TABLE `Teams` ENABLE KEYS */;
UNLOCK TABLES;

--
-- Table structure for table `Tokens`
--

DROP TABLE IF EXISTS `Tokens`;
/*!40101 SET @saved_cs_client     = @@character_set_client */;
/*!40101 SET character_set_client = utf8 */;
CREATE TABLE `Tokens` (
  `Token` varchar(64) NOT NULL,
  `CreateAt` bigint(20) DEFAULT NULL,
  `Type` varchar(64) DEFAULT NULL,
  `Extra` varchar(128) DEFAULT NULL,
  PRIMARY KEY (`Token`)
) ENGINE=InnoDB DEFAULT CHARSET=utf8mb4;
/*!40101 SET character_set_client = @saved_cs_client */;

--
-- Dumping data for table `Tokens`
--

LOCK TABLES `Tokens` WRITE;
/*!40000 ALTER TABLE `Tokens` DISABLE KEYS */;
INSERT INTO `Tokens` VALUES ('1rsc4ntrybits5qccfmmy936smzpf3ic9uwu5h3zutrhoh15sdqc5ind5ctguj6x',1513633704942,'verify_email','8z7esgm6xpdwdxo1ntk3saah6y'),('34wwordbpbpd5qc3ytrq4wh6zkkfdchsf5t866htppdwnyz39aahwcufu1m58nxo',1513633706928,'verify_email','s6f1jsodxjbm8x13th1i6reqyh'),('398nxhtyo9ydjzdsynd8aw9h9bktbyffeu71zg3z5ji87yp7watjsx47dihghuzm',1513633710016,'verify_email','4regykcf4ifouki1wfbiyb8stw'),('4m5z5p6mq11ei9izyon4iwzjte8qj36y13zirhskn9tbom3mw1wa7fsow15fxcrq',1513633704778,'verify_email','18mkgjuurp819jaaa67hhoyikr'),('5nsbp3jn44zbqm79piozdk91h6mzudomu5sg6agoe55urc4wkyswa3b985xrzr8k',1513633709592,'verify_email','wx5ft3wcbtgiugsypwmwtz691a'),('5xxia7e1k4fiofm79dwqpdmy1tthgfwz4p1ckf1meeccedywd1xbpr5y98acq7kk',1513633705577,'verify_email','uxycdhy41fy4ubaxozoaxergar'),('685fc4t6esjdn75yrwqy17ksq9czgwpzz19opd6g7q8ygzz5jp3famchxbfrqe46',1513633706637,'verify_email','tgiijcm54pbpiek81ac38qhzwh'),('6ctw7i1xpu5b7k16e5bt7m5a983d48g1quph8xstxq6fdp4o8k7jcmng3cghdbim',1513633704012,'verify_email','ge953sbnu7ropjpj9u3khjtm5e'),('7xiwznskynwg7ho5tht3cmogt6n5i4t1mrfmcmam3hr94fc5agg4d4rq3uhma58b',1513633703049,'verify_email','k35cwhf35t8a5cfig6bhdh8zty'),('84qgjsfy1g1xmg15ybryb4rw6ameb5aqsowqemwnexxxn5tggt5oq6sna9g9n18n',1513633704630,'verify_email','xcff6oze33frzfopbhm18874ar'),('8qo71k8cemyghdidr66r38ut73cmrtyadn4g18ke44upypsc4bsbeir36ej6sqke',1513633708671,'verify_email','mzgiaikzs3drdykhk3xbzhumja'),('9hr5qpq69xrd17bh4oj4qgmw1bm1y3y1bewdeiq6mf4sxgxm411jpprrqcqoddte',1513633707746,'verify_email','wgf1kcoqk7bbf841jnnmagi15h'),('9otr9c8o78b8f6pt6u99o13nj9wjumo98uo3n1y6i51b3yworxbxfwuzjktikrkf',1513633708145,'verify_email','sqhg4ci1mtbdjyswyikjhtmrph'),('adnxp4n64siiwdtwk1kknjq1ufsjmgsyzqjgcp1716q89yoc3g7sg4s7ones7djr',1513633708012,'verify_email','khd9m7xss7bctjpfxqko9sujcw'),('bezrhhhuqybdz97kybfy7a6z9f9d75jmh1ennboukgp6o9shdm1bkbs1ca3qbdqy',1513633706785,'verify_email','5rxm7qkem3y8fmsfruo6ajz48c'),('bpzu9dmcnia8sxafkcxirhgj4jqnkzc56qngquf741fn4pz7heogbjgxdeej5cfb',1513633709730,'verify_email','7j3qg5nzffbz9bnenoji3a83ha'),('c7gom3z5ek6sfno9t177gdjzgp1aweoopydapnqn9bos734bckjjgfuczfx8on1h',1513633704179,'verify_email','wagc85qtnj8mmftzbkpdqcpwxo'),('d8yu89hkbn4hz7tgdprsxmssfkybj9upi1wjqx3mfbqskhiageibjjoa898pa1d5',1513633707473,'verify_email','f4ppnmx5eibj5fweiikcezfcrw'),('dy3arnr91158biu94394ut5sbfkt5c5ehhky3zjxqwa4cahw5k6gspb96nfz573r',1513633703688,'verify_email','s6p9yxjk3prtzf5dy6kp8aj55w'),('dydug4pdwocxjy4drrsg3bybbqhhf9ay346zm5mtecjzr1enh3k77j1qzjs74bu8',1513633708539,'verify_email','k9rcst5mhfymdnghuiae6kxtzh'),('endj7uacuzg33s7c9518jwywukb8rgqfgiithh8kxbdmn7x696qr8s78zfxsczi7',1513633708276,'verify_email','dto6rnho378jumfr14w8bqbqeh'),('f8oab1d1ixt8cq6f6n6713ur584skbq57zh9ka5gws5htd61b37bhhao9fjzwcsi',1513633707333,'verify_email','szuruerm67nrfqut3tc4kqkqkh'),('fg58b8dtmdeoabp8sdpop8nhyzr1skspxqr5c945utoh1z86hfdyh5ws6yntow9k',1513633705112,'verify_email','3mdfpg63cigd8ryxjxstt4prrw'),('ikymx4t6ub5a3e1j9x4354kfanyykr5rcsgzfmkayou36hw9kmahz93hrewihhxb',1513633709861,'verify_email','tgh3feoiefgr5qb3u4y4ruxk7o'),('je9k79c6zbxen4zbsyub6bm1ccbacjp4aqgrnp3tj444as6rfstixpw9ou8f3dr5',1513633707880,'verify_email','5ketnsjrgfr88ydf1i6gtcgcro'),('jpwk6q37asprdo9t5hy335hykfrufspsgtjha49fpaikxxiwqas4qrd936u18zti',1513633706020,'verify_email','nh7itdi3wfbdpnkoeewgtrqbjr'),('k1qrpmteph9y9bdc1xs7p6hyj7hmsji9gxdf48xfx6dwidpyqgk6i9o88tg1tx4j',1513633704333,'verify_email','d7iwbi9akiyy8pritwwaqg7qyy'),('k7g8gah1e9kwps17igqbxzmzc97wjhctpj8jabkdmapwh3dwgfuqnps7inwqp7up',1513633705728,'verify_email','867xmq6wcpbuzcpibnjha3n8eo'),('kcc1jqeesum97syrsj7945gn11i16978ucc9gsywe1o7cpxz61tm8fiee88bcckx',1513633705430,'verify_email','o6jmug1fppb1zgzj48b85zc6se'),('m4jsf6fxhd6jm3ienja4tst9ejmud841quzwbr8oqczzzkt5ir9o7n6o38yi1i34',1513633707060,'verify_email','uxk6qatygty5mmxysip6t79i5w'),('m9khtm3q38xts517333g9t97de8s8e1h1zdrqy6zquqm9pcru3g8mgqbrcseh3g7',1513633706172,'verify_email','h9drm8pze3rhfr8yynaoe5kd4a'),('mp3cw7kagrf7zhhiq99pbmsa1bauyrtkhu8ybnegumzhojbccr6spuikxh3jfoxb',1513633708403,'verify_email','e1un6gcpjbn6txpcfpgtuqgbka'),('mq9h4pd3figcni7kai8jabdcxy8eki3ema59mam3d5as4cxpbg4zjutawdieq6id',1513633709066,'verify_email','fjxhag4eq3bzmnb8tjbetkjxbr'),('n5p5r18ppioobhpnxr9zahbru55fsm3ysq1qkjx4dzwu36e9o7nyzmuur9xe9njx',1513633706327,'verify_email','g833cud6k3bc9nce7wgmj7mtpa'),('n6zsxdwopdms7qpurh7rchoekeqcoygh3tkffjmg6k5s9gnoqkt7395mh3ttuzpn',1513633705268,'verify_email','ijh3wp7pcjbyzmmyuf6bc7xxsa'),('o1zsjjj3xuj7oeyfyqwyrpqug8w9hddyn71tf61wcjnow9pf131agbsjijhyw1bt',1513633704483,'verify_email','7ouxha1pwpb3ieecmwiedhymih'),('oukicohakskm7ag6wcorx69ibo6w6hds971wex9js4ghjzhrbyh3g6m79yse418q',1513633709461,'verify_email','yu9psb8yrirndbhixeisuj9ydh'),('oybf98cum4cnax6am78u3zgxqkoum5nkpyrojwq8rmfsr8zkzbo9cqgpwrtmx5pg',1513633706478,'verify_email','3cempqqzcpns8yzz8w9x4iguzc'),('qg1cgsuernih1zrw1mdugo5zo5c8uou99jxgwked4gpjbtpowbw7writt4jp5a5q',1513633703353,'verify_email','za7miy1fdjf5ufp9o5bc7dzywe'),('rjzkt1iecr7t3wjw7t8kt3oaxh1audry1w8xrhdewjz4x5n4z63xfytkw5kfji39',1513633707195,'verify_email','wsu1cqh96fryzpexkfg586n53h'),('sik966yj33n6i4nope8d9zyk56kkt5gpijg6bpyk1iwa9im1i17qn5spuqseshq3',1513633703211,'verify_email','nbns3pdy1pnijmqh3iiiyyq9qr'),('t3o5sf1ctc7145xz4yyx69w3za4mfpb4pkbxizq3n5ntgk5n3fo7ocee7k7mq5z1',1513633707607,'verify_email','9ja9qsyibigkjfuwb7ot5w5cey'),('tspew5qeuqwpffspgssnqzrp8kgefwjxadn855yawsrtxheudm6h9q38a8psehgz',1513633703518,'verify_email','yk1akm3i57d4uxr7a1gwo7ug1r'),('ug5tixz5cen7n4fxzis495d4ukwbp4wnwuggu5swp398ixxjo89g6gcrehfh7rzx',1513633708802,'verify_email','fbyz17531bynfq66somfhuuofr'),('uqo4zqszkjgkwtxa3rs91umqdyynjwfcfp3wtooazh46pq4naeh4kfhhi16kuj4a',1513633709201,'verify_email','c81kr6q4epdp8y78dphxgtfy8a'),('uzfkp4gp5czeudoezj16r7q1ndu7qijkdxoxhf9bgogyb5zhuyamzbf1a6hp6ncp',1513633708932,'verify_email','31rru4f7opfdiji5hioxk59obw'),('w1kjuhbiigdnybf9b56gpcygxb5ec97m6nj5dm6miag1znh49q9trnpxhwsah8hk',1513633666704,'verify_email','wjmu6z8dnjru7fdqs4npg4q6mw'),('wo89oc3e1tj97jfwt3s1hrc1ysdpgn5pj8w4xyrefbcba387mbxdm38dsyyphhqp',1513633705875,'verify_email','btqmoens1tbs3xirhmuzmde93h'),('wsjm681r7xgyqybba3oadjwnsquzyqzbtr9j957pgbpggi3e461qk44ygg7id5m5',1513633703854,'verify_email','kuxdxrapa7redcmgh4d4xj8pew'),('ztm13x6p89xn4e7fptsm4h9jzw5exfrtsd1i9wp161kw97c688kwtzapxic5psqp',1513633709331,'verify_email','cejpxaryz3yi8p4b79hop4bsoh');
/*!40000 ALTER TABLE `Tokens` ENABLE KEYS */;
UNLOCK TABLES;

--
-- Table structure for table `UserAccessTokens`
--

DROP TABLE IF EXISTS `UserAccessTokens`;
/*!40101 SET @saved_cs_client     = @@character_set_client */;
/*!40101 SET character_set_client = utf8 */;
CREATE TABLE `UserAccessTokens` (
  `Id` varchar(26) NOT NULL,
  `Token` varchar(26) DEFAULT NULL,
  `UserId` varchar(26) DEFAULT NULL,
  `Description` text,
  `IsActive` tinyint(1) DEFAULT NULL,
  PRIMARY KEY (`Id`),
  UNIQUE KEY `Token` (`Token`),
  KEY `idx_user_access_tokens_token` (`Token`),
  KEY `idx_user_access_tokens_user_id` (`UserId`)
) ENGINE=InnoDB DEFAULT CHARSET=utf8mb4;
/*!40101 SET character_set_client = @saved_cs_client */;

--
-- Dumping data for table `UserAccessTokens`
--

LOCK TABLES `UserAccessTokens` WRITE;
/*!40000 ALTER TABLE `UserAccessTokens` DISABLE KEYS */;
/*!40000 ALTER TABLE `UserAccessTokens` ENABLE KEYS */;
UNLOCK TABLES;

--
-- Table structure for table `Users`
--

DROP TABLE IF EXISTS `Users`;
/*!40101 SET @saved_cs_client     = @@character_set_client */;
/*!40101 SET character_set_client = utf8 */;
CREATE TABLE `Users` (
  `Id` varchar(26) NOT NULL,
  `CreateAt` bigint(20) DEFAULT NULL,
  `UpdateAt` bigint(20) DEFAULT NULL,
  `DeleteAt` bigint(20) DEFAULT NULL,
  `Username` varchar(64) DEFAULT NULL,
  `Password` varchar(128) DEFAULT NULL,
  `AuthData` varchar(128) DEFAULT NULL,
  `AuthService` varchar(32) DEFAULT NULL,
  `Email` varchar(128) DEFAULT NULL,
  `EmailVerified` tinyint(1) DEFAULT NULL,
  `Nickname` varchar(64) DEFAULT NULL,
  `FirstName` varchar(64) DEFAULT NULL,
  `LastName` varchar(64) DEFAULT NULL,
  `Position` varchar(64) DEFAULT NULL,
  `Roles` text,
  `AllowMarketing` tinyint(1) DEFAULT NULL,
  `Props` text,
  `NotifyProps` text,
  `LastPasswordUpdate` bigint(20) DEFAULT NULL,
  `LastPictureUpdate` bigint(20) DEFAULT NULL,
  `FailedAttempts` int(11) DEFAULT NULL,
  `Locale` varchar(5) DEFAULT NULL,
  `MfaActive` tinyint(1) DEFAULT NULL,
  `MfaSecret` varchar(128) DEFAULT NULL,
  PRIMARY KEY (`Id`),
  UNIQUE KEY `Username` (`Username`),
  UNIQUE KEY `AuthData` (`AuthData`),
  UNIQUE KEY `Email` (`Email`),
  KEY `idx_users_email` (`Email`),
  KEY `idx_users_update_at` (`UpdateAt`),
  KEY `idx_users_create_at` (`CreateAt`),
  KEY `idx_users_delete_at` (`DeleteAt`),
  FULLTEXT KEY `idx_users_all_txt` (`Username`,`FirstName`,`LastName`,`Nickname`,`Email`),
  FULLTEXT KEY `idx_users_all_no_full_name_txt` (`Username`,`Nickname`,`Email`),
  FULLTEXT KEY `idx_users_names_txt` (`Username`,`FirstName`,`LastName`,`Nickname`),
  FULLTEXT KEY `idx_users_names_no_full_name_txt` (`Username`,`Nickname`)
) ENGINE=InnoDB DEFAULT CHARSET=utf8mb4;
/*!40101 SET character_set_client = @saved_cs_client */;

--
-- Dumping data for table `Users`
--

LOCK TABLES `Users` WRITE;
/*!40000 ALTER TABLE `Users` DISABLE KEYS */;
INSERT INTO `Users` VALUES ('18mkgjuurp819jaaa67hhoyikr',1513633704645,1513633704735,0,'1h5yp11sxpf7ug6x38wno8gcwa','$2a$10$qW9kq8TV4I2p86Lesuymh.tLpfanoZCyTK5TBdZLs6T..kPwiEzH2',NULL,'','success+49iigb9uojbdbdymjfok1rqr3e@simulator.amazonses.com',1,'keruvccrryso','','','','system_user',0,'{}','{\"channel\":\"true\",\"desktop\":\"all\",\"desktop_sound\":\"true\",\"email\":\"true\",\"first_name\":\"false\",\"mention_keys\":\"1h5yp11sxpf7ug6x38wno8gcwa,@1h5yp11sxpf7ug6x38wno8gcwa\",\"push\":\"mention\"}',1513633704645,0,0,'en',0,''),('31rru4f7opfdiji5hioxk59obw',1513633708815,1513633708895,0,'ot3bdw4h67ru5j9mijzf4znuac','$2a$10$tJ8ePGSipOWKX0f.xgGPC.nHV4YDUOqDifQ0NOJh7p7S3ODJDWiVe',NULL,'','success+bkypypy53jrdjj7wj38hq4faie@simulator.amazonses.com',1,'gkonvfjtoxnso','','','','system_user',0,'{}','{\"channel\":\"true\",\"desktop\":\"all\",\"desktop_sound\":\"true\",\"email\":\"true\",\"first_name\":\"false\",\"mention_keys\":\"ot3bdw4h67ru5j9mijzf4znuac,@ot3bdw4h67ru5j9mijzf4znuac\",\"push\":\"mention\"}',1513633708815,0,0,'en',0,''),('3cempqqzcpns8yzz8w9x4iguzc',1513633706343,1513633706431,0,'r33b7tate3nffjokzfin6b4qpa','$2a$10$pxfNSa6O9RaFcAEt2Elgq.sbgEA85SL4vRHJRVHm7/x23lDcRvsIK',NULL,'','success+dmtzub9s7pfpug7mbke7ynmtxe@simulator.amazonses.com',1,'yeriksvfcaovjmh','','','','system_user',0,'{}','{\"channel\":\"true\",\"desktop\":\"all\",\"desktop_sound\":\"true\",\"email\":\"true\",\"first_name\":\"false\",\"mention_keys\":\"r33b7tate3nffjokzfin6b4qpa,@r33b7tate3nffjokzfin6b4qpa\",\"push\":\"mention\"}',1513633706343,0,0,'en',0,''),('3mdfpg63cigd8ryxjxstt4prrw',1513633704959,1513633705048,0,'3cr9qzfsxbdymgawdwhoc6maia','$2a$10$SweFD8pYt5hj5r0M2jVz9uvhGX4jvx95CGDxZb2xie8Aj5AgrQ91.',NULL,'','success+5bj6ucbjjffafp1ex9awp9egsy@simulator.amazonses.com',1,'rnidvucmaqbcfqlwyw','','','','system_user',0,'{}','{\"channel\":\"true\",\"desktop\":\"all\",\"desktop_sound\":\"true\",\"email\":\"true\",\"first_name\":\"false\",\"mention_keys\":\"3cr9qzfsxbdymgawdwhoc6maia,@3cr9qzfsxbdymgawdwhoc6maia\",\"push\":\"mention\"}',1513633704959,0,0,'en',0,''),('4regykcf4ifouki1wfbiyb8stw',1513633709886,1513633709968,0,'yegwhoeg57nozpcgr3ffm8yaar','$2a$10$mN6ZIL6VIOSrzg7dfb1ZN.7piYSRpE2yxFcGui4lD0C6QlWnNmQRa',NULL,'','success+zha8edmkwib1dbqe8484ca1usr@simulator.amazonses.com',1,'frprhncmcwnuxzv','','','','system_user',0,'{}','{\"channel\":\"true\",\"desktop\":\"all\",\"desktop_sound\":\"true\",\"email\":\"true\",\"first_name\":\"false\",\"mention_keys\":\"yegwhoeg57nozpcgr3ffm8yaar,@yegwhoeg57nozpcgr3ffm8yaar\",\"push\":\"mention\"}',1513633709886,0,0,'en',0,''),('5ketnsjrgfr88ydf1i6gtcgcro',1513633707760,1513633707842,0,'k9qfuunqx3fjddaz9p4kip6fmy','$2a$10$hrk7Tm25NxB5MHFGaKpdFujdk.HAWV1FRqqZYh6hgttxPiCZoGma.',NULL,'','success+jgorqruiqtghpp3xrn8k9espry@simulator.amazonses.com',1,'ouqonpck','','','','system_user',0,'{}','{\"channel\":\"true\",\"desktop\":\"all\",\"desktop_sound\":\"true\",\"email\":\"true\",\"first_name\":\"false\",\"mention_keys\":\"k9qfuunqx3fjddaz9p4kip6fmy,@k9qfuunqx3fjddaz9p4kip6fmy\",\"push\":\"mention\"}',1513633707760,0,0,'en',0,''),('5rxm7qkem3y8fmsfruo6ajz48c',1513633706651,1513633706735,0,'xp1zkqufsb8fmpobw8tbd76s4r','$2a$10$/PDCgjMfYkPgf/pV7kUPtuTUmwdImvsunwF3Mhhd48kJxEQrOVvcS',NULL,'','success+8zqzcdrm47nutyqx17sfmgdp7e@simulator.amazonses.com',1,'beboixjbngg','','','','system_user',0,'{}','{\"channel\":\"true\",\"desktop\":\"all\",\"desktop_sound\":\"true\",\"email\":\"true\",\"first_name\":\"false\",\"mention_keys\":\"xp1zkqufsb8fmpobw8tbd76s4r,@xp1zkqufsb8fmpobw8tbd76s4r\",\"push\":\"mention\"}',1513633706651,0,0,'en',0,''),('7j3qg5nzffbz9bnenoji3a83ha',1513633709610,1513633709692,0,'1t859kwgxfyotkksq93tgnhzro','$2a$10$QTWZz/NPv3F8DzE5C7xrrOT8WEsHCI/G2QI2Ljyke3f5LuVKj0pGq',NULL,'','success+8deicfpj4j8spcpss35g96a34r@simulator.amazonses.com',1,'tzwsnhvtsrxn','','','','system_user',0,'{}','{\"channel\":\"true\",\"desktop\":\"all\",\"desktop_sound\":\"true\",\"email\":\"true\",\"first_name\":\"false\",\"mention_keys\":\"1t859kwgxfyotkksq93tgnhzro,@1t859kwgxfyotkksq93tgnhzro\",\"push\":\"mention\"}',1513633709610,0,0,'en',0,''),('7ouxha1pwpb3ieecmwiedhymih',1513633704349,1513633704437,0,'mekkaboo3by6jmxezcq7o5zcge','$2a$10$zBHNuX08SUfx0iEXmqYVA.NcC0oORWsU984Yn9tpDcPrvjYsAbHXO',NULL,'','success+poxed1ef77dyixou76jwcyxmnw@simulator.amazonses.com',1,'gvzoaznpaiaizow','','','','system_user',0,'{}','{\"channel\":\"true\",\"desktop\":\"all\",\"desktop_sound\":\"true\",\"email\":\"true\",\"first_name\":\"false\",\"mention_keys\":\"mekkaboo3by6jmxezcq7o5zcge,@mekkaboo3by6jmxezcq7o5zcge\",\"push\":\"mention\"}',1513633704349,0,0,'en',0,''),('867xmq6wcpbuzcpibnjha3n8eo',1513633705598,1513633705684,0,'pxds6314178s7c6b3jdccpypgr','$2a$10$I4Mq7fAwde/Yp5Sl.1R77.JERtx9ik8dUoLYAParFBdNhmoX7/Owi',NULL,'','success+s8us7ea3f7n99gd8b994hgkiyh@simulator.amazonses.com',1,'uhchjtywyasgv','','','','system_user',0,'{}','{\"channel\":\"true\",\"desktop\":\"all\",\"desktop_sound\":\"true\",\"email\":\"true\",\"first_name\":\"false\",\"mention_keys\":\"pxds6314178s7c6b3jdccpypgr,@pxds6314178s7c6b3jdccpypgr\",\"push\":\"mention\"}',1513633705598,0,0,'en',0,''),('8z7esgm6xpdwdxo1ntk3saah6y',1513633704794,1513633704882,0,'ux1hg4tghibr7pqcnms7j6dkhc','$2a$10$x1YBjh6g6wpUsBme5wQuUu0WoLYJ4Aw0/2bojNkJBpGhCpto3QHJa',NULL,'','success+ej3a6kwwcj8siyq81yi9kc3nrr@simulator.amazonses.com',1,'dgggkwfbbxf','','','','system_user',0,'{}','{\"channel\":\"true\",\"desktop\":\"all\",\"desktop_sound\":\"true\",\"email\":\"true\",\"first_name\":\"false\",\"mention_keys\":\"ux1hg4tghibr7pqcnms7j6dkhc,@ux1hg4tghibr7pqcnms7j6dkhc\",\"push\":\"mention\"}',1513633704794,0,0,'en',0,''),('9ja9qsyibigkjfuwb7ot5w5cey',1513633707486,1513633707569,0,'znznz11f1tgh8knr7uhuapwbxe','$2a$10$Rzo94/YIr73stpnc7i/Ire3HJbTh/BPyzMijg9dPU4xQ6j4FPCoEy',NULL,'','success+fm89ifbwptyzifa9bse1suntpa@simulator.amazonses.com',1,'jonfalykakvtsucgf','','','','system_user',0,'{}','{\"channel\":\"true\",\"desktop\":\"all\",\"desktop_sound\":\"true\",\"email\":\"true\",\"first_name\":\"false\",\"mention_keys\":\"znznz11f1tgh8knr7uhuapwbxe,@znznz11f1tgh8knr7uhuapwbxe\",\"push\":\"mention\"}',1513633707486,0,0,'en',0,''),('btqmoens1tbs3xirhmuzmde93h',1513633705742,1513633705830,0,'f8dsorjurfdqmg5j9gpjpn64ar','$2a$10$7kKuF4eHVZmhgG1mxu5cEuWvH.KJ99Uju9E3S/B69lsXF0kHsWH9W',NULL,'','success+umnjsia8ribzix4xuhgcirjdbo@simulator.amazonses.com',1,'euyysbdzbpddrqppfzvn','','','','system_user',0,'{}','{\"channel\":\"true\",\"desktop\":\"all\",\"desktop_sound\":\"true\",\"email\":\"true\",\"first_name\":\"false\",\"mention_keys\":\"f8dsorjurfdqmg5j9gpjpn64ar,@f8dsorjurfdqmg5j9gpjpn64ar\",\"push\":\"mention\"}',1513633705742,0,0,'en',0,''),('c81kr6q4epdp8y78dphxgtfy8a',1513633709081,1513633709164,0,'q57o5zcsotgrfkn3qgcmbu4fic','$2a$10$Orzs7shRgY43JNndEct1wumeHyQtj93pPx0ULI/7TVYv8LYXnZrNG',NULL,'','success+ao4eet7gub849p1s9chg31pyow@simulator.amazonses.com',1,'wdmbmywxwu','','','','system_user',0,'{}','{\"channel\":\"true\",\"desktop\":\"all\",\"desktop_sound\":\"true\",\"email\":\"true\",\"first_name\":\"false\",\"mention_keys\":\"q57o5zcsotgrfkn3qgcmbu4fic,@q57o5zcsotgrfkn3qgcmbu4fic\",\"push\":\"mention\"}',1513633709081,0,0,'en',0,''),('cejpxaryz3yi8p4b79hop4bsoh',1513633709214,1513633709294,0,'jxb6o9mapfbhfdq1camoee59qa','$2a$10$V6CT9Wqgmr3zrEfAUvpSnOge2QyfmXCvYVMn.n8Zgpt4a.FEbE0Ha',NULL,'','success+yqona6p9jiyq8gtifjsbgqpq3w@simulator.amazonses.com',1,'orogyjikovntbw','','','','system_user',0,'{}','{\"channel\":\"true\",\"desktop\":\"all\",\"desktop_sound\":\"true\",\"email\":\"true\",\"first_name\":\"false\",\"mention_keys\":\"jxb6o9mapfbhfdq1camoee59qa,@jxb6o9mapfbhfdq1camoee59qa\",\"push\":\"mention\"}',1513633709214,0,0,'en',0,''),('d7iwbi9akiyy8pritwwaqg7qyy',1513633704201,1513633704290,0,'x7w9xdj91pdk5myjc1ybgpnpmc','$2a$10$/11GKuNlVbyoDH2obWfZ4eTZcOIs/EH08dj8T3S/H8cRyQNZmCwbG',NULL,'','success+aqbsmjm9jbfqi8gxbkguhqdzmw@simulator.amazonses.com',1,'rojdof','','','','system_user',0,'{}','{\"channel\":\"true\",\"desktop\":\"all\",\"desktop_sound\":\"true\",\"email\":\"true\",\"first_name\":\"false\",\"mention_keys\":\"x7w9xdj91pdk5myjc1ybgpnpmc,@x7w9xdj91pdk5myjc1ybgpnpmc\",\"push\":\"mention\"}',1513633704201,0,0,'en',0,''),('dto6rnho378jumfr14w8bqbqeh',1513633708159,1513633708241,0,'i8a36ybrnjbd88u96kik8x9syc','$2a$10$8msiKY0h5/GVc4ljp5TdLuG.BjjKbVj3lmH4E6PWHz3Na8k2bA2PG',NULL,'','success+5pcwc39catnpfxdyd488j5zm3o@simulator.amazonses.com',1,'nafbtwqbl','','','','system_user',0,'{}','{\"channel\":\"true\",\"desktop\":\"all\",\"desktop_sound\":\"true\",\"email\":\"true\",\"first_name\":\"false\",\"mention_keys\":\"i8a36ybrnjbd88u96kik8x9syc,@i8a36ybrnjbd88u96kik8x9syc\",\"push\":\"mention\"}',1513633708159,0,0,'en',0,''),('e1un6gcpjbn6txpcfpgtuqgbka',1513633708288,1513633708368,0,'4w7ggcu3oifjxeiborduesrfnr','$2a$10$l5.dlsSocvRY/KVWtMXaOe4bl.Q2E3.Zlm2XlSe.ltEWCOtSCNRMK',NULL,'','success+pz6y7db1x3grmyq6wrnx8mgbuo@simulator.amazonses.com',1,'yvidabcvluqapudlkz','','','','system_user',0,'{}','{\"channel\":\"true\",\"desktop\":\"all\",\"desktop_sound\":\"true\",\"email\":\"true\",\"first_name\":\"false\",\"mention_keys\":\"4w7ggcu3oifjxeiborduesrfnr,@4w7ggcu3oifjxeiborduesrfnr\",\"push\":\"mention\"}',1513633708288,0,0,'en',0,''),('f4ppnmx5eibj5fweiikcezfcrw',1513633707349,1513633707435,0,'8o5ruyenm7b5bf9pjcdfxm7wdo','$2a$10$LGm5Kj9WCNBOwK/nE9K0kenNt7EdingdiUTm89e5VLssgpbwuaccG',NULL,'','success+uepu51e1uibobk5bhgcstsshzh@simulator.amazonses.com',1,'sqoztq','','','','system_user',0,'{}','{\"channel\":\"true\",\"desktop\":\"all\",\"desktop_sound\":\"true\",\"email\":\"true\",\"first_name\":\"false\",\"mention_keys\":\"8o5ruyenm7b5bf9pjcdfxm7wdo,@8o5ruyenm7b5bf9pjcdfxm7wdo\",\"push\":\"mention\"}',1513633707349,0,0,'en',0,''),('fbyz17531bynfq66somfhuuofr',1513633708684,1513633708764,0,'f5x7mg55x7yd7r4q171iy1w8oy','$2a$10$UL4.qDoAhyacRL1F2wguuO/J7oVp2zLwt6PiJXzD3UqbAy0QQ5wGG',NULL,'','success+me3apef1uif4ixokx7yeq3a6jh@simulator.amazonses.com',1,'pealhkqkeybirdscxck','','','','system_user',0,'{}','{\"channel\":\"true\",\"desktop\":\"all\",\"desktop_sound\":\"true\",\"email\":\"true\",\"first_name\":\"false\",\"mention_keys\":\"f5x7mg55x7yd7r4q171iy1w8oy,@f5x7mg55x7yd7r4q171iy1w8oy\",\"push\":\"mention\"}',1513633708684,0,0,'en',0,''),('fjxhag4eq3bzmnb8tjbetkjxbr',1513633708944,1513633709025,0,'4pxeae1d7tgs9fprnz1e8jcbgr','$2a$10$DKP9t4K5dqBxYn12XaePH.FXnBWT7zPmYDffevLZiCGxnU3klvk/6',NULL,'','success+mxfkyp9a13gdbkmq7g5crrqrto@simulator.amazonses.com',1,'koknqjw','','','','system_user',0,'{}','{\"channel\":\"true\",\"desktop\":\"all\",\"desktop_sound\":\"true\",\"email\":\"true\",\"first_name\":\"false\",\"mention_keys\":\"4pxeae1d7tgs9fprnz1e8jcbgr,@4pxeae1d7tgs9fprnz1e8jcbgr\",\"push\":\"mention\"}',1513633708944,0,0,'en',0,''),('g833cud6k3bc9nce7wgmj7mtpa',1513633706188,1513633706286,0,'fh5uzws9uigbup5pp51eddkmhr','$2a$10$nNFzZS7Sd1P11MBpFHdZAucYwH7HDwyfAxnuWbKqQ3Hn0HiuQ5RIS',NULL,'','success+fh4ypwemfprt5rdc337o3kxb5a@simulator.amazonses.com',1,'cgetpfdovgy','','','','system_user',0,'{}','{\"channel\":\"true\",\"desktop\":\"all\",\"desktop_sound\":\"true\",\"email\":\"true\",\"first_name\":\"false\",\"mention_keys\":\"fh5uzws9uigbup5pp51eddkmhr,@fh5uzws9uigbup5pp51eddkmhr\",\"push\":\"mention\"}',1513633706188,0,0,'en',0,''),('ge953sbnu7ropjpj9u3khjtm5e',1513633703876,1513633703965,0,'ckgc49rjajyxmjhuzy3t158pze','$2a$10$5WNX8dCT21qshBHz4UBC0.sYyoVJyrA.bk7EEYgvTsFgpXBGZuhYe',NULL,'','success+nzubnb76zbnyumr6xfma3comrh@simulator.amazonses.com',1,'hihxshodeeasuksd','','','','system_user',0,'{}','{\"channel\":\"true\",\"desktop\":\"all\",\"desktop_sound\":\"true\",\"email\":\"true\",\"first_name\":\"false\",\"mention_keys\":\"ckgc49rjajyxmjhuzy3t158pze,@ckgc49rjajyxmjhuzy3t158pze\",\"push\":\"mention\"}',1513633703876,0,0,'en',0,''),('h9drm8pze3rhfr8yynaoe5kd4a',1513633706038,1513633706125,0,'ic8kdq9gspyqjqmx6sb3tyh4jy','$2a$10$Q2sBnGKIejW4ThB2t.CczeRDSUwlNbjRw7VpXpqAowt6sOXv3.J4O',NULL,'','success+cmo96e7uytytjr3a4ckg47k44r@simulator.amazonses.com',1,'stezptnigdlfazyw','','','','system_user',0,'{}','{\"channel\":\"true\",\"desktop\":\"all\",\"desktop_sound\":\"true\",\"email\":\"true\",\"first_name\":\"false\",\"mention_keys\":\"ic8kdq9gspyqjqmx6sb3tyh4jy,@ic8kdq9gspyqjqmx6sb3tyh4jy\",\"push\":\"mention\"}',1513633706038,0,0,'en',0,''),('hth9yraurbysxdjy4s6c6rgiaa',1513633710031,1513633710031,0,'3grr7q1gotdczmjdajx4jtmzfh','$2a$10$lBpY/tH.CC3lB0H41r/hbeikxutQTL5.Sf0stUGGA61GbXzGtgdnu',NULL,'','success+8ytm3acix3ge7gbepsrnfftjnw@simulator.amazonses.com',0,'euvfleybfv','','','','system_user',0,'{}','{\"channel\":\"true\",\"desktop\":\"all\",\"desktop_sound\":\"true\",\"email\":\"true\",\"first_name\":\"false\",\"mention_keys\":\"3grr7q1gotdczmjdajx4jtmzfh,@3grr7q1gotdczmjdajx4jtmzfh\",\"push\":\"mention\"}',1513633710031,0,0,'en',0,''),('ijh3wp7pcjbyzmmyuf6bc7xxsa',1513633705126,1513633705215,0,'pt8z4kk3mpbzxby49db6bypp4r','$2a$10$3nzSf6REAYz3PkBoJVUXHerZu4uY7jWF/zIQecnUjXlnNJ0wQ7d2y',NULL,'','success+hrytghhgbjfgjrnti49phxecsa@simulator.amazonses.com',1,'mwuyhyuqixgehohiv','','','','system_user',0,'{}','{\"channel\":\"true\",\"desktop\":\"all\",\"desktop_sound\":\"true\",\"email\":\"true\",\"first_name\":\"false\",\"mention_keys\":\"pt8z4kk3mpbzxby49db6bypp4r,@pt8z4kk3mpbzxby49db6bypp4r\",\"push\":\"mention\"}',1513633705126,0,0,'en',0,''),('k35cwhf35t8a5cfig6bhdh8zty',1513633702924,1513633703009,0,'rct4g8sw13yqbfwuisq959thse','$2a$10$HmTGJyzgLEtA0Vm47h95a.X7IJ2Z5OFMZvJ9jCsVNMcCGtQFBpJzS',NULL,'','success+caf8eq44j3g8mcch4i7gomtmxw@simulator.amazonses.com',1,'eimyrvttlkthdi','','','','system_user',0,'{}','{\"channel\":\"true\",\"desktop\":\"all\",\"desktop_sound\":\"true\",\"email\":\"true\",\"first_name\":\"false\",\"mention_keys\":\"rct4g8sw13yqbfwuisq959thse,@rct4g8sw13yqbfwuisq959thse\",\"push\":\"mention\"}',1513633702924,0,0,'en',0,''),('k9rcst5mhfymdnghuiae6kxtzh',1513633708417,1513633708501,0,'8wbjwqyijpbuiq1jzzm5ucb35w','$2a$10$y98Rx5ln2fWUHrG7a6VTgOSS.nK5SFuAvLPU3lMo6o0C.W3dV7dby',NULL,'','success+f44ipg5bhiyc8xb96xxqm37iha@simulator.amazonses.com',1,'fwutxt','','','','system_user',0,'{}','{\"channel\":\"true\",\"desktop\":\"all\",\"desktop_sound\":\"true\",\"email\":\"true\",\"first_name\":\"false\",\"mention_keys\":\"8wbjwqyijpbuiq1jzzm5ucb35w,@8wbjwqyijpbuiq1jzzm5ucb35w\",\"push\":\"mention\"}',1513633708417,0,0,'en',0,''),('khd9m7xss7bctjpfxqko9sujcw',1513633707892,1513633707974,0,'j5fayu9zi7g5pcrrhzsfrxrrny','$2a$10$1treGOjzw2fsHTBZlLE.Me7QZcRCaOYNpqnau5g/uJP9RksjGb0JO',NULL,'','success+785ebmmx1tbnpb8aid9eoghkwc@simulator.amazonses.com',1,'jphpchkl','','','','system_user',0,'{}','{\"channel\":\"true\",\"desktop\":\"all\",\"desktop_sound\":\"true\",\"email\":\"true\",\"first_name\":\"false\",\"mention_keys\":\"j5fayu9zi7g5pcrrhzsfrxrrny,@j5fayu9zi7g5pcrrhzsfrxrrny\",\"push\":\"mention\"}',1513633707892,0,0,'en',0,''),('kuxdxrapa7redcmgh4d4xj8pew',1513633703711,1513633703805,0,'uuz8joayyj8y7c6t3ngy5i9qzw','$2a$10$urOhAAveN19vuqfFFqxeqO11V.tunXBzqqH9Q0ido26Bv4/XTTDUi',NULL,'','success+wcyyk1bcob8t7x6b3h39fu3zzr@simulator.amazonses.com',1,'ttjtj','','','','system_user',0,'{}','{\"channel\":\"true\",\"desktop\":\"all\",\"desktop_sound\":\"true\",\"email\":\"true\",\"first_name\":\"false\",\"mention_keys\":\"uuz8joayyj8y7c6t3ngy5i9qzw,@uuz8joayyj8y7c6t3ngy5i9qzw\",\"push\":\"mention\"}',1513633703711,0,0,'en',0,''),('mzgiaikzs3drdykhk3xbzhumja',1513633708553,1513633708634,0,'azqzspqxcproikagcee6hcs3ua','$2a$10$RbMass1Nnb5zXGJX7z5ADesKj6fCT.kMr9uZc/vUJcnhzJKBPA97e',NULL,'','success+qzmbzcdw3td3ffsxdrd5z911ye@simulator.amazonses.com',1,'kdggcl','','','','system_user',0,'{}','{\"channel\":\"true\",\"desktop\":\"all\",\"desktop_sound\":\"true\",\"email\":\"true\",\"first_name\":\"false\",\"mention_keys\":\"azqzspqxcproikagcee6hcs3ua,@azqzspqxcproikagcee6hcs3ua\",\"push\":\"mention\"}',1513633708553,0,0,'en',0,''),('nbns3pdy1pnijmqh3iiiyyq9qr',1513633703083,1513633703171,0,'sb9t1t7gxfd4mjx53c6wcw77ya','$2a$10$851NOD0KRpPZsTS7SaJcoeiyJLKjvpCghNllyXVq.yLR8RLLjJNvi',NULL,'','success+7tmfbxf887gmiqx9qwszxabchh@simulator.amazonses.com',1,'rglpgssozlvyetwr','','','','system_user',0,'{}','{\"channel\":\"true\",\"desktop\":\"all\",\"desktop_sound\":\"true\",\"email\":\"true\",\"first_name\":\"false\",\"mention_keys\":\"sb9t1t7gxfd4mjx53c6wcw77ya,@sb9t1t7gxfd4mjx53c6wcw77ya\",\"push\":\"mention\"}',1513633703083,0,0,'en',0,''),('nh7itdi3wfbdpnkoeewgtrqbjr',1513633705889,1513633705977,0,'4srt4ahrzfbsjg5nafjmjtcboh','$2a$10$QzGWtw8JImGCdxSSc4tUcOn6QVxJG5Iz6AlcskQvfFdfGJRrT8a36',NULL,'','success+bgx7u6xwk3n5zqj5u6on59nbqo@simulator.amazonses.com',1,'yatgbikxip','','','','system_user',0,'{}','{\"channel\":\"true\",\"desktop\":\"all\",\"desktop_sound\":\"true\",\"email\":\"true\",\"first_name\":\"false\",\"mention_keys\":\"4srt4ahrzfbsjg5nafjmjtcboh,@4srt4ahrzfbsjg5nafjmjtcboh\",\"push\":\"mention\"}',1513633705889,0,0,'en',0,''),('o6jmug1fppb1zgzj48b85zc6se',1513633705290,1513633705377,0,'nh6xcp3q3idy7chgub7t3xhj9h','$2a$10$j79tPCYa2qeGdcOlDwu9s.ZF425kTvEPLjklOqir5PTcEMxNZyW9G',NULL,'','success+8n873mdkeprapfcto3p1ap17fa@simulator.amazonses.com',1,'qpumipxiowsgpalblw','','','','system_user',0,'{}','{\"channel\":\"true\",\"desktop\":\"all\",\"desktop_sound\":\"true\",\"email\":\"true\",\"first_name\":\"false\",\"mention_keys\":\"nh6xcp3q3idy7chgub7t3xhj9h,@nh6xcp3q3idy7chgub7t3xhj9h\",\"push\":\"mention\"}',1513633705290,0,0,'en',0,''),('s6f1jsodxjbm8x13th1i6reqyh',1513633706805,1513633706891,0,'3wtpsphg4tb198dtcqn84xiqmh','$2a$10$KW9kIGsM/MS4.EY6sYgRQOoO4FQG9ZEByLFHb46D0leeKSWjMmELG',NULL,'','success+5ouhiib5utrnufoq86ip8b5j5w@simulator.amazonses.com',1,'crcxyhhyslbpgi','','','','system_user',0,'{}','{\"channel\":\"true\",\"desktop\":\"all\",\"desktop_sound\":\"true\",\"email\":\"true\",\"first_name\":\"false\",\"mention_keys\":\"3wtpsphg4tb198dtcqn84xiqmh,@3wtpsphg4tb198dtcqn84xiqmh\",\"push\":\"mention\"}',1513633706805,0,0,'en',0,''),('s6p9yxjk3prtzf5dy6kp8aj55w',1513633703543,1513633703635,0,'n5kfjujjefy4uraw3w7qwgckfy','$2a$10$nFPQN8dPpAmGvazhiGWEdO8dYjMfwhWP522OkpHfwv6vxgWZ476BO',NULL,'','success+nczh3y3pifr3xjd4au7qh6e3ta@simulator.amazonses.com',1,'hchbxfjoayjmqvwp','','','','system_user',0,'{}','{\"channel\":\"true\",\"desktop\":\"all\",\"desktop_sound\":\"true\",\"email\":\"true\",\"first_name\":\"false\",\"mention_keys\":\"n5kfjujjefy4uraw3w7qwgckfy,@n5kfjujjefy4uraw3w7qwgckfy\",\"push\":\"mention\"}',1513633703543,0,0,'en',0,''),('sqhg4ci1mtbdjyswyikjhtmrph',1513633708026,1513633708108,0,'w95x7skwr78xxgmbkzdgn7mdfo','$2a$10$1jGVqfDF6QJMYjlbzL3zjOj4Ok44.cYgoh92sA0Y.r0H6nJ.xsvQS',NULL,'','success+4yt4q54ti7ridy4zx9toqumyay@simulator.amazonses.com',1,'gmwoojx','','','','system_user',0,'{}','{\"channel\":\"true\",\"desktop\":\"all\",\"desktop_sound\":\"true\",\"email\":\"true\",\"first_name\":\"false\",\"mention_keys\":\"w95x7skwr78xxgmbkzdgn7mdfo,@w95x7skwr78xxgmbkzdgn7mdfo\",\"push\":\"mention\"}',1513633708026,0,0,'en',0,''),('szuruerm67nrfqut3tc4kqkqkh',1513633707209,1513633707294,0,'4o5a94nfzp8xicqcch6b97obsr','$2a$10$mtdXx5HsvlDLLWsw69fuROMVBNw2yRKR5iLGUHSh9I9E5cgjZ4D6C',NULL,'','success+1cqat7xoy3ym7qmyuq41puyoqo@simulator.amazonses.com',1,'dwwkulkctlmuhsrztzar','','','','system_user',0,'{}','{\"channel\":\"true\",\"desktop\":\"all\",\"desktop_sound\":\"true\",\"email\":\"true\",\"first_name\":\"false\",\"mention_keys\":\"4o5a94nfzp8xicqcch6b97obsr,@4o5a94nfzp8xicqcch6b97obsr\",\"push\":\"mention\"}',1513633707209,0,0,'en',0,''),('tgh3feoiefgr5qb3u4y4ruxk7o',1513633709743,1513633709824,0,'anynjgqrgpg67xdqtg76rq7rro','$2a$10$p7SSebbjkkznQyAMhLW2ZObk/5Eg.UO98hVlyKbbq2xWbmspfHKwm',NULL,'','success+eznhjaspbfy7dkz95z5wk371ie@simulator.amazonses.com',1,'bgdbzn','','','','system_user',0,'{}','{\"channel\":\"true\",\"desktop\":\"all\",\"desktop_sound\":\"true\",\"email\":\"true\",\"first_name\":\"false\",\"mention_keys\":\"anynjgqrgpg67xdqtg76rq7rro,@anynjgqrgpg67xdqtg76rq7rro\",\"push\":\"mention\"}',1513633709743,0,0,'en',0,''),('tgiijcm54pbpiek81ac38qhzwh',1513633706496,1513633706592,0,'tqcqmti8638adebyxagdegf77w','$2a$10$V/DGR7tyms0AbezA6E0hcuvbz7FFL35TTLd.o5dxoLNDgWENNp0SK',NULL,'','success+uqgogogj9jbo5dwtrwghmnoatc@simulator.amazonses.com',1,'kbpnrvjkfqo','','','','system_user',0,'{}','{\"channel\":\"true\",\"desktop\":\"all\",\"desktop_sound\":\"true\",\"email\":\"true\",\"first_name\":\"false\",\"mention_keys\":\"tqcqmti8638adebyxagdegf77w,@tqcqmti8638adebyxagdegf77w\",\"push\":\"mention\"}',1513633706496,0,0,'en',0,''),('uxk6qatygty5mmxysip6t79i5w',1513633706942,1513633707024,0,'ds3scueiktyzxpu5f1d6winodh','$2a$10$QTmB2enlGGy2/awXoW9pCu1UoRtk1Yj0Eg5YpgkuxWcBvR7kjTMFa',NULL,'','success+wff3kw9xytbapggoroenp13tbo@simulator.amazonses.com',1,'dqtpsqbpismjkeehnhe','','','','system_user',0,'{}','{\"channel\":\"true\",\"desktop\":\"all\",\"desktop_sound\":\"true\",\"email\":\"true\",\"first_name\":\"false\",\"mention_keys\":\"ds3scueiktyzxpu5f1d6winodh,@ds3scueiktyzxpu5f1d6winodh\",\"push\":\"mention\"}',1513633706942,0,0,'en',0,''),('uxycdhy41fy4ubaxozoaxergar',1513633705448,1513633705532,0,'ycq8oeg5q7gn8fo7f63yb1hi8o','$2a$10$Aqu91tSve4NTt3D9Ytw6uO/iSevmzym89MiibCMY9F2p03S42HhBi',NULL,'','success+gkda8zbohty49k34q5kj3h1ore@simulator.amazonses.com',1,'aibwrez','','','','system_user',0,'{}','{\"channel\":\"true\",\"desktop\":\"all\",\"desktop_sound\":\"true\",\"email\":\"true\",\"first_name\":\"false\",\"mention_keys\":\"ycq8oeg5q7gn8fo7f63yb1hi8o,@ycq8oeg5q7gn8fo7f63yb1hi8o\",\"push\":\"mention\"}',1513633705448,0,0,'en',0,''),('wagc85qtnj8mmftzbkpdqcpwxo',1513633704035,1513633704129,0,'391ku9dnspd7xd5zmudebqjhqh','$2a$10$T/wsEbBdLrMDuGjh2iOkM.c6TueIY2w6J0dlXStIoW4/gFPBFeLn.',NULL,'','success+hsy8eg7e9tn8zgg44aer7mybbo@simulator.amazonses.com',1,'bdwnsfesaycyijhkvk','','','','system_user',0,'{}','{\"channel\":\"true\",\"desktop\":\"all\",\"desktop_sound\":\"true\",\"email\":\"true\",\"first_name\":\"false\",\"mention_keys\":\"391ku9dnspd7xd5zmudebqjhqh,@391ku9dnspd7xd5zmudebqjhqh\",\"push\":\"mention\"}',1513633704035,0,0,'en',0,''),('wgf1kcoqk7bbf841jnnmagi15h',1513633707628,1513633707711,0,'zu6h5tk15bgppbfrnz6y4wj8ah','$2a$10$7jifCWoVZ9Pk97YMw8ok2OIyccCKbgsr1q8PdMmTPmBWo77Yh6HkW',NULL,'','success+7disxxhzh7ydtpr3j3hm9ahjhe@simulator.amazonses.com',1,'wdlpjn','','','','system_user',0,'{}','{\"channel\":\"true\",\"desktop\":\"all\",\"desktop_sound\":\"true\",\"email\":\"true\",\"first_name\":\"false\",\"mention_keys\":\"zu6h5tk15bgppbfrnz6y4wj8ah,@zu6h5tk15bgppbfrnz6y4wj8ah\",\"push\":\"mention\"}',1513633707628,0,0,'en',0,''),('wjmu6z8dnjru7fdqs4npg4q6mw',1513633666626,1513633853047,0,'test','$2a$10$CY9KoiQDQCSHc2oTmA1ZyORYhZTWUlyZWpIjXR.aS02kzeB6z1U2S',NULL,'','test@test.com',0,'','','','','system_admin system_user',1,'{}','{\"channel\":\"true\",\"desktop\":\"all\",\"desktop_sound\":\"true\",\"email\":\"true\",\"first_name\":\"false\",\"mention_keys\":\"test,@test\",\"push\":\"mention\"}',1513633666626,0,0,'en',0,''),('wsu1cqh96fryzpexkfg586n53h',1513633707074,1513633707155,0,'rukxz3noatgb885szc87dx4c4h','$2a$10$.HQMdAYPA1iiE92IcGwzoORSxTCMTmvrSRMBKOgVqp1LMEXEgpu/S',NULL,'','success+6o6tmk8bs38ojp9fzpdf45xj5y@simulator.amazonses.com',1,'nbqovgwudakasplyvbxz','','','','system_user',0,'{}','{\"channel\":\"true\",\"desktop\":\"all\",\"desktop_sound\":\"true\",\"email\":\"true\",\"first_name\":\"false\",\"mention_keys\":\"rukxz3noatgb885szc87dx4c4h,@rukxz3noatgb885szc87dx4c4h\",\"push\":\"mention\"}',1513633707074,0,0,'en',0,''),('wx5ft3wcbtgiugsypwmwtz691a',1513633709476,1513633709557,0,'n74ug1cumj8o8qzk9jwte3srje','$2a$10$Lc1pRPJE7OrdOwubmelLwuWymBXop5fp5yGA9adSvUnHnzwybM7u6',NULL,'','success+z8cktwsgbjdiiyepu5h8qqaice@simulator.amazonses.com',1,'nutrhkwzmbcfpkqan','','','','system_user',0,'{}','{\"channel\":\"true\",\"desktop\":\"all\",\"desktop_sound\":\"true\",\"email\":\"true\",\"first_name\":\"false\",\"mention_keys\":\"n74ug1cumj8o8qzk9jwte3srje,@n74ug1cumj8o8qzk9jwte3srje\",\"push\":\"mention\"}',1513633709476,0,0,'en',0,''),('xcff6oze33frzfopbhm18874ar',1513633704498,1513633704588,0,'infhhtobwtb1befzrwofmz9rwr','$2a$10$Fi/CppADiFu91H1005xaLuRftFysuFJTfkwXnf9Zf8YEv5tqvf3ZC',NULL,'','success+ziew36zj6infzcqhcgu4gq1a7a@simulator.amazonses.com',1,'rvwbrlza','','','','system_user',0,'{}','{\"channel\":\"true\",\"desktop\":\"all\",\"desktop_sound\":\"true\",\"email\":\"true\",\"first_name\":\"false\",\"mention_keys\":\"infhhtobwtb1befzrwofmz9rwr,@infhhtobwtb1befzrwofmz9rwr\",\"push\":\"mention\"}',1513633704498,0,0,'en',0,''),('yk1akm3i57d4uxr7a1gwo7ug1r',1513633703375,1513633703465,0,'z8dz1stfwbroug8spqdw8pgo9w','$2a$10$c58OyYzH5p/JLD.nuACSxOTm59exf0UlTvn9m9BXk5L3O8lasP1YC',NULL,'','success+sdrkm1i3ebn93rmo8wo3gcm33o@simulator.amazonses.com',1,'aqzvsdhospsac','','','','system_user',0,'{}','{\"channel\":\"true\",\"desktop\":\"all\",\"desktop_sound\":\"true\",\"email\":\"true\",\"first_name\":\"false\",\"mention_keys\":\"z8dz1stfwbroug8spqdw8pgo9w,@z8dz1stfwbroug8spqdw8pgo9w\",\"push\":\"mention\"}',1513633703375,0,0,'en',0,''),('yu9psb8yrirndbhixeisuj9ydh',1513633709344,1513633709424,0,'cb6ns6f7stdmtmmxyobt64aqkh','$2a$10$m5J4rtM23f2ukFzwpTIAgem5lpyk.NEX6X4VEcwne0sKjO69bNzFm',NULL,'','success+us6whwuyzjrmif3hatapphdury@simulator.amazonses.com',1,'zapfmcqx','','','','system_user',0,'{}','{\"channel\":\"true\",\"desktop\":\"all\",\"desktop_sound\":\"true\",\"email\":\"true\",\"first_name\":\"false\",\"mention_keys\":\"cb6ns6f7stdmtmmxyobt64aqkh,@cb6ns6f7stdmtmmxyobt64aqkh\",\"push\":\"mention\"}',1513633709344,0,0,'en',0,''),('za7miy1fdjf5ufp9o5bc7dzywe',1513633703226,1513633703313,0,'bd9n8jeet3b7jdeg5jk8auouxo','$2a$10$dnxtB/m/F2Kz9HL.jTHgaeWvfYWCl8YIELi5cYEYATeaXE0h2RIvK',NULL,'','success+bb3pipx55bg3txhe3fo9gzdspc@simulator.amazonses.com',1,'yzjeygmpyg','','','','system_user',0,'{}','{\"channel\":\"true\",\"desktop\":\"all\",\"desktop_sound\":\"true\",\"email\":\"true\",\"first_name\":\"false\",\"mention_keys\":\"bd9n8jeet3b7jdeg5jk8auouxo,@bd9n8jeet3b7jdeg5jk8auouxo\",\"push\":\"mention\"}',1513633703226,0,0,'en',0,'');
/*!40000 ALTER TABLE `Users` ENABLE KEYS */;
UNLOCK TABLES;
/*!40103 SET TIME_ZONE=@OLD_TIME_ZONE */;

/*!40101 SET SQL_MODE=@OLD_SQL_MODE */;
/*!40014 SET FOREIGN_KEY_CHECKS=@OLD_FOREIGN_KEY_CHECKS */;
/*!40014 SET UNIQUE_CHECKS=@OLD_UNIQUE_CHECKS */;
/*!40101 SET CHARACTER_SET_CLIENT=@OLD_CHARACTER_SET_CLIENT */;
/*!40101 SET CHARACTER_SET_RESULTS=@OLD_CHARACTER_SET_RESULTS */;
/*!40101 SET COLLATION_CONNECTION=@OLD_COLLATION_CONNECTION */;
/*!40111 SET SQL_NOTES=@OLD_SQL_NOTES */;

-- Dump completed on 2017-12-18 16:55:29
